                :-) GROMACS - gmx mdrun, 2025.2-conda_forge (-:

Copyright 1991-2025 The GROMACS Authors.
GROMACS is free software; you can redistribute it and/or modify it
under the terms of the GNU Lesser General Public License
as published by the Free Software Foundation; either version 2.1
of the License, or (at your option) any later version.

                         Current GROMACS contributors:
       Mark Abraham           Andrey Alekseenko           Brian Andrews       
      Vladimir Basov              Paul Bauer                Hugh Bird         
      Eliane Briand               Ania Brown              Mahesh Doijade      
      Giacomo Fiorin          Stefan Fleischmann          Sergey Gorelov      
   Gilles Gouaillardet            Alan Gray              M. Eric Irrgang      
   Farzaneh Jalalypour         Petter Johansson          Carsten Kutzner      
    Grzegorz Łazarski         Justin A. Lemkul          Magnus Lundborg      
       Pascal Merz             Vedran Miletić            Dmitry Morozov      
     Lukas Müllender            Julien Nabet             Szilárd Páll      
 Andrea Pasquadibisceglie     Michele Pellegrino         Nicola Piasentin     
     Daniele Rapetti         Muhammad Umair Sadiq         Hubert Santuz       
      Roland Schulz             Michael Shirts           Tatiana Shugaeva     
     Alexey Shvetsov            Philip Turner            Alessandra Villa     
 Sebastian Wingbermühle  

                         Previous GROMACS contributors:
        Emile Apol             Rossen Apostolov           James Barnett       
  Herman J.C. Berendsen         Cathrine Bergh             Par Bjelkmar       
      Christian Blau          Viacheslav Bolnykh            Kevin Boyd        
    Aldert van Buuren          Carlo Camilloni           Rudi van Drunen      
      Anton Feenstra           Oliver Fleetwood            Vytas Gapsys       
       Gaurav Garg             Gerrit Groenhof            Bert de Groot       
      Anca Hamuraru           Vincent Hindriksen          Victor Holanda      
     Aleksei Iupinov              Joe Jordan            Christoph Junghans    
    Prashanth Kanduri        Dimitrios Karkoulis           Peter Kasson       
      Sebastian Kehl           Sebastian Keller             Jiri Kraus        
       Per Larsson              Viveca Lindahl            Erik Marklund       
    Pieter Meulenhoff           Teemu Murtola              Sander Pronk       
      Alfons Sijbers            Balint Soproni         David van der Spoel    
      Peter Tieleman            Carsten Uphoff             Jon Vincent        
     Teemu Virolainen         Christian Wennberg           Maarten Wolf       
      Artem Zhmurov       

                  Coordinated by the GROMACS project leaders:
                           Berk Hess and Erik Lindahl

GROMACS:      gmx mdrun, version 2025.2-conda_forge
Executable:   /Users/harish/miniconda3/envs/polymer_md/bin.ARM_NEON_ASIMD/gmx
Data prefix:  /Users/harish/miniconda3/envs/polymer_md
Working dir:  /Users/harish/Documents/Work_folder/MetaChem-workshops/polymermd-workshop/Day4-gmx-md-formats/simulations/PEO25_PET25_block/tg-npt
Process ID:   59741
Command line:
  gmx mdrun -s annealing.tpr -deffnm annealing -v

GROMACS version:     2025.2-conda_forge
Precision:           mixed
Memory model:        64 bit
MPI library:         thread_mpi
OpenMP support:      enabled (GMX_OPENMP_MAX_THREADS = 128)
GPU support:         disabled
SIMD instructions:   ARM_NEON_ASIMD
CPU FFT library:     fftw-3.3.10
GPU FFT library:     none
Multi-GPU FFT:       none
TNG support:         enabled
Hwloc support:       disabled
Tracing support:     disabled
C compiler:          /Users/runner/miniforge3/conda-bld/gromacs_1751870947258/_build_env/bin/arm64-apple-darwin20.0.0-clang Clang 18.1.8
C compiler flags:    -Wno-missing-field-initializers -O3 -DNDEBUG
C++ compiler:        /Users/runner/miniforge3/conda-bld/gromacs_1751870947258/_build_env/bin/arm64-apple-darwin20.0.0-clang++ Clang 18.1.8
C++ compiler flags:  -Wno-reserved-identifier -Wno-missing-field-initializers -Weverything -Wno-c++98-compat -Wno-c++98-compat-pedantic -Wno-source-uses-openmp -Wno-c++17-extensions -Wno-documentation-unknown-command -Wno-covered-switch-default -Wno-switch-enum -Wno-switch-default -Wno-extra-semi-stmt -Wno-weak-vtables -Wno-shadow -Wno-padded -Wno-reserved-id-macro -Wno-double-promotion -Wno-exit-time-destructors -Wno-global-constructors -Wno-documentation -Wno-format-nonliteral -Wno-used-but-marked-unused -Wno-float-equal -Wno-conditional-uninitialized -Wno-conversion -Wno-disabled-macro-expansion -Wno-unused-macros -Wno-unsafe-buffer-usage -Wno-cast-function-type-strict SHELL:-fopenmp=libomp -O3 -DNDEBUG
BLAS library:        External - detected on the system
LAPACK library:      External - detected on the system


Running on 1 node with total 0 processing units
Hardware detected on host Mac.lan:
  CPU info:
    Vendor: ARM
    Brand:  Unknown CPU brand
    Family: 0   Model: 0   Stepping: 0
    Features: neon neon_asimd
  Hardware topology: Only logical processor count
    CPU limit set by OS: -1   Recommended max number of threads: 8


++++ PLEASE READ AND CITE THE FOLLOWING REFERENCE ++++
M. J. Abraham, T. Murtola, R. Schulz, S. Páll, J. C. Smith, B. Hess, E.
Lindahl
GROMACS: High performance molecular simulations through multi-level
parallelism from laptops to supercomputers
SoftwareX (2015)
DOI: 10.1016/j.softx.2015.06.001
-------- -------- --- Thank You --- -------- --------


++++ PLEASE READ AND CITE THE FOLLOWING REFERENCE ++++
S. Páll, M. J. Abraham, C. Kutzner, B. Hess, E. Lindahl
Tackling Exascale Software Challenges in Molecular Dynamics Simulations with
GROMACS
In S. Markidis & E. Laure (Eds.), Solving Software Challenges for Exascale (2015)
DOI: 10.1007/978-3-319-15976-8_1
-------- -------- --- Thank You --- -------- --------


++++ PLEASE READ AND CITE THE FOLLOWING REFERENCE ++++
S. Pronk, S. Páll, R. Schulz, P. Larsson, P. Bjelkmar, R. Apostolov, M. R.
Shirts, J. C. Smith, P. M. Kasson, D. van der Spoel, B. Hess, E. Lindahl
GROMACS 4.5: a high-throughput and highly parallel open source molecular
simulation toolkit
Bioinformatics (2013)
DOI: 10.1093/bioinformatics/btt055
-------- -------- --- Thank You --- -------- --------


++++ PLEASE READ AND CITE THE FOLLOWING REFERENCE ++++
B. Hess, C. Kutzner, D. van der Spoel, E. Lindahl
GROMACS 4: Algorithms for highly efficient, load-balanced, and scalable
molecular simulation
J. Chem. Theory Comput. (2008)
DOI: 10.1021/ct700301q
-------- -------- --- Thank You --- -------- --------


++++ PLEASE READ AND CITE THE FOLLOWING REFERENCE ++++
D. van der Spoel, E. Lindahl, B. Hess, G. Groenhof, A. E. Mark, H. J. C.
Berendsen
GROMACS: Fast, Flexible and Free
J. Comp. Chem. (2005)
DOI: 10.1002/jcc.20291
-------- -------- --- Thank You --- -------- --------


++++ PLEASE READ AND CITE THE FOLLOWING REFERENCE ++++
E. Lindahl, B. Hess, D. van der Spoel
GROMACS 3.0: A package for molecular simulation and trajectory analysis
J. Mol. Mod. (2001)
DOI: 10.1007/s008940100045
-------- -------- --- Thank You --- -------- --------


++++ PLEASE READ AND CITE THE FOLLOWING REFERENCE ++++
H. J. C. Berendsen, D. van der Spoel and R. van Drunen
GROMACS: A message-passing parallel molecular dynamics implementation
Comp. Phys. Comm. (1995)
DOI: 10.1016/0010-4655(95)00042-E
-------- -------- --- Thank You --- -------- --------

Input Parameters:
   integrator                     = md
   tinit                          = 0
   dt                             = 0.002
   nsteps                         = 1000000
   init-step                      = 0
   simulation-part                = 1
   mts                            = false
   mass-repartition-factor        = 1
   comm-mode                      = Linear
   nstcomm                        = 100
   bd-fric                        = 0
   ld-seed                        = -41952281
   emtol                          = 10
   emstep                         = 0.01
   niter                          = 20
   fcstep                         = 0
   nstcgsteep                     = 1000
   nbfgscorr                      = 10
   rtpi                           = 0.05
   nstxout                        = 0
   nstvout                        = 0
   nstfout                        = 0
   nstlog                         = 1000
   nstcalcenergy                  = 100
   nstenergy                      = 1000
   nstxout-compressed             = 1000
   compressed-x-precision         = 1000
   cutoff-scheme                  = Verlet
   nstlist                        = 10
   pbc                            = xyz
   periodic-molecules             = false
   verlet-buffer-tolerance        = 0.005
   verlet-buffer-pressure-tolerance = 0.5
   rlist                          = 1.2
   coulombtype                    = PME
   coulomb-modifier               = Potential-shift
   rcoulomb-switch                = 0
   rcoulomb                       = 1.2
   epsilon-r                      = 1
   epsilon-rf                     = inf
   vdw-type                       = Cut-off
   vdw-modifier                   = Potential-shift
   rvdw-switch                    = 0
   rvdw                           = 1.2
   DispCorr                       = No
   table-extension                = 1
   fourierspacing                 = 0.12
   fourier-nx                     = 32
   fourier-ny                     = 32
   fourier-nz                     = 32
   pme-order                      = 4
   ewald-rtol                     = 1e-05
   ewald-rtol-lj                  = 0.001
   lj-pme-comb-rule               = Geometric
   ewald-geometry                 = 3d
   epsilon-surface                = 0
   ensemble-temperature-setting   = variable
   tcoupl                         = V-rescale
   nsttcouple                     = 10
   nh-chain-length                = 0
   print-nose-hoover-chain-variables = false
   pcoupl                         = Parrinello-Rahman
   pcoupltype                     = Isotropic
   nstpcouple                     = 50
   tau-p                          = 2
   compressibility (3x3):
      compressibility[    0]={ 4.50000e-05,  0.00000e+00,  0.00000e+00}
      compressibility[    1]={ 0.00000e+00,  4.50000e-05,  0.00000e+00}
      compressibility[    2]={ 0.00000e+00,  0.00000e+00,  4.50000e-05}
   ref-p (3x3):
      ref-p[    0]={ 1.00000e+00,  0.00000e+00,  0.00000e+00}
      ref-p[    1]={ 0.00000e+00,  1.00000e+00,  0.00000e+00}
      ref-p[    2]={ 0.00000e+00,  0.00000e+00,  1.00000e+00}
   refcoord-scaling               = No
   posres-com: not available
   posres-comB: not available
   QMMM                           = false
qm-opts:
   ngQM                           = 0
   constraint-algorithm           = Lincs
   continuation                   = false
   Shake-SOR                      = false
   shake-tol                      = 0.0001
   lincs-order                    = 4
   lincs-iter                     = 1
   lincs-warnangle                = 30
   nwall                          = 0
   wall-type                      = 9-3
   wall-r-linpot                  = -1
   wall-atomtype[0]               = -1
   wall-atomtype[1]               = -1
   wall-density[0]                = 0
   wall-density[1]                = 0
   wall-ewald-zfac                = 3
   pull                           = false
   awh                            = false
   rotation                       = false
   interactiveMD                  = false
   disre                          = No
   disre-weighting                = Conservative
   disre-mixed                    = false
   dr-fc                          = 1000
   dr-tau                         = 0
   nstdisreout                    = 100
   orire-fc                       = 0
   orire-tau                      = 0
   nstorireout                    = 100
   free-energy                    = no
   cos-acceleration               = 0
   deform (3x3):
      deform[    0]={ 0.00000e+00,  0.00000e+00,  0.00000e+00}
      deform[    1]={ 0.00000e+00,  0.00000e+00,  0.00000e+00}
      deform[    2]={ 0.00000e+00,  0.00000e+00,  0.00000e+00}
   simulated-tempering            = false
   swapcoords                     = no
   userint1                       = 0
   userint2                       = 0
   userint3                       = 0
   userint4                       = 0
   userreal1                      = 0
   userreal2                      = 0
   userreal3                      = 0
   userreal4                      = 0
   applied-forces:
     electric-field:
       x:
         E0                       = 0
         omega                    = 0
         t0                       = 0
         sigma                    = 0
       y:
         E0                       = 0
         omega                    = 0
         t0                       = 0
         sigma                    = 0
       z:
         E0                       = 0
         omega                    = 0
         t0                       = 0
         sigma                    = 0
     density-guided-simulation:
       active                     = false
       group                      = protein
       similarity-measure         = inner-product
       atom-spreading-weight      = unity
       force-constant             = 1e+09
       gaussian-transform-spreading-width = 0.2
       gaussian-transform-spreading-range-in-multiples-of-width = 4
       reference-density-filename = reference.mrc
       nst                        = 1
       normalize-densities        = true
       adaptive-force-scaling     = false
       adaptive-force-scaling-time-constant = 4
       shift-vector               = 
       transformation-matrix      = 
     qmmm-cp2k:
       active                     = false
       qmgroup                    = System
       qmmethod                   = PBE
       qmfilenames                = 
       qmcharge                   = 0
       qmmultiplicity             = 1
     colvars:
       active                     = false
       configfile                 = 
       seed                       = -1
     nnpot:
       active                     = false
       modelfile                  = model.pt
       input-group                = System
       model-input1               = 
       model-input2               = 
       model-input3               = 
       model-input4               = 
grpopts:
   nrdf:        7634
   ref-t:         400
   tau-t:         0.1
annealing:      Single
annealing-npoints:           9
annealing-time [0]:	         0.0       250.0       500.0       750.0      1000.0      1250.0      1500.0      1750.0      2000.0
annealing-temp [0]:	       400.0       380.0       340.0       320.0       300.0       280.0       260.0       250.0       240.0
   acc:	           0           0           0
   nfreeze:           N           N           N
   energygrp-flags[  0]: 0

Changing nstlist from 10 to 80, rlist from 1.2 to 1.336

Update groups can not be used for this system because there are three or more consecutively coupled constraints

Initializing Domain Decomposition on 1 ranks
Dynamic load balancing: auto
Minimum cell size due to atom displacement: 0.692 nm
Initial maximum distances in bonded interactions:
    two-body bonded interactions: 0.409 nm, LJ-14, atoms 503 512
  multi-body bonded interactions: 0.409 nm, Proper Dih., atoms 503 512
Minimum cell size due to bonded interactions: 0.449 nm
Maximum distance for 5 constraints, at 120 deg. angles, all-trans: 0.219 nm
Estimated maximum distance required for P-LINCS: 0.219 nm
Using 0 separate PME ranks because: there are too few total ranks for efficient splitting
Optimizing the DD grid for 1 cells with a minimum initial size of 0.692 nm
The maximum allowed number of cells is: X 4 Y 4 Z 4
Domain decomposition grid 1 x 1 x 1, separate PME ranks 0
PME domain decomposition: 1 x 1 x 1

The initial number of communication pulses is:
The initial domain decomposition cell size is:

The maximum allowed distance for atoms involved in interactions is:
                 non-bonded interactions           1.336 nm
(the following are initial values, they could change due to box deformation)
            two-body bonded interactions  (-rdd)   1.336 nm
          multi-body bonded interactions  (-rdd)   1.336 nm
  atoms separated by up to 5 constraints  (-rcon)  3.387 nm

When dynamic load balancing gets turned on, these settings will change to:
The maximum number of communication pulses is:
The minimum size for domain decomposition cells is 1.336 nm
The requested allowed shrink of DD cells (option -dds) is: 0.80
The allowed shrink of domain decomposition cells is:
The maximum allowed distance for atoms involved in interactions is:
                 non-bonded interactions           1.336 nm
            two-body bonded interactions  (-rdd)   1.336 nm
          multi-body bonded interactions  (-rdd)   1.336 nm
  atoms separated by up to 5 constraints  (-rcon)  1.336 nm

Local state does not use filler particles

Using 1 MPI thread
Using 8 OpenMP threads 

System total charge: 0.000
Will do PME sum in reciprocal space for electrostatic interactions.

++++ PLEASE READ AND CITE THE FOLLOWING REFERENCE ++++
U. Essmann, L. Perera, M. L. Berkowitz, T. Darden, H. Lee, L. G. Pedersen 
A smooth particle mesh Ewald method
J. Chem. Phys. (1995)
DOI: 10.1063/1.470117
-------- -------- --- Thank You --- -------- --------

Using a Gaussian width (1/beta) of 0.384195 nm for Ewald
Potential shift: LJ r^-12: -1.122e-01 r^-6: -3.349e-01, Ewald -8.333e-06
Initialized non-bonded Coulomb Ewald tables, spacing: 1.02e-03 size: 1176

Generated table with 1168 data points for 1-4 COUL.
Tabscale = 500 points/nm
Generated table with 1168 data points for 1-4 LJ6.
Tabscale = 500 points/nm
Generated table with 1168 data points for 1-4 LJ12.
Tabscale = 500 points/nm


Using SIMD4xM 4x4 nonbonded short-range kernels

Using a dual 4x4 pair-list setup updated with dynamic pruning:
  outer list: updated every 80 steps, buffer 0.136 nm, rlist 1.336 nm
  inner list: updated every  9 steps, buffer 0.001 nm, rlist 1.201 nm
At tolerance 0.005 kJ/mol/ps per atom, equivalent classical 1x1 list would be:
  outer list: updated every 80 steps, buffer 0.261 nm, rlist 1.461 nm
  inner list: updated every  9 steps, buffer 0.030 nm, rlist 1.230 nm

The average pressure is off by at most 0.47 bar due to missing LJ interactions

Using Lorentz-Berthelot Lennard-Jones combination rule
Removing pbc first time

Linking all bonded interactions to atoms


Initializing Parallel LINear Constraint Solver

++++ PLEASE READ AND CITE THE FOLLOWING REFERENCE ++++
B. Hess
P-LINCS: A Parallel Linear Constraint Solver for molecular simulation
J. Chem. Theory Comput. (2008)
DOI: 10.1021/ct700200b
-------- -------- --- Thank You --- -------- --------

The number of constraints is 400
There are constraints between atoms in different decomposition domains,
will communicate selected coordinates each lincs iteration

++++ PLEASE READ AND CITE THE FOLLOWING REFERENCE ++++
S. Miyamoto, P. A. Kollman
SETTLE: An Analytical Version of the SHAKE and RATTLE Algorithms for Rigid
Water Models
J. Comp. Chem. (1992)
DOI: 10.1002/jcc.540130805
-------- -------- --- Thank You --- -------- --------


++++ PLEASE READ AND CITE THE FOLLOWING REFERENCE ++++
G. Bussi, D. Donadio, M. Parrinello
Canonical sampling through velocity rescaling
J. Chem. Phys. (2007)
DOI: 10.1063/1.2408420
-------- -------- --- Thank You --- -------- --------

There are: 3483 Atoms

Atom distribution over 1 domains: av 3483 stddev 0 min 3483 max 3483

Constraining the starting coordinates (step 0)

Constraining the coordinates at t0-dt (step 0)
Center of mass motion removal mode is Linear
We have the following groups for center of mass motion removal:
  0:  rest
RMS relative constraint deviation after constraining: 2.44e-06
Initial temperature: 299.528 K

Started mdrun on rank 0 Tue Dec 16 12:10:48 2025

           Step           Time
              0        0.00000

Current ref_t for group System:    400.0

   Energies (kJ/mol)
           Bond          Angle    Proper Dih. Per. Imp. Dih.          LJ-14
    7.17739e+02    1.50297e+03    2.15736e+03    5.96917e+01    8.67528e+02
     Coulomb-14        LJ (SR)   Coulomb (SR)   Coul. recip.      Potential
    6.62085e+03    7.95050e+03   -1.24226e+05    2.23081e+02   -1.04127e+05
    Kinetic En.   Total Energy  Conserved En.    Temperature Pressure (bar)
    9.53910e+03   -9.45875e+04   -9.45851e+04    3.00574e+02   -4.83834e+02
   Constr. rmsd
    2.32824e-06

           Step           Time
           1000        2.00000

Current ref_t for group System:    399.8

   Energies (kJ/mol)
           Bond          Angle    Proper Dih. Per. Imp. Dih.          LJ-14
    1.03284e+03    2.07886e+03    2.45261e+03    1.11292e+02    9.91667e+02
     Coulomb-14        LJ (SR)   Coulomb (SR)   Coul. recip.      Potential
    6.59037e+03    7.52823e+03   -1.19273e+05    3.18362e+02   -9.81686e+04
    Kinetic En.   Total Energy  Conserved En.    Temperature Pressure (bar)
    1.30066e+04   -8.51620e+04   -9.43161e+04    4.09832e+02    1.37553e+03
   Constr. rmsd
    4.76409e-06

           Step           Time
           2000        4.00000

Current ref_t for group System:    399.7

   Energies (kJ/mol)
           Bond          Angle    Proper Dih. Per. Imp. Dih.          LJ-14
    9.42490e+02    1.93120e+03    2.38583e+03    1.09045e+02    9.30793e+02
     Coulomb-14        LJ (SR)   Coulomb (SR)   Coul. recip.      Potential
    6.62620e+03    7.56221e+03   -1.19398e+05    3.01368e+02   -9.86090e+04
    Kinetic En.   Total Energy  Conserved En.    Temperature Pressure (bar)
    1.26044e+04   -8.60046e+04   -9.43478e+04    3.97161e+02    5.01657e+02
   Constr. rmsd
    4.69769e-06

           Step           Time
           3000        6.00000

Current ref_t for group System:    399.5

   Energies (kJ/mol)
           Bond          Angle    Proper Dih. Per. Imp. Dih.          LJ-14
    9.59451e+02    2.09299e+03    2.55599e+03    7.98406e+01    8.82564e+02
     Coulomb-14        LJ (SR)   Coulomb (SR)   Coul. recip.      Potential
    6.59857e+03    7.06335e+03   -1.18521e+05    2.99520e+02   -9.79887e+04
    Kinetic En.   Total Energy  Conserved En.    Temperature Pressure (bar)
    1.26386e+04   -8.53502e+04   -9.43027e+04    3.98237e+02   -6.36450e+02
   Constr. rmsd
    5.57650e-06

           Step           Time
           4000        8.00000

Current ref_t for group System:    399.4

   Energies (kJ/mol)
           Bond          Angle    Proper Dih. Per. Imp. Dih.          LJ-14
    9.23354e+02    1.98267e+03    2.40702e+03    9.81694e+01    9.33446e+02
     Coulomb-14        LJ (SR)   Coulomb (SR)   Coul. recip.      Potential
    6.62117e+03    7.27863e+03   -1.18318e+05    3.53141e+02   -9.77200e+04
    Kinetic En.   Total Energy  Conserved En.    Temperature Pressure (bar)
    1.25879e+04   -8.51320e+04   -9.40861e+04    3.96642e+02    4.93294e+02
   Constr. rmsd
    3.94103e-06

           Step           Time
           5000       10.00000

Current ref_t for group System:    399.2

   Energies (kJ/mol)
           Bond          Angle    Proper Dih. Per. Imp. Dih.          LJ-14
    8.68007e+02    1.93019e+03    2.42831e+03    7.88067e+01    9.43866e+02
     Coulomb-14        LJ (SR)   Coulomb (SR)   Coul. recip.      Potential
    6.64198e+03    7.12058e+03   -1.18913e+05    3.21803e+02   -9.85798e+04
    Kinetic En.   Total Energy  Conserved En.    Temperature Pressure (bar)
    1.24345e+04   -8.61453e+04   -9.40501e+04    3.91806e+02    4.62586e+02
   Constr. rmsd
    4.37409e-06

           Step           Time
           6000       12.00000

Current ref_t for group System:    399.0

   Energies (kJ/mol)
           Bond          Angle    Proper Dih. Per. Imp. Dih.          LJ-14
    1.05532e+03    1.95496e+03    2.37385e+03    8.13330e+01    8.98160e+02
     Coulomb-14        LJ (SR)   Coulomb (SR)   Coul. recip.      Potential
    6.55255e+03    7.30373e+03   -1.18982e+05    3.26237e+02   -9.84357e+04
    Kinetic En.   Total Energy  Conserved En.    Temperature Pressure (bar)
    1.25291e+04   -8.59065e+04   -9.39935e+04    3.94788e+02   -4.92471e+02
   Constr. rmsd
    4.47573e-06

           Step           Time
           7000       14.00000

Current ref_t for group System:    398.9

   Energies (kJ/mol)
           Bond          Angle    Proper Dih. Per. Imp. Dih.          LJ-14
    9.24942e+02    1.91956e+03    2.43429e+03    8.71075e+01    9.16662e+02
     Coulomb-14        LJ (SR)   Coulomb (SR)   Coul. recip.      Potential
    6.57034e+03    7.15065e+03   -1.18677e+05    3.03826e+02   -9.83697e+04
    Kinetic En.   Total Energy  Conserved En.    Temperature Pressure (bar)
    1.28354e+04   -8.55342e+04   -9.39730e+04    4.04440e+02   -2.14599e+02
   Constr. rmsd
    3.01440e-06

           Step           Time
           8000       16.00000

Current ref_t for group System:    398.7

   Energies (kJ/mol)
           Bond          Angle    Proper Dih. Per. Imp. Dih.          LJ-14
    9.82312e+02    1.92665e+03    2.41924e+03    8.22691e+01    9.33374e+02
     Coulomb-14        LJ (SR)   Coulomb (SR)   Coul. recip.      Potential
    6.54402e+03    7.47629e+03   -1.19165e+05    3.06696e+02   -9.84945e+04
    Kinetic En.   Total Energy  Conserved En.    Temperature Pressure (bar)
    1.24569e+04   -8.60376e+04   -9.39239e+04    3.92513e+02    5.52265e+02
   Constr. rmsd
    3.79938e-06

           Step           Time
           9000       18.00000

Current ref_t for group System:    398.6

   Energies (kJ/mol)
           Bond          Angle    Proper Dih. Per. Imp. Dih.          LJ-14
    8.74333e+02    2.02140e+03    2.45287e+03    8.10478e+01    9.76214e+02
     Coulomb-14        LJ (SR)   Coulomb (SR)   Coul. recip.      Potential
    6.60726e+03    6.65988e+03   -1.17796e+05    2.96711e+02   -9.78259e+04
    Kinetic En.   Total Energy  Conserved En.    Temperature Pressure (bar)
    1.23556e+04   -8.54703e+04   -9.38102e+04    3.89321e+02    4.05441e+02
   Constr. rmsd
    4.53507e-06

           Step           Time
          10000       20.00000

Current ref_t for group System:    398.4

   Energies (kJ/mol)
           Bond          Angle    Proper Dih. Per. Imp. Dih.          LJ-14
    9.70216e+02    1.81458e+03    2.39346e+03    8.21684e+01    9.19981e+02
     Coulomb-14        LJ (SR)   Coulomb (SR)   Coul. recip.      Potential
    6.58738e+03    6.99288e+03   -1.18495e+05    3.12722e+02   -9.84215e+04
    Kinetic En.   Total Energy  Conserved En.    Temperature Pressure (bar)
    1.26258e+04   -8.57956e+04   -9.37321e+04    3.97836e+02    1.69830e+02
   Constr. rmsd
    3.82394e-06

           Step           Time
          11000       22.00000

Current ref_t for group System:    398.2

   Energies (kJ/mol)
           Bond          Angle    Proper Dih. Per. Imp. Dih.          LJ-14
    1.04012e+03    1.82942e+03    2.44730e+03    9.84918e+01    9.22907e+02
     Coulomb-14        LJ (SR)   Coulomb (SR)   Coul. recip.      Potential
    6.54176e+03    6.73699e+03   -1.18414e+05    3.03365e+02   -9.84936e+04
    Kinetic En.   Total Energy  Conserved En.    Temperature Pressure (bar)
    1.28906e+04   -8.56030e+04   -9.35692e+04    4.06178e+02   -6.92597e+02
   Constr. rmsd
    3.49388e-06

           Step           Time
          12000       24.00000

Current ref_t for group System:    398.1

   Energies (kJ/mol)
           Bond          Angle    Proper Dih. Per. Imp. Dih.          LJ-14
    9.59148e+02    1.92574e+03    2.41150e+03    1.04647e+02    8.91212e+02
     Coulomb-14        LJ (SR)   Coulomb (SR)   Coul. recip.      Potential
    6.58325e+03    7.26955e+03   -1.19193e+05    3.14511e+02   -9.87335e+04
    Kinetic En.   Total Energy  Conserved En.    Temperature Pressure (bar)
    1.28451e+04   -8.58884e+04   -9.34808e+04    4.04743e+02   -1.97740e+01
   Constr. rmsd
    4.18238e-06

           Step           Time
          13000       26.00000

Current ref_t for group System:    397.9

   Energies (kJ/mol)
           Bond          Angle    Proper Dih. Per. Imp. Dih.          LJ-14
    9.04423e+02    1.94299e+03    2.40613e+03    1.03045e+02    9.23058e+02
     Coulomb-14        LJ (SR)   Coulomb (SR)   Coul. recip.      Potential
    6.53059e+03    7.16810e+03   -1.18569e+05    2.74456e+02   -9.83161e+04
    Kinetic En.   Total Energy  Conserved En.    Temperature Pressure (bar)
    1.28813e+04   -8.54348e+04   -9.34183e+04    4.05884e+02    4.36759e+02
   Constr. rmsd
    4.63511e-06

           Step           Time
          14000       28.00000

Current ref_t for group System:    397.8

   Energies (kJ/mol)
           Bond          Angle    Proper Dih. Per. Imp. Dih.          LJ-14
    9.47429e+02    1.93240e+03    2.36579e+03    8.67957e+01    9.51033e+02
     Coulomb-14        LJ (SR)   Coulomb (SR)   Coul. recip.      Potential
    6.61635e+03    7.05032e+03   -1.18576e+05    2.74703e+02   -9.83515e+04
    Kinetic En.   Total Energy  Conserved En.    Temperature Pressure (bar)
    1.27056e+04   -8.56460e+04   -9.33373e+04    4.00348e+02    6.30200e+02
   Constr. rmsd
    4.69094e-06

           Step           Time
          15000       30.00000

Current ref_t for group System:    397.6

   Energies (kJ/mol)
           Bond          Angle    Proper Dih. Per. Imp. Dih.          LJ-14
    9.09996e+02    1.87087e+03    2.42318e+03    8.21335e+01    9.52174e+02
     Coulomb-14        LJ (SR)   Coulomb (SR)   Coul. recip.      Potential
    6.56791e+03    6.61669e+03   -1.17771e+05    3.12005e+02   -9.80361e+04
    Kinetic En.   Total Energy  Conserved En.    Temperature Pressure (bar)
    1.28073e+04   -8.52288e+04   -9.33434e+04    4.03555e+02   -5.77050e+02
   Constr. rmsd
    4.01821e-06

           Step           Time
          16000       32.00000

Current ref_t for group System:    397.4

   Energies (kJ/mol)
           Bond          Angle    Proper Dih. Per. Imp. Dih.          LJ-14
    8.99392e+02    1.87698e+03    2.46034e+03    1.00419e+02    9.33610e+02
     Coulomb-14        LJ (SR)   Coulomb (SR)   Coul. recip.      Potential
    6.57650e+03    7.18489e+03   -1.18215e+05    3.06092e+02   -9.78770e+04
    Kinetic En.   Total Energy  Conserved En.    Temperature Pressure (bar)
    1.31286e+04   -8.47484e+04   -9.33481e+04    4.13677e+02   -1.24019e+02
   Constr. rmsd
    3.13164e-06

           Step           Time
          17000       34.00000

Current ref_t for group System:    397.3

   Energies (kJ/mol)
           Bond          Angle    Proper Dih. Per. Imp. Dih.          LJ-14
    8.21668e+02    2.05476e+03    2.38618e+03    7.29917e+01    9.16838e+02
     Coulomb-14        LJ (SR)   Coulomb (SR)   Coul. recip.      Potential
    6.56042e+03    7.03962e+03   -1.18069e+05    2.97233e+02   -9.79195e+04
    Kinetic En.   Total Energy  Conserved En.    Temperature Pressure (bar)
    1.26356e+04   -8.52839e+04   -9.33228e+04    3.98142e+02   -8.62095e+00
   Constr. rmsd
    3.41064e-06

           Step           Time
          18000       36.00000

Current ref_t for group System:    397.1

   Energies (kJ/mol)
           Bond          Angle    Proper Dih. Per. Imp. Dih.          LJ-14
    8.83873e+02    1.78244e+03    2.41776e+03    8.49692e+01    8.89864e+02
     Coulomb-14        LJ (SR)   Coulomb (SR)   Coul. recip.      Potential
    6.58178e+03    7.01963e+03   -1.18923e+05    2.77947e+02   -9.89844e+04
    Kinetic En.   Total Energy  Conserved En.    Temperature Pressure (bar)
    1.28300e+04   -8.61543e+04   -9.31044e+04    4.04269e+02   -1.59018e+02
   Constr. rmsd
    3.40065e-06

           Step           Time
          19000       38.00000

Current ref_t for group System:    397.0

   Energies (kJ/mol)
           Bond          Angle    Proper Dih. Per. Imp. Dih.          LJ-14
    9.70824e+02    1.87262e+03    2.48117e+03    1.08342e+02    9.51753e+02
     Coulomb-14        LJ (SR)   Coulomb (SR)   Coul. recip.      Potential
    6.59350e+03    6.91066e+03   -1.18433e+05    3.13357e+02   -9.82309e+04
    Kinetic En.   Total Energy  Conserved En.    Temperature Pressure (bar)
    1.27522e+04   -8.54787e+04   -9.30014e+04    4.01818e+02   -2.39153e+02
   Constr. rmsd
    3.30717e-06

           Step           Time
          20000       40.00000

Current ref_t for group System:    396.8

   Energies (kJ/mol)
           Bond          Angle    Proper Dih. Per. Imp. Dih.          LJ-14
    8.91430e+02    1.89128e+03    2.45855e+03    7.26122e+01    9.58536e+02
     Coulomb-14        LJ (SR)   Coulomb (SR)   Coul. recip.      Potential
    6.54192e+03    7.42984e+03   -1.19034e+05    3.10981e+02   -9.84793e+04
    Kinetic En.   Total Energy  Conserved En.    Temperature Pressure (bar)
    1.23894e+04   -8.60899e+04   -9.29764e+04    3.90385e+02    8.56395e+02
   Constr. rmsd
    3.65149e-06

           Step           Time
          21000       42.00000

Current ref_t for group System:    396.6

   Energies (kJ/mol)
           Bond          Angle    Proper Dih. Per. Imp. Dih.          LJ-14
    7.95016e+02    1.92895e+03    2.43351e+03    1.00720e+02    9.49165e+02
     Coulomb-14        LJ (SR)   Coulomb (SR)   Coul. recip.      Potential
    6.52681e+03    7.59971e+03   -1.19438e+05    3.03306e+02   -9.88006e+04
    Kinetic En.   Total Energy  Conserved En.    Temperature Pressure (bar)
    1.26894e+04   -8.61112e+04   -9.29540e+04    3.99838e+02    9.54741e+02
   Constr. rmsd
    3.56248e-06

           Step           Time
          22000       44.00000

Current ref_t for group System:    396.5

   Energies (kJ/mol)
           Bond          Angle    Proper Dih. Per. Imp. Dih.          LJ-14
    8.90039e+02    1.71621e+03    2.41660e+03    7.13029e+01    9.07404e+02
     Coulomb-14        LJ (SR)   Coulomb (SR)   Coul. recip.      Potential
    6.61226e+03    6.99117e+03   -1.18596e+05    2.95883e+02   -9.86951e+04
    Kinetic En.   Total Energy  Conserved En.    Temperature Pressure (bar)
    1.26842e+04   -8.60110e+04   -9.29370e+04    3.99673e+02   -5.53507e+02
   Constr. rmsd
    3.90697e-06

           Step           Time
          23000       46.00000

Current ref_t for group System:    396.3

   Energies (kJ/mol)
           Bond          Angle    Proper Dih. Per. Imp. Dih.          LJ-14
    9.16535e+02    2.04233e+03    2.43713e+03    8.27130e+01    9.42040e+02
     Coulomb-14        LJ (SR)   Coulomb (SR)   Coul. recip.      Potential
    6.60572e+03    6.57739e+03   -1.17419e+05    3.10665e+02   -9.75046e+04
    Kinetic En.   Total Energy  Conserved En.    Temperature Pressure (bar)
    1.29360e+04   -8.45687e+04   -9.27382e+04    4.07609e+02    8.91572e+01
   Constr. rmsd
    3.74014e-06

           Step           Time
          24000       48.00000

Current ref_t for group System:    396.2

   Energies (kJ/mol)
           Bond          Angle    Proper Dih. Per. Imp. Dih.          LJ-14
    8.76739e+02    1.96888e+03    2.57676e+03    7.95867e+01    9.11376e+02
     Coulomb-14        LJ (SR)   Coulomb (SR)   Coul. recip.      Potential
    6.62875e+03    6.95446e+03   -1.17678e+05    3.27561e+02   -9.73537e+04
    Kinetic En.   Total Energy  Conserved En.    Temperature Pressure (bar)
    1.23326e+04   -8.50211e+04   -9.24434e+04    3.88597e+02   -4.21406e+02
   Constr. rmsd
    3.41904e-06

           Step           Time
          25000       50.00000

Current ref_t for group System:    396.0

   Energies (kJ/mol)
           Bond          Angle    Proper Dih. Per. Imp. Dih.          LJ-14
    8.61820e+02    1.88341e+03    2.45738e+03    8.46369e+01    9.37451e+02
     Coulomb-14        LJ (SR)   Coulomb (SR)   Coul. recip.      Potential
    6.64546e+03    6.88118e+03   -1.18730e+05    2.79092e+02   -9.86997e+04
    Kinetic En.   Total Energy  Conserved En.    Temperature Pressure (bar)
    1.19993e+04   -8.67004e+04   -9.20455e+04    3.78092e+02   -8.75700e+01
   Constr. rmsd
    2.89558e-06

           Step           Time
          26000       52.00000

Current ref_t for group System:    395.8

   Energies (kJ/mol)
           Bond          Angle    Proper Dih. Per. Imp. Dih.          LJ-14
    9.23701e+02    1.96582e+03    2.39825e+03    7.94478e+01    9.29299e+02
     Coulomb-14        LJ (SR)   Coulomb (SR)   Coul. recip.      Potential
    6.59261e+03    7.02421e+03   -1.18648e+05    3.17679e+02   -9.84170e+04
    Kinetic En.   Total Energy  Conserved En.    Temperature Pressure (bar)
    1.28552e+04   -8.55618e+04   -9.19051e+04    4.05061e+02   -3.22864e+02
   Constr. rmsd
    4.26498e-06

           Step           Time
          27000       54.00000

Current ref_t for group System:    395.7

   Energies (kJ/mol)
           Bond          Angle    Proper Dih. Per. Imp. Dih.          LJ-14
    8.24722e+02    1.84276e+03    2.51726e+03    7.00441e+01    9.33337e+02
     Coulomb-14        LJ (SR)   Coulomb (SR)   Coul. recip.      Potential
    6.59807e+03    7.12436e+03   -1.18982e+05    2.78490e+02   -9.87927e+04
    Kinetic En.   Total Energy  Conserved En.    Temperature Pressure (bar)
    1.28159e+04   -8.59767e+04   -9.18005e+04    4.03826e+02   -5.33620e+01
   Constr. rmsd
    3.18989e-06

           Step           Time
          28000       56.00000

Current ref_t for group System:    395.5

   Energies (kJ/mol)
           Bond          Angle    Proper Dih. Per. Imp. Dih.          LJ-14
    9.72717e+02    1.99714e+03    2.46422e+03    7.65838e+01    9.29357e+02
     Coulomb-14        LJ (SR)   Coulomb (SR)   Coul. recip.      Potential
    6.55808e+03    6.79636e+03   -1.17464e+05    2.90112e+02   -9.73791e+04
    Kinetic En.   Total Energy  Conserved En.    Temperature Pressure (bar)
    1.25674e+04   -8.48117e+04   -9.17225e+04    3.95993e+02   -7.62646e+02
   Constr. rmsd
    3.13670e-06

           Step           Time
          29000       58.00000

Current ref_t for group System:    395.4

   Energies (kJ/mol)
           Bond          Angle    Proper Dih. Per. Imp. Dih.          LJ-14
    8.90616e+02    1.80283e+03    2.57265e+03    7.51710e+01    9.36416e+02
     Coulomb-14        LJ (SR)   Coulomb (SR)   Coul. recip.      Potential
    6.55368e+03    6.94916e+03   -1.18319e+05    3.38587e+02   -9.82003e+04
    Kinetic En.   Total Energy  Conserved En.    Temperature Pressure (bar)
    1.22901e+04   -8.59102e+04   -9.16295e+04    3.87257e+02   -2.50042e+02
   Constr. rmsd
    4.46027e-06

           Step           Time
          30000       60.00000

Current ref_t for group System:    395.2

   Energies (kJ/mol)
           Bond          Angle    Proper Dih. Per. Imp. Dih.          LJ-14
    8.58437e+02    1.86614e+03    2.37801e+03    7.76052e+01    9.68548e+02
     Coulomb-14        LJ (SR)   Coulomb (SR)   Coul. recip.      Potential
    6.58995e+03    7.63969e+03   -1.19261e+05    3.33023e+02   -9.85493e+04
    Kinetic En.   Total Energy  Conserved En.    Temperature Pressure (bar)
    1.23036e+04   -8.62457e+04   -9.16055e+04    3.87682e+02    1.39894e+03
   Constr. rmsd
    3.72489e-06

           Step           Time
          31000       62.00000

Current ref_t for group System:    395.0

   Energies (kJ/mol)
           Bond          Angle    Proper Dih. Per. Imp. Dih.          LJ-14
    8.52475e+02    1.89819e+03    2.37085e+03    6.82769e+01    9.03514e+02
     Coulomb-14        LJ (SR)   Coulomb (SR)   Coul. recip.      Potential
    6.59695e+03    6.90212e+03   -1.18915e+05    3.01031e+02   -9.90213e+04
    Kinetic En.   Total Energy  Conserved En.    Temperature Pressure (bar)
    1.23869e+04   -8.66344e+04   -9.15122e+04    3.90306e+02   -7.33432e+02
   Constr. rmsd
    3.03971e-06

           Step           Time
          32000       64.00000

Current ref_t for group System:    394.9

   Energies (kJ/mol)
           Bond          Angle    Proper Dih. Per. Imp. Dih.          LJ-14
    7.97675e+02    1.77828e+03    2.52218e+03    9.90464e+01    9.49753e+02
     Coulomb-14        LJ (SR)   Coulomb (SR)   Coul. recip.      Potential
    6.57533e+03    7.46692e+03   -1.19125e+05    3.07298e+02   -9.86286e+04
    Kinetic En.   Total Energy  Conserved En.    Temperature Pressure (bar)
    1.25460e+04   -8.60826e+04   -9.14433e+04    3.95320e+02    1.41828e+03
   Constr. rmsd
    3.18106e-06

           Step           Time
          33000       66.00000

Current ref_t for group System:    394.7

   Energies (kJ/mol)
           Bond          Angle    Proper Dih. Per. Imp. Dih.          LJ-14
    8.14383e+02    1.81631e+03    2.54619e+03    8.90274e+01    9.45222e+02
     Coulomb-14        LJ (SR)   Coulomb (SR)   Coul. recip.      Potential
    6.56404e+03    7.07601e+03   -1.18169e+05    3.17755e+02   -9.80002e+04
    Kinetic En.   Total Energy  Conserved En.    Temperature Pressure (bar)
    1.26447e+04   -8.53555e+04   -9.12858e+04    3.98430e+02   -2.00520e+01
   Constr. rmsd
    5.09847e-06

           Step           Time
          34000       68.00000

Current ref_t for group System:    394.6

   Energies (kJ/mol)
           Bond          Angle    Proper Dih. Per. Imp. Dih.          LJ-14
    7.79697e+02    1.94042e+03    2.48108e+03    9.04199e+01    9.60919e+02
     Coulomb-14        LJ (SR)   Coulomb (SR)   Coul. recip.      Potential
    6.54719e+03    7.17740e+03   -1.18762e+05    2.65220e+02   -9.85202e+04
    Kinetic En.   Total Energy  Conserved En.    Temperature Pressure (bar)
    1.25345e+04   -8.59857e+04   -9.11459e+04    3.94957e+02    2.99308e+02
   Constr. rmsd
    5.05787e-06

           Step           Time
          35000       70.00000

Current ref_t for group System:    394.4

   Energies (kJ/mol)
           Bond          Angle    Proper Dih. Per. Imp. Dih.          LJ-14
    8.73997e+02    1.80510e+03    2.50063e+03    8.41350e+01    9.45144e+02
     Coulomb-14        LJ (SR)   Coulomb (SR)   Coul. recip.      Potential
    6.58439e+03    7.25689e+03   -1.19052e+05    2.86293e+02   -9.87156e+04
    Kinetic En.   Total Energy  Conserved En.    Temperature Pressure (bar)
    1.29202e+04   -8.57955e+04   -9.10672e+04    4.07110e+02    4.92154e+02
   Constr. rmsd
    3.12745e-06

           Step           Time
          36000       72.00000

Current ref_t for group System:    394.2

   Energies (kJ/mol)
           Bond          Angle    Proper Dih. Per. Imp. Dih.          LJ-14
    8.05035e+02    1.95299e+03    2.44407e+03    7.72197e+01    9.62671e+02
     Coulomb-14        LJ (SR)   Coulomb (SR)   Coul. recip.      Potential
    6.58207e+03    6.87791e+03   -1.18048e+05    2.88710e+02   -9.80574e+04
    Kinetic En.   Total Energy  Conserved En.    Temperature Pressure (bar)
    1.28756e+04   -8.51818e+04   -9.09411e+04    4.05706e+02    4.63346e+02
   Constr. rmsd
    3.14524e-06

           Step           Time
          37000       74.00000

Current ref_t for group System:    394.1

   Energies (kJ/mol)
           Bond          Angle    Proper Dih. Per. Imp. Dih.          LJ-14
    8.60907e+02    1.72230e+03    2.42895e+03    7.62199e+01    9.53913e+02
     Coulomb-14        LJ (SR)   Coulomb (SR)   Coul. recip.      Potential
    6.52840e+03    6.91229e+03   -1.18100e+05    3.23531e+02   -9.82933e+04
    Kinetic En.   Total Energy  Conserved En.    Temperature Pressure (bar)
    1.23822e+04   -8.59111e+04   -9.07761e+04    3.90159e+02   -1.46357e+02
   Constr. rmsd
    3.08637e-06

           Step           Time
          38000       76.00000

Current ref_t for group System:    393.9

   Energies (kJ/mol)
           Bond          Angle    Proper Dih. Per. Imp. Dih.          LJ-14
    7.73469e+02    1.89273e+03    2.39077e+03    6.59823e+01    9.63362e+02
     Coulomb-14        LJ (SR)   Coulomb (SR)   Coul. recip.      Potential
    6.59468e+03    6.83048e+03   -1.18559e+05    2.81537e+02   -9.87660e+04
    Kinetic En.   Total Energy  Conserved En.    Temperature Pressure (bar)
    1.24324e+04   -8.63336e+04   -9.06192e+04    3.91741e+02    1.08013e+03
   Constr. rmsd
    2.78816e-06

           Step           Time
          39000       78.00000

Current ref_t for group System:    393.8

   Energies (kJ/mol)
           Bond          Angle    Proper Dih. Per. Imp. Dih.          LJ-14
    8.37144e+02    1.90825e+03    2.37751e+03    9.03555e+01    9.36215e+02
     Coulomb-14        LJ (SR)   Coulomb (SR)   Coul. recip.      Potential
    6.53499e+03    7.31751e+03   -1.18171e+05    2.76446e+02   -9.78922e+04
    Kinetic En.   Total Energy  Conserved En.    Temperature Pressure (bar)
    1.25093e+04   -8.53829e+04   -9.03025e+04    3.94162e+02    8.57296e+02
   Constr. rmsd
    3.14179e-06

           Step           Time
          40000       80.00000

Current ref_t for group System:    393.6

   Energies (kJ/mol)
           Bond          Angle    Proper Dih. Per. Imp. Dih.          LJ-14
    9.01818e+02    1.90934e+03    2.36560e+03    6.85421e+01    9.55443e+02
     Coulomb-14        LJ (SR)   Coulomb (SR)   Coul. recip.      Potential
    6.57911e+03    7.49780e+03   -1.18885e+05    3.05543e+02   -9.83020e+04
    Kinetic En.   Total Energy  Conserved En.    Temperature Pressure (bar)
    1.22618e+04   -8.60402e+04   -9.01105e+04    3.86366e+02    1.04094e+03
   Constr. rmsd
    4.30688e-06

           Step           Time
          41000       82.00000

Current ref_t for group System:    393.4

   Energies (kJ/mol)
           Bond          Angle    Proper Dih. Per. Imp. Dih.          LJ-14
    9.10607e+02    1.91381e+03    2.38806e+03    9.53392e+01    9.17409e+02
     Coulomb-14        LJ (SR)   Coulomb (SR)   Coul. recip.      Potential
    6.47614e+03    6.89275e+03   -1.18170e+05    2.76616e+02   -9.82996e+04
    Kinetic En.   Total Energy  Conserved En.    Temperature Pressure (bar)
    1.28606e+04   -8.54390e+04   -8.98364e+04    4.05233e+02   -6.89380e+02
   Constr. rmsd
    3.78410e-06

           Step           Time
          42000       84.00000

Current ref_t for group System:    393.3

   Energies (kJ/mol)
           Bond          Angle    Proper Dih. Per. Imp. Dih.          LJ-14
    9.24870e+02    1.82474e+03    2.38706e+03    9.89418e+01    8.84160e+02
     Coulomb-14        LJ (SR)   Coulomb (SR)   Coul. recip.      Potential
    6.48587e+03    7.17450e+03   -1.19225e+05    2.82724e+02   -9.91617e+04
    Kinetic En.   Total Energy  Conserved En.    Temperature Pressure (bar)
    1.24916e+04   -8.66701e+04   -8.96388e+04    3.93607e+02   -3.09217e+02
   Constr. rmsd
    3.69746e-06

           Step           Time
          43000       86.00000

Current ref_t for group System:    393.1

   Energies (kJ/mol)
           Bond          Angle    Proper Dih. Per. Imp. Dih.          LJ-14
    8.89841e+02    1.86066e+03    2.30741e+03    8.12897e+01    9.49756e+02
     Coulomb-14        LJ (SR)   Coulomb (SR)   Coul. recip.      Potential
    6.52481e+03    6.91307e+03   -1.18359e+05    2.76700e+02   -9.85557e+04
    Kinetic En.   Total Energy  Conserved En.    Temperature Pressure (bar)
    1.24211e+04   -8.61346e+04   -8.94519e+04    3.91386e+02    2.48431e+02
   Constr. rmsd
    5.10087e-06

           Step           Time
          44000       88.00000

Current ref_t for group System:    393.0

   Energies (kJ/mol)
           Bond          Angle    Proper Dih. Per. Imp. Dih.          LJ-14
    1.01695e+03    1.80646e+03    2.33014e+03    6.93855e+01    9.09795e+02
     Coulomb-14        LJ (SR)   Coulomb (SR)   Coul. recip.      Potential
    6.50922e+03    7.09571e+03   -1.18348e+05    3.13695e+02   -9.82964e+04
    Kinetic En.   Total Energy  Conserved En.    Temperature Pressure (bar)
    1.20548e+04   -8.62416e+04   -8.90851e+04    3.79842e+02   -1.74977e+03
   Constr. rmsd
    3.99091e-06

           Step           Time
          45000       90.00000

Current ref_t for group System:    392.8

   Energies (kJ/mol)
           Bond          Angle    Proper Dih. Per. Imp. Dih.          LJ-14
    8.92608e+02    1.77849e+03    2.43944e+03    7.95817e+01    9.24114e+02
     Coulomb-14        LJ (SR)   Coulomb (SR)   Coul. recip.      Potential
    6.51444e+03    7.78844e+03   -1.20616e+05    2.90920e+02   -9.99080e+04
    Kinetic En.   Total Energy  Conserved En.    Temperature Pressure (bar)
    1.25327e+04   -8.73754e+04   -8.87638e+04    3.94900e+02    8.99445e+02
   Constr. rmsd
    4.76321e-06

           Step           Time
          46000       92.00000

Current ref_t for group System:    392.6

   Energies (kJ/mol)
           Bond          Angle    Proper Dih. Per. Imp. Dih.          LJ-14
    1.01253e+03    1.95578e+03    2.43660e+03    6.47699e+01    8.97102e+02
     Coulomb-14        LJ (SR)   Coulomb (SR)   Coul. recip.      Potential
    6.46120e+03    6.95045e+03   -1.18846e+05    2.97746e+02   -9.87698e+04
    Kinetic En.   Total Energy  Conserved En.    Temperature Pressure (bar)
    1.24542e+04   -8.63155e+04   -8.84588e+04    3.92429e+02   -5.63807e+02
   Constr. rmsd
    3.40124e-06

           Step           Time
          47000       94.00000

Current ref_t for group System:    392.5

   Energies (kJ/mol)
           Bond          Angle    Proper Dih. Per. Imp. Dih.          LJ-14
    1.01226e+03    1.96886e+03    2.44337e+03    7.26467e+01    9.30816e+02
     Coulomb-14        LJ (SR)   Coulomb (SR)   Coul. recip.      Potential
    6.47493e+03    7.25575e+03   -1.18349e+05    3.32168e+02   -9.78578e+04
    Kinetic En.   Total Energy  Conserved En.    Temperature Pressure (bar)
    1.27702e+04   -8.50877e+04   -8.83513e+04    4.02384e+02   -5.80878e+02
   Constr. rmsd
    4.06674e-06

           Step           Time
          48000       96.00000

Current ref_t for group System:    392.3

   Energies (kJ/mol)
           Bond          Angle    Proper Dih. Per. Imp. Dih.          LJ-14
    9.73667e+02    1.85868e+03    2.47040e+03    9.56169e+01    9.10711e+02
     Coulomb-14        LJ (SR)   Coulomb (SR)   Coul. recip.      Potential
    6.46291e+03    7.00346e+03   -1.17838e+05    3.34276e+02   -9.77286e+04
    Kinetic En.   Total Energy  Conserved En.    Temperature Pressure (bar)
    1.25568e+04   -8.51718e+04   -8.79763e+04    3.95661e+02   -7.06958e+02
   Constr. rmsd
    3.46637e-06

           Step           Time
          49000       98.00000

Current ref_t for group System:    392.2

   Energies (kJ/mol)
           Bond          Angle    Proper Dih. Per. Imp. Dih.          LJ-14
    9.28703e+02    1.95317e+03    2.39423e+03    7.80782e+01    8.58331e+02
     Coulomb-14        LJ (SR)   Coulomb (SR)   Coul. recip.      Potential
    6.46322e+03    6.68814e+03   -1.18429e+05    2.92025e+02   -9.87732e+04
    Kinetic En.   Total Energy  Conserved En.    Temperature Pressure (bar)
    1.24380e+04   -8.63352e+04   -8.74457e+04    3.91917e+02   -1.16218e+03
   Constr. rmsd
    3.85196e-06

           Step           Time
          50000      100.00000

Current ref_t for group System:    392.0

   Energies (kJ/mol)
           Bond          Angle    Proper Dih. Per. Imp. Dih.          LJ-14
    9.69280e+02    1.96391e+03    2.32101e+03    8.38645e+01    9.13302e+02
     Coulomb-14        LJ (SR)   Coulomb (SR)   Coul. recip.      Potential
    6.41810e+03    7.16239e+03   -1.18976e+05    2.91967e+02   -9.88524e+04
    Kinetic En.   Total Energy  Conserved En.    Temperature Pressure (bar)
    1.24019e+04   -8.64505e+04   -8.71327e+04    3.90779e+02   -3.00156e+02
   Constr. rmsd
    3.82555e-06

           Step           Time
          51000      102.00000

Current ref_t for group System:    391.8

   Energies (kJ/mol)
           Bond          Angle    Proper Dih. Per. Imp. Dih.          LJ-14
    1.04128e+03    1.90957e+03    2.48730e+03    1.05094e+02    9.19004e+02
     Coulomb-14        LJ (SR)   Coulomb (SR)   Coul. recip.      Potential
    6.42221e+03    7.29354e+03   -1.18663e+05    3.09799e+02   -9.81749e+04
    Kinetic En.   Total Energy  Conserved En.    Temperature Pressure (bar)
    1.22317e+04   -8.59432e+04   -8.67570e+04    3.85417e+02   -4.65699e+02
   Constr. rmsd
    4.42372e-06

           Step           Time
          52000      104.00000

Current ref_t for group System:    391.7

   Energies (kJ/mol)
           Bond          Angle    Proper Dih. Per. Imp. Dih.          LJ-14
    1.07115e+03    1.90552e+03    2.50154e+03    9.75572e+01    9.20890e+02
     Coulomb-14        LJ (SR)   Coulomb (SR)   Coul. recip.      Potential
    6.47561e+03    7.48384e+03   -1.19008e+05    2.93002e+02   -9.82590e+04
    Kinetic En.   Total Energy  Conserved En.    Temperature Pressure (bar)
    1.23769e+04   -8.58820e+04   -8.63741e+04    3.89993e+02   -8.38874e+01
   Constr. rmsd
    4.00130e-06

           Step           Time
          53000      106.00000

Current ref_t for group System:    391.5

   Energies (kJ/mol)
           Bond          Angle    Proper Dih. Per. Imp. Dih.          LJ-14
    8.76731e+02    1.93920e+03    2.53455e+03    7.30088e+01    9.46563e+02
     Coulomb-14        LJ (SR)   Coulomb (SR)   Coul. recip.      Potential
    6.45551e+03    7.59733e+03   -1.19850e+05    2.76966e+02   -9.91502e+04
    Kinetic En.   Total Energy  Conserved En.    Temperature Pressure (bar)
    1.28323e+04   -8.63179e+04   -8.62802e+04    4.04341e+02    1.73970e+03
   Constr. rmsd
    3.48175e-06

           Step           Time
          54000      108.00000

Current ref_t for group System:    391.4

   Energies (kJ/mol)
           Bond          Angle    Proper Dih. Per. Imp. Dih.          LJ-14
    8.86885e+02    1.93853e+03    2.48887e+03    8.39431e+01    8.71871e+02
     Coulomb-14        LJ (SR)   Coulomb (SR)   Coul. recip.      Potential
    6.49522e+03    7.17227e+03   -1.18752e+05    2.86102e+02   -9.85283e+04
    Kinetic En.   Total Energy  Conserved En.    Temperature Pressure (bar)
    1.22725e+04   -8.62558e+04   -8.61072e+04    3.86701e+02   -2.86745e+02
   Constr. rmsd
    3.34912e-06

           Step           Time
          55000      110.00000

Current ref_t for group System:    391.2

   Energies (kJ/mol)
           Bond          Angle    Proper Dih. Per. Imp. Dih.          LJ-14
    8.71209e+02    1.84334e+03    2.47304e+03    1.11421e+02    8.67961e+02
     Coulomb-14        LJ (SR)   Coulomb (SR)   Coul. recip.      Potential
    6.53712e+03    6.95004e+03   -1.18648e+05    3.16198e+02   -9.86780e+04
    Kinetic En.   Total Energy  Conserved En.    Temperature Pressure (bar)
    1.25177e+04   -8.61603e+04   -8.60277e+04    3.94427e+02   -5.70232e+02
   Constr. rmsd
    3.90161e-06

           Step           Time
          56000      112.00000

Current ref_t for group System:    391.0

   Energies (kJ/mol)
           Bond          Angle    Proper Dih. Per. Imp. Dih.          LJ-14
    9.19731e+02    1.80246e+03    2.40446e+03    7.37589e+01    9.09413e+02
     Coulomb-14        LJ (SR)   Coulomb (SR)   Coul. recip.      Potential
    6.55086e+03    7.29705e+03   -1.19263e+05    2.80703e+02   -9.90247e+04
    Kinetic En.   Total Energy  Conserved En.    Temperature Pressure (bar)
    1.27143e+04   -8.63104e+04   -8.59816e+04    4.00624e+02    4.04569e+02
   Constr. rmsd
    4.09737e-06

           Step           Time
          57000      114.00000

Current ref_t for group System:    390.9

   Energies (kJ/mol)
           Bond          Angle    Proper Dih. Per. Imp. Dih.          LJ-14
    9.74543e+02    1.90295e+03    2.48320e+03    1.12155e+02    9.26292e+02
     Coulomb-14        LJ (SR)   Coulomb (SR)   Coul. recip.      Potential
    6.58652e+03    7.11864e+03   -1.18748e+05    2.82574e+02   -9.83611e+04
    Kinetic En.   Total Energy  Conserved En.    Temperature Pressure (bar)
    1.25137e+04   -8.58473e+04   -8.58613e+04    3.94304e+02    2.14119e+02
   Constr. rmsd
    3.84739e-06

           Step           Time
          58000      116.00000

Current ref_t for group System:    390.7

   Energies (kJ/mol)
           Bond          Angle    Proper Dih. Per. Imp. Dih.          LJ-14
    9.20123e+02    1.65850e+03    2.45270e+03    7.73248e+01    9.10542e+02
     Coulomb-14        LJ (SR)   Coulomb (SR)   Coul. recip.      Potential
    6.59890e+03    7.26628e+03   -1.19157e+05    2.86052e+02   -9.89861e+04
    Kinetic En.   Total Energy  Conserved En.    Temperature Pressure (bar)
    1.21672e+04   -8.68189e+04   -8.58528e+04    3.83386e+02    4.09716e+02
   Constr. rmsd
    3.83287e-06

           Step           Time
          59000      118.00000

Current ref_t for group System:    390.6

   Energies (kJ/mol)
           Bond          Angle    Proper Dih. Per. Imp. Dih.          LJ-14
    9.28709e+02    1.94982e+03    2.49388e+03    8.93796e+01    9.00540e+02
     Coulomb-14        LJ (SR)   Coulomb (SR)   Coul. recip.      Potential
    6.56070e+03    6.80872e+03   -1.18237e+05    2.99625e+02   -9.82060e+04
    Kinetic En.   Total Energy  Conserved En.    Temperature Pressure (bar)
    1.25284e+04   -8.56776e+04   -8.57795e+04    3.94765e+02   -5.39742e+00
   Constr. rmsd
    3.28198e-06

           Step           Time
          60000      120.00000

Current ref_t for group System:    390.4

   Energies (kJ/mol)
           Bond          Angle    Proper Dih. Per. Imp. Dih.          LJ-14
    9.13934e+02    1.89822e+03    2.47604e+03    7.85748e+01    9.28782e+02
     Coulomb-14        LJ (SR)   Coulomb (SR)   Coul. recip.      Potential
    6.50665e+03    7.44614e+03   -1.18437e+05    3.36161e+02   -9.78527e+04
    Kinetic En.   Total Energy  Conserved En.    Temperature Pressure (bar)
    1.28047e+04   -8.50480e+04   -8.56237e+04    4.03472e+02    3.57024e+02
   Constr. rmsd
    3.76010e-06

           Step           Time
          61000      122.00000

Current ref_t for group System:    390.2

   Energies (kJ/mol)
           Bond          Angle    Proper Dih. Per. Imp. Dih.          LJ-14
    8.66607e+02    1.82816e+03    2.40447e+03    7.83765e+01    9.34614e+02
     Coulomb-14        LJ (SR)   Coulomb (SR)   Coul. recip.      Potential
    6.50902e+03    6.77255e+03   -1.18571e+05    3.17083e+02   -9.88603e+04
    Kinetic En.   Total Energy  Conserved En.    Temperature Pressure (bar)
    1.20371e+04   -8.68231e+04   -8.50290e+04    3.79286e+02   -3.45160e+02
   Constr. rmsd
    3.70251e-06

           Step           Time
          62000      124.00000

Current ref_t for group System:    390.1

   Energies (kJ/mol)
           Bond          Angle    Proper Dih. Per. Imp. Dih.          LJ-14
    8.96597e+02    1.90345e+03    2.46453e+03    1.10129e+02    9.74222e+02
     Coulomb-14        LJ (SR)   Coulomb (SR)   Coul. recip.      Potential
    6.52882e+03    7.83866e+03   -1.19490e+05    2.87625e+02   -9.84858e+04
    Kinetic En.   Total Energy  Conserved En.    Temperature Pressure (bar)
    1.24118e+04   -8.60739e+04   -8.44440e+04    3.91092e+02    1.88466e+03
   Constr. rmsd
    4.20511e-06

           Step           Time
          63000      126.00000

Current ref_t for group System:    389.9

   Energies (kJ/mol)
           Bond          Angle    Proper Dih. Per. Imp. Dih.          LJ-14
    9.19778e+02    1.95733e+03    2.42418e+03    1.08683e+02    9.34526e+02
     Coulomb-14        LJ (SR)   Coulomb (SR)   Coul. recip.      Potential
    6.58536e+03    6.98738e+03   -1.18249e+05    3.00446e+02   -9.80310e+04
    Kinetic En.   Total Energy  Conserved En.    Temperature Pressure (bar)
    1.24814e+04   -8.55496e+04   -8.43445e+04    3.93285e+02    3.30395e+01
   Constr. rmsd
    3.32539e-06

           Step           Time
          64000      128.00000

Current ref_t for group System:    389.8

   Energies (kJ/mol)
           Bond          Angle    Proper Dih. Per. Imp. Dih.          LJ-14
    8.84814e+02    1.94684e+03    2.41434e+03    8.46695e+01    9.24123e+02
     Coulomb-14        LJ (SR)   Coulomb (SR)   Coul. recip.      Potential
    6.57984e+03    6.76569e+03   -1.18340e+05    2.92178e+02   -9.84473e+04
    Kinetic En.   Total Energy  Conserved En.    Temperature Pressure (bar)
    1.21561e+04   -8.62912e+04   -8.42587e+04    3.83035e+02   -6.82874e+02
   Constr. rmsd
    3.62980e-06

           Step           Time
          65000      130.00000

Current ref_t for group System:    389.6

   Energies (kJ/mol)
           Bond          Angle    Proper Dih. Per. Imp. Dih.          LJ-14
    8.63941e+02    1.92091e+03    2.35674e+03    8.02511e+01    9.96345e+02
     Coulomb-14        LJ (SR)   Coulomb (SR)   Coul. recip.      Potential
    6.60183e+03    6.88542e+03   -1.18701e+05    3.15988e+02   -9.86796e+04
    Kinetic En.   Total Energy  Conserved En.    Temperature Pressure (bar)
    1.22787e+04   -8.64008e+04   -8.42233e+04    3.86899e+02    2.49806e+02
   Constr. rmsd
    3.63734e-06

           Step           Time
          66000      132.00000

Current ref_t for group System:    389.4

   Energies (kJ/mol)
           Bond          Angle    Proper Dih. Per. Imp. Dih.          LJ-14
    8.98669e+02    1.81289e+03    2.37850e+03    1.10395e+02    9.23630e+02
     Coulomb-14        LJ (SR)   Coulomb (SR)   Coul. recip.      Potential
    6.62393e+03    7.13291e+03   -1.19390e+05    3.11096e+02   -9.91978e+04
    Kinetic En.   Total Energy  Conserved En.    Temperature Pressure (bar)
    1.26227e+04   -8.65751e+04   -8.42102e+04    3.97737e+02    1.15796e+02
   Constr. rmsd
    3.68525e-06

           Step           Time
          67000      134.00000

Current ref_t for group System:    389.3

   Energies (kJ/mol)
           Bond          Angle    Proper Dih. Per. Imp. Dih.          LJ-14
    9.06493e+02    1.96978e+03    2.44523e+03    6.96134e+01    9.27332e+02
     Coulomb-14        LJ (SR)   Coulomb (SR)   Coul. recip.      Potential
    6.54428e+03    7.19291e+03   -1.18457e+05    2.98066e+02   -9.81034e+04
    Kinetic En.   Total Energy  Conserved En.    Temperature Pressure (bar)
    1.23659e+04   -8.57376e+04   -8.41371e+04    3.89644e+02   -1.81880e+02
   Constr. rmsd
    3.42360e-06

           Step           Time
          68000      136.00000

Current ref_t for group System:    389.1

   Energies (kJ/mol)
           Bond          Angle    Proper Dih. Per. Imp. Dih.          LJ-14
    8.20687e+02    1.80829e+03    2.41228e+03    1.02881e+02    9.37029e+02
     Coulomb-14        LJ (SR)   Coulomb (SR)   Coul. recip.      Potential
    6.53431e+03    7.31491e+03   -1.19509e+05    2.86120e+02   -9.92927e+04
    Kinetic En.   Total Energy  Conserved En.    Temperature Pressure (bar)
    1.23193e+04   -8.69734e+04   -8.40336e+04    3.88177e+02    7.89977e+02
   Constr. rmsd
    4.58432e-06

           Step           Time
          69000      138.00000

Current ref_t for group System:    389.0

   Energies (kJ/mol)
           Bond          Angle    Proper Dih. Per. Imp. Dih.          LJ-14
    8.88184e+02    1.96426e+03    2.47110e+03    7.92812e+01    9.08127e+02
     Coulomb-14        LJ (SR)   Coulomb (SR)   Coul. recip.      Potential
    6.52711e+03    7.19780e+03   -1.18623e+05    2.96586e+02   -9.82906e+04
    Kinetic En.   Total Energy  Conserved En.    Temperature Pressure (bar)
    1.28318e+04   -8.54588e+04   -8.38067e+04    4.04325e+02   -1.66496e+02
   Constr. rmsd
    3.20104e-06

           Step           Time
          70000      140.00000

Current ref_t for group System:    388.8

   Energies (kJ/mol)
           Bond          Angle    Proper Dih. Per. Imp. Dih.          LJ-14
    9.13682e+02    1.86969e+03    2.50495e+03    1.08417e+02    9.44109e+02
     Coulomb-14        LJ (SR)   Coulomb (SR)   Coul. recip.      Potential
    6.50624e+03    6.76775e+03   -1.18513e+05    3.13758e+02   -9.85840e+04
    Kinetic En.   Total Energy  Conserved En.    Temperature Pressure (bar)
    1.22242e+04   -8.63598e+04   -8.36723e+04    3.85180e+02   -5.78872e+02
   Constr. rmsd
    3.90983e-06

           Step           Time
          71000      142.00000

Current ref_t for group System:    388.6

   Energies (kJ/mol)
           Bond          Angle    Proper Dih. Per. Imp. Dih.          LJ-14
    8.12537e+02    1.91035e+03    2.59094e+03    8.94156e+01    9.33454e+02
     Coulomb-14        LJ (SR)   Coulomb (SR)   Coul. recip.      Potential
    6.52806e+03    6.71028e+03   -1.18412e+05    2.98689e+02   -9.85382e+04
    Kinetic En.   Total Energy  Conserved En.    Temperature Pressure (bar)
    1.24557e+04   -8.60826e+04   -8.36115e+04    3.92474e+02   -2.46988e+02
   Constr. rmsd
    3.44491e-06

           Step           Time
          72000      144.00000

Current ref_t for group System:    388.5

   Energies (kJ/mol)
           Bond          Angle    Proper Dih. Per. Imp. Dih.          LJ-14
    8.95055e+02    1.88431e+03    2.52766e+03    6.97270e+01    9.19379e+02
     Coulomb-14        LJ (SR)   Coulomb (SR)   Coul. recip.      Potential
    6.46427e+03    7.32844e+03   -1.19527e+05    2.87414e+02   -9.91503e+04
    Kinetic En.   Total Energy  Conserved En.    Temperature Pressure (bar)
    1.20645e+04   -8.70858e+04   -8.36037e+04    3.80150e+02   -3.75960e+02
   Constr. rmsd
    3.18237e-06

           Step           Time
          73000      146.00000

Current ref_t for group System:    388.3

   Energies (kJ/mol)
           Bond          Angle    Proper Dih. Per. Imp. Dih.          LJ-14
    9.16091e+02    1.84905e+03    2.51398e+03    7.98903e+01    9.63435e+02
     Coulomb-14        LJ (SR)   Coulomb (SR)   Coul. recip.      Potential
    6.52936e+03    7.00499e+03   -1.18912e+05    3.09991e+02   -9.87449e+04
    Kinetic En.   Total Energy  Conserved En.    Temperature Pressure (bar)
    1.26687e+04   -8.60762e+04   -8.35039e+04    3.99186e+02    6.00759e+02
   Constr. rmsd
    4.75655e-06

           Step           Time
          74000      148.00000

Current ref_t for group System:    388.2

   Energies (kJ/mol)
           Bond          Angle    Proper Dih. Per. Imp. Dih.          LJ-14
    9.05397e+02    1.84013e+03    2.50706e+03    9.91662e+01    8.65948e+02
     Coulomb-14        LJ (SR)   Coulomb (SR)   Coul. recip.      Potential
    6.49638e+03    7.30180e+03   -1.19509e+05    2.81645e+02   -9.92111e+04
    Kinetic En.   Total Energy  Conserved En.    Temperature Pressure (bar)
    1.25520e+04   -8.66591e+04   -8.34760e+04    3.95510e+02   -1.65481e+02
   Constr. rmsd
    3.14584e-06

           Step           Time
          75000      150.00000

Current ref_t for group System:    388.0

   Energies (kJ/mol)
           Bond          Angle    Proper Dih. Per. Imp. Dih.          LJ-14
    9.77220e+02    1.97297e+03    2.42666e+03    9.82216e+01    9.64509e+02
     Coulomb-14        LJ (SR)   Coulomb (SR)   Coul. recip.      Potential
    6.50281e+03    7.01251e+03   -1.18378e+05    3.43019e+02   -9.80804e+04
    Kinetic En.   Total Energy  Conserved En.    Temperature Pressure (bar)
    1.22362e+04   -8.58443e+04   -8.33577e+04    3.85557e+02    7.39492e+02
   Constr. rmsd
    3.49386e-06

           Step           Time
          76000      152.00000

Current ref_t for group System:    387.8

   Energies (kJ/mol)
           Bond          Angle    Proper Dih. Per. Imp. Dih.          LJ-14
    9.32909e+02    2.06240e+03    2.37731e+03    8.56036e+01    8.91315e+02
     Coulomb-14        LJ (SR)   Coulomb (SR)   Coul. recip.      Potential
    6.54352e+03    7.10771e+03   -1.18684e+05    3.19077e+02   -9.83645e+04
    Kinetic En.   Total Energy  Conserved En.    Temperature Pressure (bar)
    1.24044e+04   -8.59602e+04   -8.32994e+04    3.90857e+02   -1.33389e+02
   Constr. rmsd
    2.97021e-06

           Step           Time
          77000      154.00000

Current ref_t for group System:    387.7

   Energies (kJ/mol)
           Bond          Angle    Proper Dih. Per. Imp. Dih.          LJ-14
    8.70192e+02    1.79759e+03    2.39389e+03    8.60371e+01    9.00084e+02
     Coulomb-14        LJ (SR)   Coulomb (SR)   Coul. recip.      Potential
    6.52160e+03    7.13750e+03   -1.18907e+05    2.87780e+02   -9.89124e+04
    Kinetic En.   Total Energy  Conserved En.    Temperature Pressure (bar)
    1.21177e+04   -8.67946e+04   -8.32887e+04    3.81825e+02   -4.47892e+02
   Constr. rmsd
    2.95517e-06

           Step           Time
          78000      156.00000

Current ref_t for group System:    387.5

   Energies (kJ/mol)
           Bond          Angle    Proper Dih. Per. Imp. Dih.          LJ-14
    8.53502e+02    1.81015e+03    2.49377e+03    8.51367e+01    8.86118e+02
     Coulomb-14        LJ (SR)   Coulomb (SR)   Coul. recip.      Potential
    6.54373e+03    7.04100e+03   -1.18825e+05    3.13543e+02   -9.87979e+04
    Kinetic En.   Total Energy  Conserved En.    Temperature Pressure (bar)
    1.20562e+04   -8.67417e+04   -8.32788e+04    3.79888e+02   -6.54068e+02
   Constr. rmsd
    3.17365e-06

           Step           Time
          79000      158.00000

Current ref_t for group System:    387.4

   Energies (kJ/mol)
           Bond          Angle    Proper Dih. Per. Imp. Dih.          LJ-14
    8.37562e+02    1.93266e+03    2.50400e+03    7.96417e+01    9.62297e+02
     Coulomb-14        LJ (SR)   Coulomb (SR)   Coul. recip.      Potential
    6.57417e+03    7.18189e+03   -1.18980e+05    3.02471e+02   -9.86049e+04
    Kinetic En.   Total Energy  Conserved En.    Temperature Pressure (bar)
    1.19579e+04   -8.66470e+04   -8.32652e+04    3.76790e+02    9.95812e+02
   Constr. rmsd
    3.03671e-06

           Step           Time
          80000      160.00000

Current ref_t for group System:    387.2

   Energies (kJ/mol)
           Bond          Angle    Proper Dih. Per. Imp. Dih.          LJ-14
    9.10128e+02    1.88505e+03    2.53932e+03    8.23709e+01    8.76020e+02
     Coulomb-14        LJ (SR)   Coulomb (SR)   Coul. recip.      Potential
    6.52222e+03    7.01525e+03   -1.19272e+05    3.22780e+02   -9.91187e+04
    Kinetic En.   Total Energy  Conserved En.    Temperature Pressure (bar)
    1.21079e+04   -8.70108e+04   -8.31259e+04    3.81515e+02   -3.73380e+02
   Constr. rmsd
    3.09854e-06

           Step           Time
          81000      162.00000

Current ref_t for group System:    387.0

   Energies (kJ/mol)
           Bond          Angle    Proper Dih. Per. Imp. Dih.          LJ-14
    9.01903e+02    1.85900e+03    2.43537e+03    8.08267e+01    9.23305e+02
     Coulomb-14        LJ (SR)   Coulomb (SR)   Coul. recip.      Potential
    6.57873e+03    7.02938e+03   -1.18437e+05    3.15516e+02   -9.83129e+04
    Kinetic En.   Total Energy  Conserved En.    Temperature Pressure (bar)
    1.23061e+04   -8.60068e+04   -8.28441e+04    3.87762e+02   -4.68274e+02
   Constr. rmsd
    3.88197e-06

           Step           Time
          82000      164.00000

Current ref_t for group System:    386.9

   Energies (kJ/mol)
           Bond          Angle    Proper Dih. Per. Imp. Dih.          LJ-14
    8.43619e+02    1.74255e+03    2.50546e+03    7.55758e+01    9.35120e+02
     Coulomb-14        LJ (SR)   Coulomb (SR)   Coul. recip.      Potential
    6.56566e+03    6.91969e+03   -1.18112e+05    3.11995e+02   -9.82125e+04
    Kinetic En.   Total Energy  Conserved En.    Temperature Pressure (bar)
    1.22000e+04   -8.60125e+04   -8.22250e+04    3.84418e+02   -7.72198e+02
   Constr. rmsd
    3.39901e-06

           Step           Time
          83000      166.00000

Current ref_t for group System:    386.7

   Energies (kJ/mol)
           Bond          Angle    Proper Dih. Per. Imp. Dih.          LJ-14
    8.26992e+02    1.82093e+03    2.45458e+03    8.16702e+01    9.37644e+02
     Coulomb-14        LJ (SR)   Coulomb (SR)   Coul. recip.      Potential
    6.50855e+03    7.51133e+03   -1.19660e+05    2.74192e+02   -9.92439e+04
    Kinetic En.   Total Energy  Conserved En.    Temperature Pressure (bar)
    1.21585e+04   -8.70855e+04   -8.19224e+04    3.83109e+02    8.93636e+02
   Constr. rmsd
    3.49763e-06

           Step           Time
          84000      168.00000

Current ref_t for group System:    386.6

   Energies (kJ/mol)
           Bond          Angle    Proper Dih. Per. Imp. Dih.          LJ-14
    8.66553e+02    1.88927e+03    2.42489e+03    9.49538e+01    9.23591e+02
     Coulomb-14        LJ (SR)   Coulomb (SR)   Coul. recip.      Potential
    6.52322e+03    7.33289e+03   -1.19116e+05    2.84755e+02   -9.87760e+04
    Kinetic En.   Total Energy  Conserved En.    Temperature Pressure (bar)
    1.24601e+04   -8.63159e+04   -8.15395e+04    3.92614e+02    4.82098e+02
   Constr. rmsd
    3.79101e-06

           Step           Time
          85000      170.00000

Current ref_t for group System:    386.4

   Energies (kJ/mol)
           Bond          Angle    Proper Dih. Per. Imp. Dih.          LJ-14
    8.10464e+02    1.85419e+03    2.35124e+03    8.57611e+01    9.11689e+02
     Coulomb-14        LJ (SR)   Coulomb (SR)   Coul. recip.      Potential
    6.53079e+03    6.86587e+03   -1.18383e+05    2.99029e+02   -9.86742e+04
    Kinetic En.   Total Energy  Conserved En.    Temperature Pressure (bar)
    1.22080e+04   -8.64662e+04   -8.14860e+04    3.84669e+02   -8.26461e+02
   Constr. rmsd
    3.85405e-06

           Step           Time
          86000      172.00000

Current ref_t for group System:    386.2

   Energies (kJ/mol)
           Bond          Angle    Proper Dih. Per. Imp. Dih.          LJ-14
    8.65473e+02    1.91638e+03    2.32588e+03    7.44576e+01    9.27215e+02
     Coulomb-14        LJ (SR)   Coulomb (SR)   Coul. recip.      Potential
    6.53428e+03    6.95637e+03   -1.18709e+05    2.88579e+02   -9.88201e+04
    Kinetic En.   Total Energy  Conserved En.    Temperature Pressure (bar)
    1.22779e+04   -8.65422e+04   -8.14501e+04    3.86873e+02    6.45436e+02
   Constr. rmsd
    3.72234e-06

           Step           Time
          87000      174.00000

Current ref_t for group System:    386.1

   Energies (kJ/mol)
           Bond          Angle    Proper Dih. Per. Imp. Dih.          LJ-14
    8.79942e+02    1.78884e+03    2.48481e+03    1.03573e+02    9.40132e+02
     Coulomb-14        LJ (SR)   Coulomb (SR)   Coul. recip.      Potential
    6.57193e+03    7.05685e+03   -1.18787e+05    3.07286e+02   -9.86541e+04
    Kinetic En.   Total Energy  Conserved En.    Temperature Pressure (bar)
    1.21652e+04   -8.64888e+04   -8.13567e+04    3.83322e+02   -4.53139e+02
   Constr. rmsd
    4.34347e-06

           Step           Time
          88000      176.00000

Current ref_t for group System:    385.9

   Energies (kJ/mol)
           Bond          Angle    Proper Dih. Per. Imp. Dih.          LJ-14
    8.81360e+02    1.71007e+03    2.37970e+03    7.16173e+01    9.32652e+02
     Coulomb-14        LJ (SR)   Coulomb (SR)   Coul. recip.      Potential
    6.58971e+03    6.77057e+03   -1.18501e+05    2.88550e+02   -9.88771e+04
    Kinetic En.   Total Energy  Conserved En.    Temperature Pressure (bar)
    1.20256e+04   -8.68516e+04   -8.12172e+04    3.78921e+02   -1.25811e+03
   Constr. rmsd
    3.16550e-06

           Step           Time
          89000      178.00000

Current ref_t for group System:    385.8

   Energies (kJ/mol)
           Bond          Angle    Proper Dih. Per. Imp. Dih.          LJ-14
    9.23600e+02    1.61703e+03    2.34135e+03    8.02467e+01    9.02581e+02
     Coulomb-14        LJ (SR)   Coulomb (SR)   Coul. recip.      Potential
    6.64105e+03    7.25128e+03   -1.19372e+05    2.74527e+02   -9.93406e+04
    Kinetic En.   Total Energy  Conserved En.    Temperature Pressure (bar)
    1.20407e+04   -8.72998e+04   -8.10167e+04    3.79400e+02    7.04483e+02
   Constr. rmsd
    3.20699e-06

           Step           Time
          90000      180.00000

Current ref_t for group System:    385.6

   Energies (kJ/mol)
           Bond          Angle    Proper Dih. Per. Imp. Dih.          LJ-14
    7.55493e+02    1.82777e+03    2.38760e+03    9.36185e+01    9.21366e+02
     Coulomb-14        LJ (SR)   Coulomb (SR)   Coul. recip.      Potential
    6.58501e+03    7.26204e+03   -1.19634e+05    2.67326e+02   -9.95342e+04
    Kinetic En.   Total Energy  Conserved En.    Temperature Pressure (bar)
    1.21406e+04   -8.73936e+04   -8.08726e+04    3.82547e+02    3.58690e+02
   Constr. rmsd
    4.78297e-06

           Step           Time
          91000      182.00000

Current ref_t for group System:    385.4

   Energies (kJ/mol)
           Bond          Angle    Proper Dih. Per. Imp. Dih.          LJ-14
    8.93471e+02    1.82331e+03    2.47322e+03    1.06054e+02    9.61271e+02
     Coulomb-14        LJ (SR)   Coulomb (SR)   Coul. recip.      Potential
    6.57824e+03    6.53571e+03   -1.17266e+05    3.11314e+02   -9.75833e+04
    Kinetic En.   Total Energy  Conserved En.    Temperature Pressure (bar)
    1.25896e+04   -8.49938e+04   -8.06727e+04    3.96693e+02   -7.11166e+02
   Constr. rmsd
    3.28455e-06

           Step           Time
          92000      184.00000

Current ref_t for group System:    385.3

   Energies (kJ/mol)
           Bond          Angle    Proper Dih. Per. Imp. Dih.          LJ-14
    8.36685e+02    1.87261e+03    2.45345e+03    1.15137e+02    9.19750e+02
     Coulomb-14        LJ (SR)   Coulomb (SR)   Coul. recip.      Potential
    6.51468e+03    7.52574e+03   -1.19118e+05    3.24833e+02   -9.85552e+04
    Kinetic En.   Total Energy  Conserved En.    Temperature Pressure (bar)
    1.21757e+04   -8.63795e+04   -8.04551e+04    3.83652e+02    5.21108e+02
   Constr. rmsd
    3.97756e-06

           Step           Time
          93000      186.00000

Current ref_t for group System:    385.1

   Energies (kJ/mol)
           Bond          Angle    Proper Dih. Per. Imp. Dih.          LJ-14
    8.03874e+02    1.77829e+03    2.37779e+03    8.55543e+01    9.11624e+02
     Coulomb-14        LJ (SR)   Coulomb (SR)   Coul. recip.      Potential
    6.57556e+03    7.04187e+03   -1.19294e+05    3.08586e+02   -9.94104e+04
    Kinetic En.   Total Energy  Conserved En.    Temperature Pressure (bar)
    1.22495e+04   -8.71610e+04   -8.02466e+04    3.85977e+02   -2.72255e+02
   Constr. rmsd
    3.72695e-06

           Step           Time
          94000      188.00000

Current ref_t for group System:    385.0

   Energies (kJ/mol)
           Bond          Angle    Proper Dih. Per. Imp. Dih.          LJ-14
    8.82342e+02    1.82661e+03    2.37791e+03    8.30480e+01    8.94584e+02
     Coulomb-14        LJ (SR)   Coulomb (SR)   Coul. recip.      Potential
    6.59669e+03    6.98312e+03   -1.19135e+05    2.60070e+02   -9.92303e+04
    Kinetic En.   Total Energy  Conserved En.    Temperature Pressure (bar)
    1.25631e+04   -8.66673e+04   -7.99799e+04    3.95858e+02   -2.24843e+02
   Constr. rmsd
    3.11190e-06

           Step           Time
          95000      190.00000

Current ref_t for group System:    384.8

   Energies (kJ/mol)
           Bond          Angle    Proper Dih. Per. Imp. Dih.          LJ-14
    9.01497e+02    1.74502e+03    2.40448e+03    6.65199e+01    8.95787e+02
     Coulomb-14        LJ (SR)   Coulomb (SR)   Coul. recip.      Potential
    6.56175e+03    7.34537e+03   -1.18968e+05    2.81288e+02   -9.87661e+04
    Kinetic En.   Total Energy  Conserved En.    Temperature Pressure (bar)
    1.21208e+04   -8.66453e+04   -7.98871e+04    3.81923e+02   -3.67074e+02
   Constr. rmsd
    3.22083e-06

           Step           Time
          96000      192.00000

Current ref_t for group System:    384.6

   Energies (kJ/mol)
           Bond          Angle    Proper Dih. Per. Imp. Dih.          LJ-14
    8.96892e+02    1.86332e+03    2.45011e+03    8.53724e+01    8.71887e+02
     Coulomb-14        LJ (SR)   Coulomb (SR)   Coul. recip.      Potential
    6.54927e+03    7.21963e+03   -1.19261e+05    2.68646e+02   -9.90559e+04
    Kinetic En.   Total Energy  Conserved En.    Temperature Pressure (bar)
    1.21429e+04   -8.69130e+04   -7.97710e+04    3.82618e+02   -5.62381e+02
   Constr. rmsd
    4.32776e-06

           Step           Time
          97000      194.00000

Current ref_t for group System:    384.5

   Energies (kJ/mol)
           Bond          Angle    Proper Dih. Per. Imp. Dih.          LJ-14
    8.94942e+02    1.76016e+03    2.49598e+03    8.96146e+01    9.16737e+02
     Coulomb-14        LJ (SR)   Coulomb (SR)   Coul. recip.      Potential
    6.48220e+03    7.02310e+03   -1.18904e+05    3.11497e+02   -9.89301e+04
    Kinetic En.   Total Energy  Conserved En.    Temperature Pressure (bar)
    1.20898e+04   -8.68403e+04   -7.96006e+04    3.80946e+02   -7.68782e+02
   Constr. rmsd
    3.66974e-06

           Step           Time
          98000      196.00000

Current ref_t for group System:    384.3

   Energies (kJ/mol)
           Bond          Angle    Proper Dih. Per. Imp. Dih.          LJ-14
    9.02149e+02    1.73862e+03    2.44350e+03    7.65311e+01    9.49219e+02
     Coulomb-14        LJ (SR)   Coulomb (SR)   Coul. recip.      Potential
    6.54849e+03    7.90323e+03   -1.20227e+05    2.81859e+02   -9.93834e+04
    Kinetic En.   Total Energy  Conserved En.    Temperature Pressure (bar)
    1.21745e+04   -8.72089e+04   -7.94426e+04    3.83614e+02    1.51960e+03
   Constr. rmsd
    2.89387e-06

           Step           Time
          99000      198.00000

Current ref_t for group System:    384.2

   Energies (kJ/mol)
           Bond          Angle    Proper Dih. Per. Imp. Dih.          LJ-14
    8.33491e+02    1.75388e+03    2.47596e+03    6.87100e+01    9.51686e+02
     Coulomb-14        LJ (SR)   Coulomb (SR)   Coul. recip.      Potential
    6.68272e+03    7.39816e+03   -1.19835e+05    2.52418e+02   -9.94176e+04
    Kinetic En.   Total Energy  Conserved En.    Temperature Pressure (bar)
    1.23068e+04   -8.71109e+04   -7.90213e+04    3.87783e+02    9.69415e+02
   Constr. rmsd
    3.42746e-06

           Step           Time
         100000      200.00000

Current ref_t for group System:    384.0

   Energies (kJ/mol)
           Bond          Angle    Proper Dih. Per. Imp. Dih.          LJ-14
    9.25397e+02    1.83970e+03    2.42260e+03    1.10955e+02    8.96056e+02
     Coulomb-14        LJ (SR)   Coulomb (SR)   Coul. recip.      Potential
    6.62512e+03    6.90547e+03   -1.18620e+05    3.10653e+02   -9.85845e+04
    Kinetic En.   Total Energy  Conserved En.    Temperature Pressure (bar)
    1.21778e+04   -8.64068e+04   -7.89319e+04    3.83717e+02   -1.06822e+03
   Constr. rmsd
    3.61314e-06

           Step           Time
         101000      202.00000

Current ref_t for group System:    383.8

   Energies (kJ/mol)
           Bond          Angle    Proper Dih. Per. Imp. Dih.          LJ-14
    8.13687e+02    1.83080e+03    2.53515e+03    1.04749e+02    9.10464e+02
     Coulomb-14        LJ (SR)   Coulomb (SR)   Coul. recip.      Potential
    6.64362e+03    7.31749e+03   -1.19871e+05    2.57346e+02   -9.94579e+04
    Kinetic En.   Total Energy  Conserved En.    Temperature Pressure (bar)
    1.23301e+04   -8.71279e+04   -7.88476e+04    3.88516e+02    3.44919e+02
   Constr. rmsd
    3.37101e-06

           Step           Time
         102000      204.00000

Current ref_t for group System:    383.7

   Energies (kJ/mol)
           Bond          Angle    Proper Dih. Per. Imp. Dih.          LJ-14
    8.82347e+02    1.83300e+03    2.30707e+03    9.32435e+01    9.26593e+02
     Coulomb-14        LJ (SR)   Coulomb (SR)   Coul. recip.      Potential
    6.58835e+03    7.57694e+03   -1.20072e+05    2.99551e+02   -9.95649e+04
    Kinetic En.   Total Energy  Conserved En.    Temperature Pressure (bar)
    1.23135e+04   -8.72515e+04   -7.86249e+04    3.87994e+02    5.33913e+02
   Constr. rmsd
    5.10733e-06

           Step           Time
         103000      206.00000

Current ref_t for group System:    383.5

   Energies (kJ/mol)
           Bond          Angle    Proper Dih. Per. Imp. Dih.          LJ-14
    9.23818e+02    1.79607e+03    2.39035e+03    8.15105e+01    8.64396e+02
     Coulomb-14        LJ (SR)   Coulomb (SR)   Coul. recip.      Potential
    6.59722e+03    7.66557e+03   -1.19253e+05    2.81377e+02   -9.86530e+04
    Kinetic En.   Total Energy  Conserved En.    Temperature Pressure (bar)
    1.24521e+04   -8.62008e+04   -7.84567e+04    3.92363e+02   -3.66665e+02
   Constr. rmsd
    3.97232e-06

           Step           Time
         104000      208.00000

Current ref_t for group System:    383.4

   Energies (kJ/mol)
           Bond          Angle    Proper Dih. Per. Imp. Dih.          LJ-14
    8.45749e+02    1.93553e+03    2.47898e+03    8.34268e+01    8.77351e+02
     Coulomb-14        LJ (SR)   Coulomb (SR)   Coul. recip.      Potential
    6.62454e+03    7.19635e+03   -1.18969e+05    3.27487e+02   -9.86000e+04
    Kinetic En.   Total Energy  Conserved En.    Temperature Pressure (bar)
    1.19175e+04   -8.66825e+04   -7.80716e+04    3.75517e+02   -5.79663e+02
   Constr. rmsd
    4.54892e-06

           Step           Time
         105000      210.00000

Current ref_t for group System:    383.2

   Energies (kJ/mol)
           Bond          Angle    Proper Dih. Per. Imp. Dih.          LJ-14
    8.72563e+02    1.77444e+03    2.36118e+03    6.80904e+01    9.42171e+02
     Coulomb-14        LJ (SR)   Coulomb (SR)   Coul. recip.      Potential
    6.63610e+03    7.71398e+03   -1.20331e+05    2.88165e+02   -9.96748e+04
    Kinetic En.   Total Energy  Conserved En.    Temperature Pressure (bar)
    1.24472e+04   -8.72276e+04   -7.76729e+04    3.92206e+02    1.61875e+03
   Constr. rmsd
    3.67689e-06

           Step           Time
         106000      212.00000

Current ref_t for group System:    383.0

   Energies (kJ/mol)
           Bond          Angle    Proper Dih. Per. Imp. Dih.          LJ-14
    9.15340e+02    1.93001e+03    2.32093e+03    8.99078e+01    9.21428e+02
     Coulomb-14        LJ (SR)   Coulomb (SR)   Coul. recip.      Potential
    6.66907e+03    7.20948e+03   -1.19042e+05    3.21609e+02   -9.86638e+04
    Kinetic En.   Total Energy  Conserved En.    Temperature Pressure (bar)
    1.22634e+04   -8.64004e+04   -7.73681e+04    3.86414e+02    1.29764e+02
   Constr. rmsd
    3.85742e-06

           Step           Time
         107000      214.00000

Current ref_t for group System:    382.9

   Energies (kJ/mol)
           Bond          Angle    Proper Dih. Per. Imp. Dih.          LJ-14
    8.85412e+02    1.95189e+03    2.38041e+03    8.40880e+01    9.44561e+02
     Coulomb-14        LJ (SR)   Coulomb (SR)   Coul. recip.      Potential
    6.65194e+03    6.65847e+03   -1.18621e+05    2.93884e+02   -9.87705e+04
    Kinetic En.   Total Energy  Conserved En.    Temperature Pressure (bar)
    1.18123e+04   -8.69581e+04   -7.71612e+04    3.72203e+02   -1.39783e+03
   Constr. rmsd
    3.91662e-06

           Step           Time
         108000      216.00000

Current ref_t for group System:    382.7

   Energies (kJ/mol)
           Bond          Angle    Proper Dih. Per. Imp. Dih.          LJ-14
    9.47577e+02    1.75665e+03    2.44708e+03    7.23728e+01    9.03646e+02
     Coulomb-14        LJ (SR)   Coulomb (SR)   Coul. recip.      Potential
    6.58468e+03    7.09615e+03   -1.19010e+05    3.09305e+02   -9.88930e+04
    Kinetic En.   Total Energy  Conserved En.    Temperature Pressure (bar)
    1.22046e+04   -8.66884e+04   -7.70651e+04    3.84564e+02   -4.44412e+02
   Constr. rmsd
    3.46009e-06

           Step           Time
         109000      218.00000

Current ref_t for group System:    382.6

   Energies (kJ/mol)
           Bond          Angle    Proper Dih. Per. Imp. Dih.          LJ-14
    8.18362e+02    2.05003e+03    2.44263e+03    9.49095e+01    9.55727e+02
     Coulomb-14        LJ (SR)   Coulomb (SR)   Coul. recip.      Potential
    6.67020e+03    7.33325e+03   -1.19482e+05    3.13241e+02   -9.88041e+04
    Kinetic En.   Total Energy  Conserved En.    Temperature Pressure (bar)
    1.21794e+04   -8.66247e+04   -7.69423e+04    3.83770e+02    8.04978e+01
   Constr. rmsd
    3.53412e-06

           Step           Time
         110000      220.00000

Current ref_t for group System:    382.4

   Energies (kJ/mol)
           Bond          Angle    Proper Dih. Per. Imp. Dih.          LJ-14
    9.84184e+02    1.80322e+03    2.50868e+03    9.52081e+01    9.66837e+02
     Coulomb-14        LJ (SR)   Coulomb (SR)   Coul. recip.      Potential
    6.63446e+03    7.32731e+03   -1.20042e+05    2.65990e+02   -9.94558e+04
    Kinetic En.   Total Energy  Conserved En.    Temperature Pressure (bar)
    1.19253e+04   -8.75305e+04   -7.67525e+04    3.75762e+02   -1.26947e+02
   Constr. rmsd
    2.95442e-06

           Step           Time
         111000      222.00000

Current ref_t for group System:    382.2

   Energies (kJ/mol)
           Bond          Angle    Proper Dih. Per. Imp. Dih.          LJ-14
    8.23333e+02    1.94937e+03    2.39710e+03    6.12646e+01    9.18871e+02
     Coulomb-14        LJ (SR)   Coulomb (SR)   Coul. recip.      Potential
    6.61629e+03    7.42852e+03   -1.20216e+05    2.87237e+02   -9.97337e+04
    Kinetic En.   Total Energy  Conserved En.    Temperature Pressure (bar)
    1.22024e+04   -8.75313e+04   -7.65955e+04    3.84494e+02    9.50600e+02
   Constr. rmsd
    3.82970e-06

           Step           Time
         112000      224.00000

Current ref_t for group System:    382.1

   Energies (kJ/mol)
           Bond          Angle    Proper Dih. Per. Imp. Dih.          LJ-14
    9.03447e+02    1.86049e+03    2.50341e+03    9.52785e+01    9.52187e+02
     Coulomb-14        LJ (SR)   Coulomb (SR)   Coul. recip.      Potential
    6.56069e+03    7.40815e+03   -1.19823e+05    2.69959e+02   -9.92689e+04
    Kinetic En.   Total Energy  Conserved En.    Temperature Pressure (bar)
    1.23326e+04   -8.69363e+04   -7.65306e+04    3.88597e+02    3.79156e+02
   Constr. rmsd
    4.59887e-06

           Step           Time
         113000      226.00000

Current ref_t for group System:    381.9

   Energies (kJ/mol)
           Bond          Angle    Proper Dih. Per. Imp. Dih.          LJ-14
    8.45923e+02    1.86952e+03    2.47596e+03    7.69420e+01    9.48931e+02
     Coulomb-14        LJ (SR)   Coulomb (SR)   Coul. recip.      Potential
    6.61099e+03    7.90068e+03   -1.20824e+05    2.70824e+02   -9.98240e+04
    Kinetic En.   Total Energy  Conserved En.    Temperature Pressure (bar)
    1.19257e+04   -8.78983e+04   -7.64381e+04    3.75774e+02    1.46736e+03
   Constr. rmsd
    4.20781e-06

           Step           Time
         114000      228.00000

Current ref_t for group System:    381.8

   Energies (kJ/mol)
           Bond          Angle    Proper Dih. Per. Imp. Dih.          LJ-14
    9.53848e+02    1.99641e+03    2.41072e+03    7.18075e+01    9.21834e+02
     Coulomb-14        LJ (SR)   Coulomb (SR)   Coul. recip.      Potential
    6.60783e+03    7.33003e+03   -1.18935e+05    2.88828e+02   -9.83534e+04
    Kinetic En.   Total Energy  Conserved En.    Temperature Pressure (bar)
    1.22040e+04   -8.61494e+04   -7.64001e+04    3.84544e+02    2.72603e+02
   Constr. rmsd
    4.06355e-06

           Step           Time
         115000      230.00000

Current ref_t for group System:    381.6

   Energies (kJ/mol)
           Bond          Angle    Proper Dih. Per. Imp. Dih.          LJ-14
    9.98241e+02    1.80268e+03    2.44484e+03    8.17825e+01    8.83993e+02
     Coulomb-14        LJ (SR)   Coulomb (SR)   Coul. recip.      Potential
    6.58573e+03    7.55917e+03   -1.20029e+05    2.78956e+02   -9.93932e+04
    Kinetic En.   Total Energy  Conserved En.    Temperature Pressure (bar)
    1.18802e+04   -8.75130e+04   -7.63514e+04    3.74341e+02   -8.51887e+02
   Constr. rmsd
    4.65280e-06

           Step           Time
         116000      232.00000

Current ref_t for group System:    381.4

   Energies (kJ/mol)
           Bond          Angle    Proper Dih. Per. Imp. Dih.          LJ-14
    7.93080e+02    1.86650e+03    2.45564e+03    9.26051e+01    9.06832e+02
     Coulomb-14        LJ (SR)   Coulomb (SR)   Coul. recip.      Potential
    6.66965e+03    7.34681e+03   -1.19861e+05    2.99525e+02   -9.94307e+04
    Kinetic En.   Total Energy  Conserved En.    Temperature Pressure (bar)
    1.18719e+04   -8.75588e+04   -7.63266e+04    3.74081e+02    3.81522e+02
   Constr. rmsd
    4.28819e-06

           Step           Time
         117000      234.00000

Current ref_t for group System:    381.3

   Energies (kJ/mol)
           Bond          Angle    Proper Dih. Per. Imp. Dih.          LJ-14
    8.93715e+02    2.00114e+03    2.38399e+03    7.65715e+01    9.11096e+02
     Coulomb-14        LJ (SR)   Coulomb (SR)   Coul. recip.      Potential
    6.63036e+03    7.20910e+03   -1.19775e+05    2.70016e+02   -9.93993e+04
    Kinetic En.   Total Energy  Conserved En.    Temperature Pressure (bar)
    1.23953e+04   -8.70040e+04   -7.62906e+04    3.90571e+02    2.73930e+02
   Constr. rmsd
    3.51047e-06

           Step           Time
         118000      236.00000

Current ref_t for group System:    381.1

   Energies (kJ/mol)
           Bond          Angle    Proper Dih. Per. Imp. Dih.          LJ-14
    9.65979e+02    1.95176e+03    2.43225e+03    9.69198e+01    9.09248e+02
     Coulomb-14        LJ (SR)   Coulomb (SR)   Coul. recip.      Potential
    6.59650e+03    7.12528e+03   -1.19260e+05    3.00235e+02   -9.88818e+04
    Kinetic En.   Total Energy  Conserved En.    Temperature Pressure (bar)
    1.18007e+04   -8.70810e+04   -7.61904e+04    3.71837e+02   -8.37126e+02
   Constr. rmsd
    3.24706e-06

           Step           Time
         119000      238.00000

Current ref_t for group System:    381.0

   Energies (kJ/mol)
           Bond          Angle    Proper Dih. Per. Imp. Dih.          LJ-14
    9.80827e+02    1.91876e+03    2.32288e+03    7.88812e+01    9.08082e+02
     Coulomb-14        LJ (SR)   Coulomb (SR)   Coul. recip.      Potential
    6.62540e+03    7.49631e+03   -1.19837e+05    2.57459e+02   -9.92485e+04
    Kinetic En.   Total Energy  Conserved En.    Temperature Pressure (bar)
    1.20830e+04   -8.71655e+04   -7.60332e+04    3.80731e+02   -2.27521e+02
   Constr. rmsd
    3.52332e-06

           Step           Time
         120000      240.00000

Current ref_t for group System:    380.8

   Energies (kJ/mol)
           Bond          Angle    Proper Dih. Per. Imp. Dih.          LJ-14
    8.34967e+02    1.75031e+03    2.43128e+03    9.48356e+01    8.94052e+02
     Coulomb-14        LJ (SR)   Coulomb (SR)   Coul. recip.      Potential
    6.62218e+03    6.85095e+03   -1.19215e+05    2.82944e+02   -9.94531e+04
    Kinetic En.   Total Energy  Conserved En.    Temperature Pressure (bar)
    1.20642e+04   -8.73889e+04   -7.59245e+04    3.80138e+02   -6.78089e+02
   Constr. rmsd
    4.20154e-06

           Step           Time
         121000      242.00000

Current ref_t for group System:    380.6

   Energies (kJ/mol)
           Bond          Angle    Proper Dih. Per. Imp. Dih.          LJ-14
    8.16973e+02    1.97032e+03    2.28265e+03    7.42934e+01    9.31728e+02
     Coulomb-14        LJ (SR)   Coulomb (SR)   Coul. recip.      Potential
    6.59865e+03    7.07235e+03   -1.18682e+05    2.89144e+02   -9.86461e+04
    Kinetic En.   Total Energy  Conserved En.    Temperature Pressure (bar)
    1.17816e+04   -8.68645e+04   -7.56533e+04    3.71235e+02    1.03516e+02
   Constr. rmsd
    3.99201e-06

           Step           Time
         122000      244.00000

Current ref_t for group System:    380.5

   Energies (kJ/mol)
           Bond          Angle    Proper Dih. Per. Imp. Dih.          LJ-14
    8.60479e+02    2.01346e+03    2.42041e+03    6.30311e+01    9.18731e+02
     Coulomb-14        LJ (SR)   Coulomb (SR)   Coul. recip.      Potential
    6.59282e+03    7.49803e+03   -1.20028e+05    2.80337e+02   -9.93805e+04
    Kinetic En.   Total Energy  Conserved En.    Temperature Pressure (bar)
    1.18535e+04   -8.75270e+04   -7.54540e+04    3.73500e+02    1.80423e+01
   Constr. rmsd
    3.09964e-06

           Step           Time
         123000      246.00000

Current ref_t for group System:    380.3

   Energies (kJ/mol)
           Bond          Angle    Proper Dih. Per. Imp. Dih.          LJ-14
    9.75868e+02    1.83421e+03    2.40930e+03    8.84951e+01    8.78257e+02
     Coulomb-14        LJ (SR)   Coulomb (SR)   Coul. recip.      Potential
    6.62239e+03    6.82591e+03   -1.18979e+05    2.71247e+02   -9.90735e+04
    Kinetic En.   Total Energy  Conserved En.    Temperature Pressure (bar)
    1.21426e+04   -8.69309e+04   -7.54510e+04    3.82609e+02   -1.43210e+03
   Constr. rmsd
    3.17472e-06

           Step           Time
         124000      248.00000

Current ref_t for group System:    380.2

   Energies (kJ/mol)
           Bond          Angle    Proper Dih. Per. Imp. Dih.          LJ-14
    8.64576e+02    1.85393e+03    2.28336e+03    6.11425e+01    9.18356e+02
     Coulomb-14        LJ (SR)   Coulomb (SR)   Coul. recip.      Potential
    6.56972e+03    7.11382e+03   -1.19428e+05    2.80590e+02   -9.94827e+04
    Kinetic En.   Total Energy  Conserved En.    Temperature Pressure (bar)
    1.19368e+04   -8.75459e+04   -7.53145e+04    3.76126e+02   -7.10204e+02
   Constr. rmsd
    3.65918e-06

           Step           Time
         125000      250.00000

Current ref_t for group System:    380.0

   Energies (kJ/mol)
           Bond          Angle    Proper Dih. Per. Imp. Dih.          LJ-14
    8.21542e+02    1.90460e+03    2.34134e+03    8.64839e+01    9.17526e+02
     Coulomb-14        LJ (SR)   Coulomb (SR)   Coul. recip.      Potential
    6.60945e+03    7.27765e+03   -1.19569e+05    2.79274e+02   -9.93307e+04
    Kinetic En.   Total Energy  Conserved En.    Temperature Pressure (bar)
    1.19231e+04   -8.74076e+04   -7.52134e+04    3.75692e+02   -3.40068e+02
   Constr. rmsd
    3.35499e-06

           Step           Time
         126000      252.00000

Current ref_t for group System:    379.7

   Energies (kJ/mol)
           Bond          Angle    Proper Dih. Per. Imp. Dih.          LJ-14
    8.04656e+02    1.83337e+03    2.43322e+03    8.85226e+01    9.40797e+02
     Coulomb-14        LJ (SR)   Coulomb (SR)   Coul. recip.      Potential
    6.60793e+03    7.32933e+03   -1.19881e+05    2.98609e+02   -9.95447e+04
    Kinetic En.   Total Energy  Conserved En.    Temperature Pressure (bar)
    1.20465e+04   -8.74981e+04   -7.51911e+04    3.79583e+02    2.74767e+02
   Constr. rmsd
    3.37634e-06

           Step           Time
         127000      254.00000

Current ref_t for group System:    379.4

   Energies (kJ/mol)
           Bond          Angle    Proper Dih. Per. Imp. Dih.          LJ-14
    8.79475e+02    1.91944e+03    2.33469e+03    8.05429e+01    9.33808e+02
     Coulomb-14        LJ (SR)   Coulomb (SR)   Coul. recip.      Potential
    6.55775e+03    7.17448e+03   -1.19665e+05    2.88587e+02   -9.94963e+04
    Kinetic En.   Total Energy  Conserved En.    Temperature Pressure (bar)
    1.19871e+04   -8.75092e+04   -7.51374e+04    3.77710e+02   -8.61460e+02
   Constr. rmsd
    3.90963e-06

           Step           Time
         128000      256.00000

Current ref_t for group System:    379.0

   Energies (kJ/mol)
           Bond          Angle    Proper Dih. Per. Imp. Dih.          LJ-14
    9.80556e+02    2.02579e+03    2.37794e+03    8.35486e+01    9.12687e+02
     Coulomb-14        LJ (SR)   Coulomb (SR)   Coul. recip.      Potential
    6.57426e+03    7.29702e+03   -1.19406e+05    3.17894e+02   -9.88363e+04
    Kinetic En.   Total Energy  Conserved En.    Temperature Pressure (bar)
    1.20126e+04   -8.68237e+04   -7.46962e+04    3.78514e+02    9.52744e+01
   Constr. rmsd
    3.80440e-06

           Step           Time
         129000      258.00000

Current ref_t for group System:    378.7

   Energies (kJ/mol)
           Bond          Angle    Proper Dih. Per. Imp. Dih.          LJ-14
    9.04501e+02    1.97398e+03    2.39417e+03    7.41961e+01    8.94758e+02
     Coulomb-14        LJ (SR)   Coulomb (SR)   Coul. recip.      Potential
    6.55889e+03    6.89152e+03   -1.18912e+05    2.77388e+02   -9.89430e+04
    Kinetic En.   Total Energy  Conserved En.    Temperature Pressure (bar)
    1.18757e+04   -8.70672e+04   -7.45112e+04    3.74200e+02   -8.07382e+02
   Constr. rmsd
    3.57211e-06

           Step           Time
         130000      260.00000

Current ref_t for group System:    378.4

   Energies (kJ/mol)
           Bond          Angle    Proper Dih. Per. Imp. Dih.          LJ-14
    8.80875e+02    1.87117e+03    2.25540e+03    6.68768e+01    8.99727e+02
     Coulomb-14        LJ (SR)   Coulomb (SR)   Coul. recip.      Potential
    6.59402e+03    7.18078e+03   -1.19816e+05    2.66434e+02   -9.98011e+04
    Kinetic En.   Total Energy  Conserved En.    Temperature Pressure (bar)
    1.17129e+04   -8.80883e+04   -7.43611e+04    3.69068e+02   -5.91417e+02
   Constr. rmsd
    5.23380e-06

           Step           Time
         131000      262.00000

Current ref_t for group System:    378.1

   Energies (kJ/mol)
           Bond          Angle    Proper Dih. Per. Imp. Dih.          LJ-14
    8.05280e+02    2.09871e+03    2.41596e+03    9.68342e+01    9.20931e+02
     Coulomb-14        LJ (SR)   Coulomb (SR)   Coul. recip.      Potential
    6.60197e+03    7.36418e+03   -1.19756e+05    2.97067e+02   -9.91556e+04
    Kinetic En.   Total Energy  Conserved En.    Temperature Pressure (bar)
    1.21315e+04   -8.70241e+04   -7.41783e+04    3.82258e+02    6.51262e+02
   Constr. rmsd
    3.76546e-06

           Step           Time
         132000      264.00000

Current ref_t for group System:    377.8

   Energies (kJ/mol)
           Bond          Angle    Proper Dih. Per. Imp. Dih.          LJ-14
    9.29513e+02    1.80810e+03    2.33474e+03    6.85065e+01    9.65264e+02
     Coulomb-14        LJ (SR)   Coulomb (SR)   Coul. recip.      Potential
    6.57965e+03    7.19494e+03   -1.19811e+05    3.10839e+02   -9.96199e+04
    Kinetic En.   Total Energy  Conserved En.    Temperature Pressure (bar)
    1.14970e+04   -8.81229e+04   -7.41516e+04    3.62266e+02   -1.32953e+02
   Constr. rmsd
    3.16253e-06

           Step           Time
         133000      266.00000

Current ref_t for group System:    377.4

   Energies (kJ/mol)
           Bond          Angle    Proper Dih. Per. Imp. Dih.          LJ-14
    8.98795e+02    1.82063e+03    2.33766e+03    8.07600e+01    9.33659e+02
     Coulomb-14        LJ (SR)   Coulomb (SR)   Coul. recip.      Potential
    6.65199e+03    7.06444e+03   -1.19501e+05    2.86736e+02   -9.94260e+04
    Kinetic En.   Total Energy  Conserved En.    Temperature Pressure (bar)
    1.19558e+04   -8.74702e+04   -7.40873e+04    3.76722e+02   -2.92148e+02
   Constr. rmsd
    4.68270e-06

           Step           Time
         134000      268.00000

Current ref_t for group System:    377.1

   Energies (kJ/mol)
           Bond          Angle    Proper Dih. Per. Imp. Dih.          LJ-14
    8.24723e+02    1.85683e+03    2.29736e+03    7.46528e+01    9.40748e+02
     Coulomb-14        LJ (SR)   Coulomb (SR)   Coul. recip.      Potential
    6.57795e+03    7.09236e+03   -1.19436e+05    2.86062e+02   -9.94853e+04
    Kinetic En.   Total Energy  Conserved En.    Temperature Pressure (bar)
    1.20252e+04   -8.74601e+04   -7.40339e+04    3.78909e+02   -9.42440e+01
   Constr. rmsd
    2.98900e-06

           Step           Time
         135000      270.00000

Current ref_t for group System:    376.8

   Energies (kJ/mol)
           Bond          Angle    Proper Dih. Per. Imp. Dih.          LJ-14
    9.01032e+02    1.78275e+03    2.44734e+03    1.06102e+02    9.09338e+02
     Coulomb-14        LJ (SR)   Coulomb (SR)   Coul. recip.      Potential
    6.56958e+03    7.23173e+03   -1.19564e+05    2.84059e+02   -9.93320e+04
    Kinetic En.   Total Energy  Conserved En.    Temperature Pressure (bar)
    1.16370e+04   -8.76950e+04   -7.38805e+04    3.66679e+02   -4.28670e+02
   Constr. rmsd
    3.11143e-06

           Step           Time
         136000      272.00000

Current ref_t for group System:    376.5

   Energies (kJ/mol)
           Bond          Angle    Proper Dih. Per. Imp. Dih.          LJ-14
    9.57239e+02    1.79757e+03    2.38541e+03    8.86981e+01    8.98009e+02
     Coulomb-14        LJ (SR)   Coulomb (SR)   Coul. recip.      Potential
    6.57457e+03    7.17881e+03   -1.19571e+05    2.80695e+02   -9.94098e+04
    Kinetic En.   Total Energy  Conserved En.    Temperature Pressure (bar)
    1.21322e+04   -8.72777e+04   -7.36030e+04    3.82281e+02   -9.06974e+02
   Constr. rmsd
    3.37096e-06

           Step           Time
         137000      274.00000

Current ref_t for group System:    376.2

   Energies (kJ/mol)
           Bond          Angle    Proper Dih. Per. Imp. Dih.          LJ-14
    8.31133e+02    1.85488e+03    2.42097e+03    8.88939e+01    9.48189e+02
     Coulomb-14        LJ (SR)   Coulomb (SR)   Coul. recip.      Potential
    6.57631e+03    7.29624e+03   -1.19957e+05    2.93076e+02   -9.96470e+04
    Kinetic En.   Total Energy  Conserved En.    Temperature Pressure (bar)
    1.21013e+04   -8.75457e+04   -7.34781e+04    3.81307e+02    7.75300e+02
   Constr. rmsd
    4.06778e-06

           Step           Time
         138000      276.00000

Current ref_t for group System:    375.8

   Energies (kJ/mol)
           Bond          Angle    Proper Dih. Per. Imp. Dih.          LJ-14
    9.25465e+02    1.74063e+03    2.36422e+03    7.59173e+01    9.31126e+02
     Coulomb-14        LJ (SR)   Coulomb (SR)   Coul. recip.      Potential
    6.58941e+03    7.08782e+03   -1.19741e+05    2.76728e+02   -9.97498e+04
    Kinetic En.   Total Energy  Conserved En.    Temperature Pressure (bar)
    1.15470e+04   -8.82028e+04   -7.33970e+04    3.63842e+02   -9.59201e+01
   Constr. rmsd
    3.51536e-06

           Step           Time
         139000      278.00000

Current ref_t for group System:    375.5

   Energies (kJ/mol)
           Bond          Angle    Proper Dih. Per. Imp. Dih.          LJ-14
    8.48536e+02    1.94676e+03    2.41742e+03    1.19011e+02    9.14072e+02
     Coulomb-14        LJ (SR)   Coulomb (SR)   Coul. recip.      Potential
    6.54541e+03    7.36626e+03   -1.20156e+05    2.80485e+02   -9.97178e+04
    Kinetic En.   Total Energy  Conserved En.    Temperature Pressure (bar)
    1.19278e+04   -8.77900e+04   -7.34167e+04    3.75841e+02   -3.02540e+02
   Constr. rmsd
    3.52083e-06

           Step           Time
         140000      280.00000

Current ref_t for group System:    375.2

   Energies (kJ/mol)
           Bond          Angle    Proper Dih. Per. Imp. Dih.          LJ-14
    8.70786e+02    1.85949e+03    2.38539e+03    7.83397e+01    9.29574e+02
     Coulomb-14        LJ (SR)   Coulomb (SR)   Coul. recip.      Potential
    6.58010e+03    7.31658e+03   -1.20099e+05    2.67509e+02   -9.98108e+04
    Kinetic En.   Total Energy  Conserved En.    Temperature Pressure (bar)
    1.19852e+04   -8.78256e+04   -7.33729e+04    3.77648e+02    3.10693e+02
   Constr. rmsd
    3.47339e-06

           Step           Time
         141000      282.00000

Current ref_t for group System:    374.9

   Energies (kJ/mol)
           Bond          Angle    Proper Dih. Per. Imp. Dih.          LJ-14
    8.40783e+02    1.87517e+03    2.33517e+03    7.94265e+01    8.95870e+02
     Coulomb-14        LJ (SR)   Coulomb (SR)   Coul. recip.      Potential
    6.60241e+03    7.17440e+03   -1.19483e+05    3.07865e+02   -9.93715e+04
    Kinetic En.   Total Energy  Conserved En.    Temperature Pressure (bar)
    1.21994e+04   -8.71721e+04   -7.33426e+04    3.84398e+02   -2.55311e+02
   Constr. rmsd
    4.18559e-06

           Step           Time
         142000      284.00000

Current ref_t for group System:    374.6

   Energies (kJ/mol)
           Bond          Angle    Proper Dih. Per. Imp. Dih.          LJ-14
    8.71464e+02    1.88729e+03    2.35796e+03    6.33974e+01    8.83343e+02
     Coulomb-14        LJ (SR)   Coulomb (SR)   Coul. recip.      Potential
    6.56906e+03    7.27014e+03   -1.20325e+05    2.93614e+02   -1.00129e+05
    Kinetic En.   Total Energy  Conserved En.    Temperature Pressure (bar)
    1.18342e+04   -8.82943e+04   -7.32159e+04    3.72892e+02   -7.56969e+02
   Constr. rmsd
    3.63394e-06

           Step           Time
         143000      286.00000

Current ref_t for group System:    374.2

   Energies (kJ/mol)
           Bond          Angle    Proper Dih. Per. Imp. Dih.          LJ-14
    8.39911e+02    1.87196e+03    2.31312e+03    6.91638e+01    9.35181e+02
     Coulomb-14        LJ (SR)   Coulomb (SR)   Coul. recip.      Potential
    6.59708e+03    7.50227e+03   -1.20429e+05    2.71423e+02   -1.00029e+05
    Kinetic En.   Total Energy  Conserved En.    Temperature Pressure (bar)
    1.18973e+04   -8.81313e+04   -7.30722e+04    3.74879e+02    1.05063e+03
   Constr. rmsd
    2.90466e-06

           Step           Time
         144000      288.00000

Current ref_t for group System:    373.9

   Energies (kJ/mol)
           Bond          Angle    Proper Dih. Per. Imp. Dih.          LJ-14
    7.36575e+02    1.85112e+03    2.34557e+03    1.16966e+02    9.50113e+02
     Coulomb-14        LJ (SR)   Coulomb (SR)   Coul. recip.      Potential
    6.65521e+03    7.04316e+03   -1.19743e+05    2.72676e+02   -9.97718e+04
    Kinetic En.   Total Energy  Conserved En.    Temperature Pressure (bar)
    1.17418e+04   -8.80300e+04   -7.30266e+04    3.69980e+02    2.60274e+02
   Constr. rmsd
    3.56941e-06

           Step           Time
         145000      290.00000

Current ref_t for group System:    373.6

   Energies (kJ/mol)
           Bond          Angle    Proper Dih. Per. Imp. Dih.          LJ-14
    8.96046e+02    1.88736e+03    2.37692e+03    8.15688e+01    9.21873e+02
     Coulomb-14        LJ (SR)   Coulomb (SR)   Coul. recip.      Potential
    6.56624e+03    6.79727e+03   -1.19293e+05    2.89949e+02   -9.94759e+04
    Kinetic En.   Total Energy  Conserved En.    Temperature Pressure (bar)
    1.22264e+04   -8.72494e+04   -7.30214e+04    3.85251e+02   -1.41251e+03
   Constr. rmsd
    3.85224e-06

           Step           Time
         146000      292.00000

Current ref_t for group System:    373.3

   Energies (kJ/mol)
           Bond          Angle    Proper Dih. Per. Imp. Dih.          LJ-14
    8.06047e+02    1.87857e+03    2.43217e+03    9.57936e+01    9.10674e+02
     Coulomb-14        LJ (SR)   Coulomb (SR)   Coul. recip.      Potential
    6.60495e+03    7.20984e+03   -1.19442e+05    2.75231e+02   -9.92292e+04
    Kinetic En.   Total Energy  Conserved En.    Temperature Pressure (bar)
    1.18890e+04   -8.73402e+04   -7.29551e+04    3.74618e+02   -4.85650e+02
   Constr. rmsd
    4.34202e-06

           Step           Time
         147000      294.00000

Current ref_t for group System:    373.0

   Energies (kJ/mol)
           Bond          Angle    Proper Dih. Per. Imp. Dih.          LJ-14
    9.24810e+02    1.83528e+03    2.39253e+03    7.05713e+01    9.06027e+02
     Coulomb-14        LJ (SR)   Coulomb (SR)   Coul. recip.      Potential
    6.54554e+03    6.86643e+03   -1.19009e+05    3.06692e+02   -9.91610e+04
    Kinetic En.   Total Energy  Conserved En.    Temperature Pressure (bar)
    1.17164e+04   -8.74446e+04   -7.27851e+04    3.69181e+02   -1.28890e+03
   Constr. rmsd
    3.89576e-06

           Step           Time
         148000      296.00000

Current ref_t for group System:    372.6

   Energies (kJ/mol)
           Bond          Angle    Proper Dih. Per. Imp. Dih.          LJ-14
    8.23287e+02    1.80843e+03    2.32230e+03    8.27894e+01    9.62725e+02
     Coulomb-14        LJ (SR)   Coulomb (SR)   Coul. recip.      Potential
    6.58716e+03    7.15122e+03   -1.19787e+05    2.86681e+02   -9.97626e+04
    Kinetic En.   Total Energy  Conserved En.    Temperature Pressure (bar)
    1.19673e+04   -8.77953e+04   -7.27142e+04    3.77085e+02   -7.52342e+01
   Constr. rmsd
    3.15328e-06

           Step           Time
         149000      298.00000

Current ref_t for group System:    372.3

   Energies (kJ/mol)
           Bond          Angle    Proper Dih. Per. Imp. Dih.          LJ-14
    9.07322e+02    1.77985e+03    2.35157e+03    6.99646e+01    8.90313e+02
     Coulomb-14        LJ (SR)   Coulomb (SR)   Coul. recip.      Potential
    6.59460e+03    7.31635e+03   -1.20034e+05    2.77015e+02   -9.98474e+04
    Kinetic En.   Total Energy  Conserved En.    Temperature Pressure (bar)
    1.16199e+04   -8.82275e+04   -7.27000e+04    3.66139e+02    3.14314e+02
   Constr. rmsd
    4.09724e-06

           Step           Time
         150000      300.00000

Current ref_t for group System:    372.0

   Energies (kJ/mol)
           Bond          Angle    Proper Dih. Per. Imp. Dih.          LJ-14
    8.19193e+02    1.85039e+03    2.39777e+03    9.56530e+01    9.03491e+02
     Coulomb-14        LJ (SR)   Coulomb (SR)   Coul. recip.      Potential
    6.62194e+03    6.98062e+03   -1.19043e+05    2.93488e+02   -9.90801e+04
    Kinetic En.   Total Energy  Conserved En.    Temperature Pressure (bar)
    1.23414e+04   -8.67387e+04   -7.26357e+04    3.88875e+02   -2.07589e+02
   Constr. rmsd
    3.63150e-06

           Step           Time
         151000      302.00000

Current ref_t for group System:    371.7

   Energies (kJ/mol)
           Bond          Angle    Proper Dih. Per. Imp. Dih.          LJ-14
    7.85688e+02    1.78566e+03    2.39377e+03    9.26690e+01    9.35171e+02
     Coulomb-14        LJ (SR)   Coulomb (SR)   Coul. recip.      Potential
    6.63510e+03    7.54877e+03   -1.19649e+05    2.72170e+02   -9.92002e+04
    Kinetic En.   Total Energy  Conserved En.    Temperature Pressure (bar)
    1.16891e+04   -8.75111e+04   -7.25108e+04    3.68320e+02    5.16494e+02
   Constr. rmsd
    3.05931e-06

           Step           Time
         152000      304.00000

Current ref_t for group System:    371.4

   Energies (kJ/mol)
           Bond          Angle    Proper Dih. Per. Imp. Dih.          LJ-14
    8.72067e+02    1.77907e+03    2.37532e+03    6.45029e+01    9.03872e+02
     Coulomb-14        LJ (SR)   Coulomb (SR)   Coul. recip.      Potential
    6.57691e+03    7.15758e+03   -1.19904e+05    2.79338e+02   -9.98949e+04
    Kinetic En.   Total Energy  Conserved En.    Temperature Pressure (bar)
    1.15549e+04   -8.83399e+04   -7.24678e+04    3.64092e+02   -4.33130e+02
   Constr. rmsd
    2.91733e-06

           Step           Time
         153000      306.00000

Current ref_t for group System:    371.0

   Energies (kJ/mol)
           Bond          Angle    Proper Dih. Per. Imp. Dih.          LJ-14
    9.41601e+02    1.91158e+03    2.35606e+03    7.68035e+01    8.93687e+02
     Coulomb-14        LJ (SR)   Coulomb (SR)   Coul. recip.      Potential
    6.52912e+03    7.35436e+03   -1.20101e+05    3.02384e+02   -9.97349e+04
    Kinetic En.   Total Energy  Conserved En.    Temperature Pressure (bar)
    1.15773e+04   -8.81576e+04   -7.24403e+04    3.64798e+02   -1.16542e+03
   Constr. rmsd
    2.76750e-06

           Step           Time
         154000      308.00000

Current ref_t for group System:    370.7

   Energies (kJ/mol)
           Bond          Angle    Proper Dih. Per. Imp. Dih.          LJ-14
    9.02308e+02    1.95262e+03    2.41072e+03    9.42574e+01    8.80551e+02
     Coulomb-14        LJ (SR)   Coulomb (SR)   Coul. recip.      Potential
    6.57691e+03    7.21837e+03   -1.20105e+05    2.96109e+02   -9.97736e+04
    Kinetic En.   Total Energy  Conserved En.    Temperature Pressure (bar)
    1.16503e+04   -8.81233e+04   -7.24167e+04    3.67097e+02   -9.21614e+02
   Constr. rmsd
    3.53307e-06

           Step           Time
         155000      310.00000

Current ref_t for group System:    370.4

   Energies (kJ/mol)
           Bond          Angle    Proper Dih. Per. Imp. Dih.          LJ-14
    9.21761e+02    1.86190e+03    2.36409e+03    8.11074e+01    8.68501e+02
     Coulomb-14        LJ (SR)   Coulomb (SR)   Coul. recip.      Potential
    6.57858e+03    7.54426e+03   -1.20666e+05    2.58553e+02   -1.00187e+05
    Kinetic En.   Total Energy  Conserved En.    Temperature Pressure (bar)
    1.16128e+04   -8.85743e+04   -7.24302e+04    3.65915e+02   -1.81833e+02
   Constr. rmsd
    3.35790e-06

           Step           Time
         156000      312.00000

Current ref_t for group System:    370.1

   Energies (kJ/mol)
           Bond          Angle    Proper Dih. Per. Imp. Dih.          LJ-14
    8.55149e+02    1.91381e+03    2.38084e+03    8.48761e+01    9.37724e+02
     Coulomb-14        LJ (SR)   Coulomb (SR)   Coul. recip.      Potential
    6.62923e+03    7.80809e+03   -1.20809e+05    2.94480e+02   -9.99052e+04
    Kinetic En.   Total Energy  Conserved En.    Temperature Pressure (bar)
    1.21642e+04   -8.77410e+04   -7.23278e+04    3.83290e+02    1.51493e+03
   Constr. rmsd
    3.25833e-06

           Step           Time
         157000      314.00000

Current ref_t for group System:    369.8

   Energies (kJ/mol)
           Bond          Angle    Proper Dih. Per. Imp. Dih.          LJ-14
    9.49496e+02    1.87371e+03    2.43374e+03    8.27784e+01    9.59540e+02
     Coulomb-14        LJ (SR)   Coulomb (SR)   Coul. recip.      Potential
    6.61352e+03    7.39463e+03   -1.20281e+05    2.83952e+02   -9.96898e+04
    Kinetic En.   Total Energy  Conserved En.    Temperature Pressure (bar)
    1.19551e+04   -8.77348e+04   -7.23186e+04    3.76700e+02    6.49203e+01
   Constr. rmsd
    3.87315e-06

           Step           Time
         158000      316.00000

Current ref_t for group System:    369.4

   Energies (kJ/mol)
           Bond          Angle    Proper Dih. Per. Imp. Dih.          LJ-14
    9.22443e+02    1.80501e+03    2.35159e+03    9.47925e+01    8.95194e+02
     Coulomb-14        LJ (SR)   Coulomb (SR)   Coul. recip.      Potential
    6.58239e+03    7.28441e+03   -1.20039e+05    3.13741e+02   -9.97891e+04
    Kinetic En.   Total Energy  Conserved En.    Temperature Pressure (bar)
    1.19720e+04   -8.78171e+04   -7.22144e+04    3.77234e+02   -1.09986e+03
   Constr. rmsd
    3.53864e-06

           Step           Time
         159000      318.00000

Current ref_t for group System:    369.1

   Energies (kJ/mol)
           Bond          Angle    Proper Dih. Per. Imp. Dih.          LJ-14
    8.25286e+02    1.89978e+03    2.41853e+03    6.63767e+01    8.86581e+02
     Coulomb-14        LJ (SR)   Coulomb (SR)   Coul. recip.      Potential
    6.54754e+03    7.53877e+03   -1.20356e+05    2.79358e+02   -9.98936e+04
    Kinetic En.   Total Energy  Conserved En.    Temperature Pressure (bar)
    1.16823e+04   -8.82113e+04   -7.21120e+04    3.68106e+02    4.01608e+02
   Constr. rmsd
    2.89888e-06

           Step           Time
         160000      320.00000

Current ref_t for group System:    368.8

   Energies (kJ/mol)
           Bond          Angle    Proper Dih. Per. Imp. Dih.          LJ-14
    8.44714e+02    1.86176e+03    2.44188e+03    9.55304e+01    9.41354e+02
     Coulomb-14        LJ (SR)   Coulomb (SR)   Coul. recip.      Potential
    6.59486e+03    7.21008e+03   -1.20275e+05    2.64001e+02   -1.00021e+05
    Kinetic En.   Total Energy  Conserved En.    Temperature Pressure (bar)
    1.15508e+04   -8.84698e+04   -7.20194e+04    3.63963e+02    2.25155e+01
   Constr. rmsd
    3.29254e-06

           Step           Time
         161000      322.00000

Current ref_t for group System:    368.5

   Energies (kJ/mol)
           Bond          Angle    Proper Dih. Per. Imp. Dih.          LJ-14
    8.56395e+02    1.74134e+03    2.39452e+03    9.49145e+01    9.14936e+02
     Coulomb-14        LJ (SR)   Coulomb (SR)   Coul. recip.      Potential
    6.56623e+03    7.34620e+03   -1.20422e+05    2.77747e+02   -1.00230e+05
    Kinetic En.   Total Energy  Conserved En.    Temperature Pressure (bar)
    1.22295e+04   -8.80003e+04   -7.19904e+04    3.85347e+02    1.72622e+02
   Constr. rmsd
    4.96817e-06

           Step           Time
         162000      324.00000

Current ref_t for group System:    368.2

   Energies (kJ/mol)
           Bond          Angle    Proper Dih. Per. Imp. Dih.          LJ-14
    8.66151e+02    1.83778e+03    2.36318e+03    8.30029e+01    9.42063e+02
     Coulomb-14        LJ (SR)   Coulomb (SR)   Coul. recip.      Potential
    6.59525e+03    7.72076e+03   -1.20751e+05    3.04920e+02   -1.00038e+05
    Kinetic En.   Total Energy  Conserved En.    Temperature Pressure (bar)
    1.22223e+04   -8.78154e+04   -7.17737e+04    3.85120e+02    9.44040e+02
   Constr. rmsd
    3.51631e-06

           Step           Time
         163000      326.00000

Current ref_t for group System:    367.8

   Energies (kJ/mol)
           Bond          Angle    Proper Dih. Per. Imp. Dih.          LJ-14
    8.88204e+02    1.82931e+03    2.44602e+03    8.84730e+01    9.34224e+02
     Coulomb-14        LJ (SR)   Coulomb (SR)   Coul. recip.      Potential
    6.60751e+03    7.53926e+03   -1.19922e+05    2.81403e+02   -9.93074e+04
    Kinetic En.   Total Energy  Conserved En.    Temperature Pressure (bar)
    1.19296e+04   -8.73778e+04   -7.16506e+04    3.75899e+02    1.86538e+02
   Constr. rmsd
    4.57088e-06

           Step           Time
         164000      328.00000

Current ref_t for group System:    367.5

   Energies (kJ/mol)
           Bond          Angle    Proper Dih. Per. Imp. Dih.          LJ-14
    9.29365e+02    2.01514e+03    2.42470e+03    8.97087e+01    9.08373e+02
     Coulomb-14        LJ (SR)   Coulomb (SR)   Coul. recip.      Potential
    6.62948e+03    6.80941e+03   -1.19678e+05    3.14879e+02   -9.95571e+04
    Kinetic En.   Total Energy  Conserved En.    Temperature Pressure (bar)
    1.17118e+04   -8.78452e+04   -7.13002e+04    3.69036e+02   -1.55121e+03
   Constr. rmsd
    3.42467e-06

           Step           Time
         165000      330.00000

Current ref_t for group System:    367.2

   Energies (kJ/mol)
           Bond          Angle    Proper Dih. Per. Imp. Dih.          LJ-14
    8.11795e+02    1.80690e+03    2.36270e+03    7.74166e+01    9.36899e+02
     Coulomb-14        LJ (SR)   Coulomb (SR)   Coul. recip.      Potential
    6.58179e+03    7.15484e+03   -1.20445e+05    2.75159e+02   -1.00438e+05
    Kinetic En.   Total Energy  Conserved En.    Temperature Pressure (bar)
    1.16411e+04   -8.87967e+04   -7.08632e+04    3.66807e+02   -1.91575e+02
   Constr. rmsd
    3.58745e-06

           Step           Time
         166000      332.00000

Current ref_t for group System:    366.9

   Energies (kJ/mol)
           Bond          Angle    Proper Dih. Per. Imp. Dih.          LJ-14
    9.17084e+02    1.78720e+03    2.35689e+03    7.86446e+01    9.31263e+02
     Coulomb-14        LJ (SR)   Coulomb (SR)   Coul. recip.      Potential
    6.54001e+03    7.07545e+03   -1.20633e+05    2.70850e+02   -1.00675e+05
    Kinetic En.   Total Energy  Conserved En.    Temperature Pressure (bar)
    1.16813e+04   -8.89941e+04   -7.05228e+04    3.68074e+02   -6.94799e+02
   Constr. rmsd
    3.69458e-06

           Step           Time
         167000      334.00000

Current ref_t for group System:    366.6

   Energies (kJ/mol)
           Bond          Angle    Proper Dih. Per. Imp. Dih.          LJ-14
    9.07599e+02    1.87255e+03    2.33298e+03    8.29309e+01    9.24980e+02
     Coulomb-14        LJ (SR)   Coulomb (SR)   Coul. recip.      Potential
    6.58690e+03    7.56716e+03   -1.20839e+05    2.64674e+02   -1.00299e+05
    Kinetic En.   Total Energy  Conserved En.    Temperature Pressure (bar)
    1.18563e+04   -8.84427e+04   -7.03640e+04    3.73587e+02    2.73829e+02
   Constr. rmsd
    3.77559e-06

           Step           Time
         168000      336.00000

Current ref_t for group System:    366.2

   Energies (kJ/mol)
           Bond          Angle    Proper Dih. Per. Imp. Dih.          LJ-14
    8.15163e+02    1.92766e+03    2.34289e+03    8.87423e+01    9.11824e+02
     Coulomb-14        LJ (SR)   Coulomb (SR)   Coul. recip.      Potential
    6.59907e+03    7.83752e+03   -1.20728e+05    2.68773e+02   -9.99363e+04
    Kinetic En.   Total Energy  Conserved En.    Temperature Pressure (bar)
    1.17977e+04   -8.81387e+04   -7.02851e+04    3.71740e+02    2.94815e+01
   Constr. rmsd
    3.90625e-06

           Step           Time
         169000      338.00000

Current ref_t for group System:    365.9

   Energies (kJ/mol)
           Bond          Angle    Proper Dih. Per. Imp. Dih.          LJ-14
    8.57288e+02    1.78176e+03    2.32183e+03    7.14659e+01    9.42318e+02
     Coulomb-14        LJ (SR)   Coulomb (SR)   Coul. recip.      Potential
    6.65084e+03    7.33229e+03   -1.20497e+05    2.97786e+02   -1.00242e+05
    Kinetic En.   Total Energy  Conserved En.    Temperature Pressure (bar)
    1.16135e+04   -8.86283e+04   -7.02509e+04    3.65936e+02    1.88766e+01
   Constr. rmsd
    3.53921e-06

           Step           Time
         170000      340.00000

Current ref_t for group System:    365.6

   Energies (kJ/mol)
           Bond          Angle    Proper Dih. Per. Imp. Dih.          LJ-14
    8.36891e+02    1.84470e+03    2.32731e+03    6.52365e+01    9.04258e+02
     Coulomb-14        LJ (SR)   Coulomb (SR)   Coul. recip.      Potential
    6.59431e+03    7.62290e+03   -1.20693e+05    2.71058e+02   -1.00227e+05
    Kinetic En.   Total Energy  Conserved En.    Temperature Pressure (bar)
    1.18849e+04   -8.83419e+04   -7.01753e+04    3.74488e+02   -2.93137e+02
   Constr. rmsd
    3.29250e-06

           Step           Time
         171000      342.00000

Current ref_t for group System:    365.3

   Energies (kJ/mol)
           Bond          Angle    Proper Dih. Per. Imp. Dih.          LJ-14
    8.42172e+02    1.87204e+03    2.35136e+03    7.49689e+01    9.26975e+02
     Coulomb-14        LJ (SR)   Coulomb (SR)   Coul. recip.      Potential
    6.55950e+03    7.34552e+03   -1.20466e+05    2.64020e+02   -1.00229e+05
    Kinetic En.   Total Energy  Conserved En.    Temperature Pressure (bar)
    1.15021e+04   -8.87274e+04   -7.01430e+04    3.62427e+02    6.60356e+02
   Constr. rmsd
    3.95250e-06

           Step           Time
         172000      344.00000

Current ref_t for group System:    365.0

   Energies (kJ/mol)
           Bond          Angle    Proper Dih. Per. Imp. Dih.          LJ-14
    9.22029e+02    1.71995e+03    2.37171e+03    7.04435e+01    8.96353e+02
     Coulomb-14        LJ (SR)   Coulomb (SR)   Coul. recip.      Potential
    6.61065e+03    7.52143e+03   -1.20821e+05    2.77648e+02   -1.00431e+05
    Kinetic En.   Total Energy  Conserved En.    Temperature Pressure (bar)
    1.14315e+04   -8.89992e+04   -7.01067e+04    3.60202e+02   -4.49382e+02
   Constr. rmsd
    3.68654e-06

           Step           Time
         173000      346.00000

Current ref_t for group System:    364.6

   Energies (kJ/mol)
           Bond          Angle    Proper Dih. Per. Imp. Dih.          LJ-14
    8.00512e+02    1.69778e+03    2.35912e+03    8.11743e+01    9.13402e+02
     Coulomb-14        LJ (SR)   Coulomb (SR)   Coul. recip.      Potential
    6.60393e+03    7.37635e+03   -1.20545e+05    2.87235e+02   -1.00425e+05
    Kinetic En.   Total Energy  Conserved En.    Temperature Pressure (bar)
    1.15497e+04   -8.88755e+04   -7.00842e+04    3.63926e+02   -1.45108e+02
   Constr. rmsd
    3.43314e-06

           Step           Time
         174000      348.00000

Current ref_t for group System:    364.3

   Energies (kJ/mol)
           Bond          Angle    Proper Dih. Per. Imp. Dih.          LJ-14
    7.89407e+02    1.84958e+03    2.31034e+03    7.35532e+01    9.26765e+02
     Coulomb-14        LJ (SR)   Coulomb (SR)   Coul. recip.      Potential
    6.61354e+03    7.72670e+03   -1.21096e+05    2.58511e+02   -1.00548e+05
    Kinetic En.   Total Energy  Conserved En.    Temperature Pressure (bar)
    1.15533e+04   -8.89947e+04   -6.98942e+04    3.64040e+02    1.36971e+03
   Constr. rmsd
    3.39734e-06

           Step           Time
         175000      350.00000

Current ref_t for group System:    364.0

   Energies (kJ/mol)
           Bond          Angle    Proper Dih. Per. Imp. Dih.          LJ-14
    7.83303e+02    1.78445e+03    2.34682e+03    9.66278e+01    9.51543e+02
     Coulomb-14        LJ (SR)   Coulomb (SR)   Coul. recip.      Potential
    6.62122e+03    7.56483e+03   -1.21045e+05    2.75428e+02   -1.00621e+05
    Kinetic En.   Total Energy  Conserved En.    Temperature Pressure (bar)
    1.17533e+04   -8.88673e+04   -6.95983e+04    3.70343e+02    1.40882e+03
   Constr. rmsd
    4.37893e-06

           Step           Time
         176000      352.00000

Current ref_t for group System:    363.7

   Energies (kJ/mol)
           Bond          Angle    Proper Dih. Per. Imp. Dih.          LJ-14
    8.11381e+02    1.84560e+03    2.32314e+03    8.86873e+01    9.06688e+02
     Coulomb-14        LJ (SR)   Coulomb (SR)   Coul. recip.      Potential
    6.58878e+03    7.58459e+03   -1.20684e+05    3.30266e+02   -1.00205e+05
    Kinetic En.   Total Energy  Conserved En.    Temperature Pressure (bar)
    1.14234e+04   -8.87816e+04   -6.95495e+04    3.59947e+02    3.07598e+02
   Constr. rmsd
    3.07025e-06

           Step           Time
         177000      354.00000

Current ref_t for group System:    363.4

   Energies (kJ/mol)
           Bond          Angle    Proper Dih. Per. Imp. Dih.          LJ-14
    9.06664e+02    1.81820e+03    2.33593e+03    9.25680e+01    8.96647e+02
     Coulomb-14        LJ (SR)   Coulomb (SR)   Coul. recip.      Potential
    6.57751e+03    7.60841e+03   -1.20576e+05    2.87727e+02   -1.00052e+05
    Kinetic En.   Total Energy  Conserved En.    Temperature Pressure (bar)
    1.12269e+04   -8.88252e+04   -6.95067e+04    3.53754e+02   -8.96814e+02
   Constr. rmsd
    3.06484e-06

           Step           Time
         178000      356.00000

Current ref_t for group System:    363.0

   Energies (kJ/mol)
           Bond          Angle    Proper Dih. Per. Imp. Dih.          LJ-14
    8.50579e+02    1.81638e+03    2.29189e+03    8.04104e+01    9.07963e+02
     Coulomb-14        LJ (SR)   Coulomb (SR)   Coul. recip.      Potential
    6.57228e+03    7.26025e+03   -1.20603e+05    2.80736e+02   -1.00542e+05
    Kinetic En.   Total Energy  Conserved En.    Temperature Pressure (bar)
    1.15285e+04   -8.90138e+04   -6.94928e+04    3.63258e+02   -7.53956e+02
   Constr. rmsd
    4.06022e-06

           Step           Time
         179000      358.00000

Current ref_t for group System:    362.7

   Energies (kJ/mol)
           Bond          Angle    Proper Dih. Per. Imp. Dih.          LJ-14
    7.34371e+02    1.76752e+03    2.34554e+03    7.46040e+01    9.26479e+02
     Coulomb-14        LJ (SR)   Coulomb (SR)   Coul. recip.      Potential
    6.60051e+03    7.94191e+03   -1.21653e+05    2.80040e+02   -1.00982e+05
    Kinetic En.   Total Energy  Conserved En.    Temperature Pressure (bar)
    1.12291e+04   -8.97524e+04   -6.94668e+04    3.53825e+02    1.06395e+03
   Constr. rmsd
    3.51961e-06

           Step           Time
         180000      360.00000

Current ref_t for group System:    362.4

   Energies (kJ/mol)
           Bond          Angle    Proper Dih. Per. Imp. Dih.          LJ-14
    7.53961e+02    1.90390e+03    2.36937e+03    8.56387e+01    9.20574e+02
     Coulomb-14        LJ (SR)   Coulomb (SR)   Coul. recip.      Potential
    6.60318e+03    6.92811e+03   -1.20084e+05    2.62563e+02   -1.00256e+05
    Kinetic En.   Total Energy  Conserved En.    Temperature Pressure (bar)
    1.14777e+04   -8.87788e+04   -6.93886e+04    3.61657e+02   -8.30864e+02
   Constr. rmsd
    2.83367e-06

           Step           Time
         181000      362.00000

Current ref_t for group System:    362.1

   Energies (kJ/mol)
           Bond          Angle    Proper Dih. Per. Imp. Dih.          LJ-14
    7.44557e+02    1.74639e+03    2.31049e+03    7.34310e+01    9.21804e+02
     Coulomb-14        LJ (SR)   Coulomb (SR)   Coul. recip.      Potential
    6.58367e+03    7.50398e+03   -1.20805e+05    2.75588e+02   -1.00645e+05
    Kinetic En.   Total Energy  Conserved En.    Temperature Pressure (bar)
    1.14156e+04   -8.92297e+04   -6.93382e+04    3.59701e+02    8.40739e+02
   Constr. rmsd
    5.47090e-06

           Step           Time
         182000      364.00000

Current ref_t for group System:    361.8

   Energies (kJ/mol)
           Bond          Angle    Proper Dih. Per. Imp. Dih.          LJ-14
    8.92299e+02    1.80288e+03    2.35272e+03    7.74903e+01    9.10786e+02
     Coulomb-14        LJ (SR)   Coulomb (SR)   Coul. recip.      Potential
    6.57544e+03    7.61620e+03   -1.20756e+05    2.82935e+02   -1.00245e+05
    Kinetic En.   Total Energy  Conserved En.    Temperature Pressure (bar)
    1.11835e+04   -8.90617e+04   -6.92870e+04    3.52388e+02    1.03244e+02
   Constr. rmsd
    3.51276e-06

           Step           Time
         183000      366.00000

Current ref_t for group System:    361.4

   Energies (kJ/mol)
           Bond          Angle    Proper Dih. Per. Imp. Dih.          LJ-14
    8.22917e+02    1.75933e+03    2.40987e+03    6.73988e+01    9.23656e+02
     Coulomb-14        LJ (SR)   Coulomb (SR)   Coul. recip.      Potential
    6.54717e+03    7.52564e+03   -1.21171e+05    2.38630e+02   -1.00876e+05
    Kinetic En.   Total Energy  Conserved En.    Temperature Pressure (bar)
    1.13815e+04   -8.94948e+04   -6.91779e+04    3.58628e+02    5.33119e+02
   Constr. rmsd
    4.09581e-06

           Step           Time
         184000      368.00000

Current ref_t for group System:    361.1

   Energies (kJ/mol)
           Bond          Angle    Proper Dih. Per. Imp. Dih.          LJ-14
    9.65227e+02    1.83061e+03    2.34252e+03    8.46582e+01    8.97595e+02
     Coulomb-14        LJ (SR)   Coulomb (SR)   Coul. recip.      Potential
    6.54819e+03    7.48579e+03   -1.20877e+05    2.59603e+02   -1.00463e+05
    Kinetic En.   Total Energy  Conserved En.    Temperature Pressure (bar)
    1.13366e+04   -8.91263e+04   -6.91065e+04    3.57213e+02   -5.29437e+02
   Constr. rmsd
    2.93295e-06

           Step           Time
         185000      370.00000

Current ref_t for group System:    360.8

   Energies (kJ/mol)
           Bond          Angle    Proper Dih. Per. Imp. Dih.          LJ-14
    8.27587e+02    1.86628e+03    2.31661e+03    6.24632e+01    9.26668e+02
     Coulomb-14        LJ (SR)   Coulomb (SR)   Coul. recip.      Potential
    6.56104e+03    7.49192e+03   -1.20445e+05    2.98059e+02   -1.00094e+05
    Kinetic En.   Total Energy  Conserved En.    Temperature Pressure (bar)
    1.14034e+04   -8.86910e+04   -6.88888e+04    3.59317e+02    3.13522e+01
   Constr. rmsd
    3.39169e-06

           Step           Time
         186000      372.00000

Current ref_t for group System:    360.5

   Energies (kJ/mol)
           Bond          Angle    Proper Dih. Per. Imp. Dih.          LJ-14
    9.80985e+02    1.73474e+03    2.33880e+03    5.89379e+01    9.29214e+02
     Coulomb-14        LJ (SR)   Coulomb (SR)   Coul. recip.      Potential
    6.56307e+03    6.88791e+03   -1.19864e+05    2.86504e+02   -1.00084e+05
    Kinetic En.   Total Energy  Conserved En.    Temperature Pressure (bar)
    1.15192e+04   -8.85647e+04   -6.87923e+04    3.62966e+02   -1.08706e+03
   Constr. rmsd
    3.46512e-06

           Step           Time
         187000      374.00000

Current ref_t for group System:    360.2

   Energies (kJ/mol)
           Bond          Angle    Proper Dih. Per. Imp. Dih.          LJ-14
    8.30342e+02    1.74528e+03    2.35476e+03    8.64547e+01    9.15016e+02
     Coulomb-14        LJ (SR)   Coulomb (SR)   Coul. recip.      Potential
    6.58533e+03    7.36424e+03   -1.21106e+05    2.68991e+02   -1.00955e+05
    Kinetic En.   Total Energy  Conserved En.    Temperature Pressure (bar)
    1.14305e+04   -8.95249e+04   -6.87185e+04    3.60170e+02   -3.54862e+01
   Constr. rmsd
    3.48012e-06

           Step           Time
         188000      376.00000

Current ref_t for group System:    359.8

   Energies (kJ/mol)
           Bond          Angle    Proper Dih. Per. Imp. Dih.          LJ-14
    8.18533e+02    1.86409e+03    2.40792e+03    7.78683e+01    8.58597e+02
     Coulomb-14        LJ (SR)   Coulomb (SR)   Coul. recip.      Potential
    6.51421e+03    7.82753e+03   -1.21382e+05    2.97572e+02   -1.00716e+05
    Kinetic En.   Total Energy  Conserved En.    Temperature Pressure (bar)
    1.12521e+04   -8.94635e+04   -6.86596e+04    3.54551e+02    6.86059e+02
   Constr. rmsd
    2.64420e-06

           Step           Time
         189000      378.00000

Current ref_t for group System:    359.5

   Energies (kJ/mol)
           Bond          Angle    Proper Dih. Per. Imp. Dih.          LJ-14
    8.33540e+02    1.82270e+03    2.36894e+03    7.48175e+01    9.31523e+02
     Coulomb-14        LJ (SR)   Coulomb (SR)   Coul. recip.      Potential
    6.56442e+03    7.44207e+03   -1.20922e+05    2.94741e+02   -1.00589e+05
    Kinetic En.   Total Energy  Conserved En.    Temperature Pressure (bar)
    1.14481e+04   -8.91407e+04   -6.85993e+04    3.60725e+02    8.32840e+02
   Constr. rmsd
    3.68795e-06

           Step           Time
         190000      380.00000

Current ref_t for group System:    359.2

   Energies (kJ/mol)
           Bond          Angle    Proper Dih. Per. Imp. Dih.          LJ-14
    8.14903e+02    1.92241e+03    2.29774e+03    9.23113e+01    9.45248e+02
     Coulomb-14        LJ (SR)   Coulomb (SR)   Coul. recip.      Potential
    6.62033e+03    7.93948e+03   -1.20819e+05    3.09189e+02   -9.98771e+04
    Kinetic En.   Total Energy  Conserved En.    Temperature Pressure (bar)
    1.14195e+04   -8.84577e+04   -6.85642e+04    3.59824e+02    1.65371e+03
   Constr. rmsd
    3.11140e-06

           Step           Time
         191000      382.00000

Current ref_t for group System:    358.9

   Energies (kJ/mol)
           Bond          Angle    Proper Dih. Per. Imp. Dih.          LJ-14
    8.58490e+02    1.70306e+03    2.30043e+03    8.14416e+01    8.52940e+02
     Coulomb-14        LJ (SR)   Coulomb (SR)   Coul. recip.      Potential
    6.57226e+03    7.23440e+03   -1.20901e+05    2.78187e+02   -1.01020e+05
    Kinetic En.   Total Energy  Conserved En.    Temperature Pressure (bar)
    1.12800e+04   -8.97403e+04   -6.85528e+04    3.55429e+02   -9.14058e+02
   Constr. rmsd
    3.04865e-06

           Step           Time
         192000      384.00000

Current ref_t for group System:    358.6

   Energies (kJ/mol)
           Bond          Angle    Proper Dih. Per. Imp. Dih.          LJ-14
    8.34159e+02    1.87354e+03    2.28221e+03    8.06264e+01    8.87628e+02
     Coulomb-14        LJ (SR)   Coulomb (SR)   Coul. recip.      Potential
    6.54376e+03    7.46700e+03   -1.20506e+05    3.04505e+02   -1.00233e+05
    Kinetic En.   Total Energy  Conserved En.    Temperature Pressure (bar)
    1.13424e+04   -8.88906e+04   -6.84975e+04    3.57397e+02   -2.38451e+02
   Constr. rmsd
    3.11027e-06

           Step           Time
         193000      386.00000

Current ref_t for group System:    358.2

   Energies (kJ/mol)
           Bond          Angle    Proper Dih. Per. Imp. Dih.          LJ-14
    7.98274e+02    1.74135e+03    2.29790e+03    8.24552e+01    9.27885e+02
     Coulomb-14        LJ (SR)   Coulomb (SR)   Coul. recip.      Potential
    6.64062e+03    7.27439e+03   -1.20745e+05    2.95428e+02   -1.00687e+05
    Kinetic En.   Total Energy  Conserved En.    Temperature Pressure (bar)
    1.16422e+04   -8.90448e+04   -6.84393e+04    3.66841e+02   -2.71367e+02
   Constr. rmsd
    3.54193e-06

           Step           Time
         194000      388.00000

Current ref_t for group System:    357.9

   Energies (kJ/mol)
           Bond          Angle    Proper Dih. Per. Imp. Dih.          LJ-14
    8.24383e+02    1.81461e+03    2.30521e+03    7.03381e+01    9.34347e+02
     Coulomb-14        LJ (SR)   Coulomb (SR)   Coul. recip.      Potential
    6.56796e+03    7.27861e+03   -1.20925e+05    2.72715e+02   -1.00857e+05
    Kinetic En.   Total Energy  Conserved En.    Temperature Pressure (bar)
    1.11260e+04   -8.97308e+04   -6.84062e+04    3.50578e+02   -2.46012e+02
   Constr. rmsd
    3.16407e-06

           Step           Time
         195000      390.00000

Current ref_t for group System:    357.6

   Energies (kJ/mol)
           Bond          Angle    Proper Dih. Per. Imp. Dih.          LJ-14
    8.92238e+02    1.64302e+03    2.22154e+03    6.55265e+01    9.21671e+02
     Coulomb-14        LJ (SR)   Coulomb (SR)   Coul. recip.      Potential
    6.56910e+03    7.30581e+03   -1.20253e+05    2.98178e+02   -1.00336e+05
    Kinetic En.   Total Energy  Conserved En.    Temperature Pressure (bar)
    1.15350e+04   -8.88008e+04   -6.82768e+04    3.63464e+02   -2.56611e+02
   Constr. rmsd
    3.54164e-06

           Step           Time
         196000      392.00000

Current ref_t for group System:    357.3

   Energies (kJ/mol)
           Bond          Angle    Proper Dih. Per. Imp. Dih.          LJ-14
    7.01677e+02    1.91459e+03    2.32964e+03    5.86489e+01    9.08080e+02
     Coulomb-14        LJ (SR)   Coulomb (SR)   Coul. recip.      Potential
    6.58013e+03    7.23011e+03   -1.20811e+05    2.52018e+02   -1.00836e+05
    Kinetic En.   Total Energy  Conserved En.    Temperature Pressure (bar)
    1.11860e+04   -8.96501e+04   -6.82146e+04    3.52466e+02    3.24798e+02
   Constr. rmsd
    2.98950e-06

           Step           Time
         197000      394.00000

Current ref_t for group System:    357.0

   Energies (kJ/mol)
           Bond          Angle    Proper Dih. Per. Imp. Dih.          LJ-14
    7.77258e+02    1.66430e+03    2.32207e+03    8.00348e+01    9.37645e+02
     Coulomb-14        LJ (SR)   Coulomb (SR)   Coul. recip.      Potential
    6.56360e+03    7.42490e+03   -1.21428e+05    2.83529e+02   -1.01374e+05
    Kinetic En.   Total Energy  Conserved En.    Temperature Pressure (bar)
    1.14743e+04   -8.99001e+04   -6.82061e+04    3.61552e+02    4.32047e+02
   Constr. rmsd
    4.06922e-06

           Step           Time
         198000      396.00000

Current ref_t for group System:    356.6

   Energies (kJ/mol)
           Bond          Angle    Proper Dih. Per. Imp. Dih.          LJ-14
    8.71994e+02    1.82740e+03    2.36069e+03    6.86762e+01    9.06889e+02
     Coulomb-14        LJ (SR)   Coulomb (SR)   Coul. recip.      Potential
    6.57254e+03    6.92925e+03   -1.20474e+05    2.48357e+02   -1.00688e+05
    Kinetic En.   Total Energy  Conserved En.    Temperature Pressure (bar)
    1.14180e+04   -8.92699e+04   -6.81427e+04    3.59777e+02   -1.06806e+03
   Constr. rmsd
    3.02016e-06

           Step           Time
         199000      398.00000

Current ref_t for group System:    356.3

   Energies (kJ/mol)
           Bond          Angle    Proper Dih. Per. Imp. Dih.          LJ-14
    9.01168e+02    1.74300e+03    2.33000e+03    9.98765e+01    8.56751e+02
     Coulomb-14        LJ (SR)   Coulomb (SR)   Coul. recip.      Potential
    6.56524e+03    7.26480e+03   -1.20321e+05    3.09431e+02   -1.00251e+05
    Kinetic En.   Total Energy  Conserved En.    Temperature Pressure (bar)
    1.12576e+04   -8.89933e+04   -6.79170e+04    3.54722e+02   -1.92366e+03
   Constr. rmsd
    3.21962e-06

           Step           Time
         200000      400.00000

Current ref_t for group System:    356.0

   Energies (kJ/mol)
           Bond          Angle    Proper Dih. Per. Imp. Dih.          LJ-14
    8.23736e+02    1.78227e+03    2.39272e+03    1.13248e+02    9.38182e+02
     Coulomb-14        LJ (SR)   Coulomb (SR)   Coul. recip.      Potential
    6.56556e+03    7.08337e+03   -1.19902e+05    2.70005e+02   -9.99325e+04
    Kinetic En.   Total Energy  Conserved En.    Temperature Pressure (bar)
    1.14318e+04   -8.85007e+04   -6.70978e+04    3.60211e+02   -1.15574e+03
   Constr. rmsd
    3.17523e-06

           Step           Time
         201000      402.00000

Current ref_t for group System:    355.7

   Energies (kJ/mol)
           Bond          Angle    Proper Dih. Per. Imp. Dih.          LJ-14
    8.30362e+02    1.80779e+03    2.34840e+03    8.05533e+01    9.11252e+02
     Coulomb-14        LJ (SR)   Coulomb (SR)   Coul. recip.      Potential
    6.55459e+03    7.32026e+03   -1.21008e+05    2.66268e+02   -1.00889e+05
    Kinetic En.   Total Energy  Conserved En.    Temperature Pressure (bar)
    1.11181e+04   -8.97708e+04   -6.66974e+04    3.50327e+02   -1.49117e+02
   Constr. rmsd
    2.93067e-06

           Step           Time
         202000      404.00000

Current ref_t for group System:    355.4

   Energies (kJ/mol)
           Bond          Angle    Proper Dih. Per. Imp. Dih.          LJ-14
    8.95184e+02    1.84896e+03    2.34747e+03    5.95225e+01    9.22704e+02
     Coulomb-14        LJ (SR)   Coulomb (SR)   Coul. recip.      Potential
    6.59679e+03    7.62519e+03   -1.21971e+05    2.09909e+02   -1.01465e+05
    Kinetic En.   Total Energy  Conserved En.    Temperature Pressure (bar)
    1.13367e+04   -9.01287e+04   -6.64760e+04    3.57217e+02    7.09355e+02
   Constr. rmsd
    2.73913e-06

           Step           Time
         203000      406.00000

Current ref_t for group System:    355.0

   Energies (kJ/mol)
           Bond          Angle    Proper Dih. Per. Imp. Dih.          LJ-14
    9.13500e+02    1.81369e+03    2.34657e+03    8.83516e+01    9.34753e+02
     Coulomb-14        LJ (SR)   Coulomb (SR)   Coul. recip.      Potential
    6.57270e+03    7.61978e+03   -1.21465e+05    2.51045e+02   -1.00925e+05
    Kinetic En.   Total Energy  Conserved En.    Temperature Pressure (bar)
    1.12732e+04   -8.96516e+04   -6.62440e+04    3.55215e+02   -4.44482e+02
   Constr. rmsd
    4.15254e-06

           Step           Time
         204000      408.00000

Current ref_t for group System:    354.7

   Energies (kJ/mol)
           Bond          Angle    Proper Dih. Per. Imp. Dih.          LJ-14
    8.61476e+02    1.81398e+03    2.32476e+03    8.96896e+01    9.07515e+02
     Coulomb-14        LJ (SR)   Coulomb (SR)   Coul. recip.      Potential
    6.56781e+03    7.45912e+03   -1.21552e+05    2.41898e+02   -1.01286e+05
    Kinetic En.   Total Energy  Conserved En.    Temperature Pressure (bar)
    1.10726e+04   -9.02135e+04   -6.62035e+04    3.48892e+02   -8.51375e+02
   Constr. rmsd
    3.42094e-06

           Step           Time
         205000      410.00000

Current ref_t for group System:    354.4

   Energies (kJ/mol)
           Bond          Angle    Proper Dih. Per. Imp. Dih.          LJ-14
    8.84454e+02    1.82118e+03    2.39321e+03    9.45582e+01    8.66404e+02
     Coulomb-14        LJ (SR)   Coulomb (SR)   Coul. recip.      Potential
    6.53686e+03    7.30274e+03   -1.21018e+05    2.72052e+02   -1.00847e+05
    Kinetic En.   Total Energy  Conserved En.    Temperature Pressure (bar)
    1.11787e+04   -8.96684e+04   -6.61791e+04    3.52236e+02   -1.18837e+03
   Constr. rmsd
    3.18207e-06

           Step           Time
         206000      412.00000

Current ref_t for group System:    354.1

   Energies (kJ/mol)
           Bond          Angle    Proper Dih. Per. Imp. Dih.          LJ-14
    8.77561e+02    1.85917e+03    2.38759e+03    8.33333e+01    9.33720e+02
     Coulomb-14        LJ (SR)   Coulomb (SR)   Coul. recip.      Potential
    6.59062e+03    7.31294e+03   -1.21336e+05    2.47060e+02   -1.01044e+05
    Kinetic En.   Total Energy  Conserved En.    Temperature Pressure (bar)
    1.15244e+04   -8.95191e+04   -6.61065e+04    3.63131e+02   -2.58744e+01
   Constr. rmsd
    3.84179e-06

           Step           Time
         207000      414.00000

Current ref_t for group System:    353.8

   Energies (kJ/mol)
           Bond          Angle    Proper Dih. Per. Imp. Dih.          LJ-14
    9.30549e+02    1.75980e+03    2.32241e+03    7.00179e+01    9.61509e+02
     Coulomb-14        LJ (SR)   Coulomb (SR)   Coul. recip.      Potential
    6.58748e+03    7.36787e+03   -1.21257e+05    2.31128e+02   -1.01026e+05
    Kinetic En.   Total Energy  Conserved En.    Temperature Pressure (bar)
    1.12533e+04   -8.97730e+04   -6.60852e+04    3.54589e+02   -8.15914e+02
   Constr. rmsd
    3.09649e-06

           Step           Time
         208000      416.00000

Current ref_t for group System:    353.4

   Energies (kJ/mol)
           Bond          Angle    Proper Dih. Per. Imp. Dih.          LJ-14
    8.62582e+02    1.78640e+03    2.33249e+03    1.06714e+02    9.26265e+02
     Coulomb-14        LJ (SR)   Coulomb (SR)   Coul. recip.      Potential
    6.53621e+03    8.05485e+03   -1.22131e+05    2.56499e+02   -1.01269e+05
    Kinetic En.   Total Energy  Conserved En.    Temperature Pressure (bar)
    1.12487e+04   -9.00208e+04   -6.59833e+04    3.54443e+02    2.90320e+02
   Constr. rmsd
    3.37844e-06

           Step           Time
         209000      418.00000

Current ref_t for group System:    353.1

   Energies (kJ/mol)
           Bond          Angle    Proper Dih. Per. Imp. Dih.          LJ-14
    8.46018e+02    1.75258e+03    2.29918e+03    6.33147e+01    9.12085e+02
     Coulomb-14        LJ (SR)   Coulomb (SR)   Coul. recip.      Potential
    6.54548e+03    7.76403e+03   -1.22231e+05    2.54228e+02   -1.01794e+05
    Kinetic En.   Total Energy  Conserved En.    Temperature Pressure (bar)
    1.10033e+04   -9.07908e+04   -6.58598e+04    3.46710e+02    1.91960e+02
   Constr. rmsd
    2.68751e-06

           Step           Time
         210000      420.00000

Current ref_t for group System:    352.8

   Energies (kJ/mol)
           Bond          Angle    Proper Dih. Per. Imp. Dih.          LJ-14
    8.56387e+02    1.75044e+03    2.31406e+03    7.10350e+01    9.10394e+02
     Coulomb-14        LJ (SR)   Coulomb (SR)   Coul. recip.      Potential
    6.65308e+03    7.67058e+03   -1.21737e+05    2.60707e+02   -1.01251e+05
    Kinetic En.   Total Energy  Conserved En.    Temperature Pressure (bar)
    1.14055e+04   -8.98452e+04   -6.57999e+04    3.59383e+02   -3.06072e+02
   Constr. rmsd
    3.17153e-06

           Step           Time
         211000      422.00000

Current ref_t for group System:    352.5

   Energies (kJ/mol)
           Bond          Angle    Proper Dih. Per. Imp. Dih.          LJ-14
    8.42337e+02    1.89960e+03    2.29238e+03    7.26159e+01    9.13683e+02
     Coulomb-14        LJ (SR)   Coulomb (SR)   Coul. recip.      Potential
    6.59549e+03    7.62483e+03   -1.21740e+05    2.45749e+02   -1.01254e+05
    Kinetic En.   Total Energy  Conserved En.    Temperature Pressure (bar)
    1.12439e+04   -9.00098e+04   -6.56756e+04    3.54292e+02    2.28479e+02
   Constr. rmsd
    3.12924e-06

           Step           Time
         212000      424.00000

Current ref_t for group System:    352.2

   Energies (kJ/mol)
           Bond          Angle    Proper Dih. Per. Imp. Dih.          LJ-14
    8.52835e+02    1.74191e+03    2.34328e+03    7.71463e+01    9.46342e+02
     Coulomb-14        LJ (SR)   Coulomb (SR)   Coul. recip.      Potential
    6.60092e+03    7.98831e+03   -1.21809e+05    2.67064e+02   -1.00991e+05
    Kinetic En.   Total Energy  Conserved En.    Temperature Pressure (bar)
    1.12153e+04   -8.97758e+04   -6.55155e+04    3.53391e+02    1.27078e+03
   Constr. rmsd
    3.94559e-06

           Step           Time
         213000      426.00000

Current ref_t for group System:    351.8

   Energies (kJ/mol)
           Bond          Angle    Proper Dih. Per. Imp. Dih.          LJ-14
    8.82278e+02    1.70718e+03    2.36479e+03    7.86187e+01    8.66136e+02
     Coulomb-14        LJ (SR)   Coulomb (SR)   Coul. recip.      Potential
    6.57705e+03    8.01207e+03   -1.21789e+05    2.76331e+02   -1.01025e+05
    Kinetic En.   Total Energy  Conserved En.    Temperature Pressure (bar)
    1.12214e+04   -8.98032e+04   -6.55078e+04    3.53583e+02    3.97288e+02
   Constr. rmsd
    3.63224e-06

           Step           Time
         214000      428.00000

Current ref_t for group System:    351.5

   Energies (kJ/mol)
           Bond          Angle    Proper Dih. Per. Imp. Dih.          LJ-14
    7.98569e+02    1.72213e+03    2.32826e+03    8.30272e+01    8.95382e+02
     Coulomb-14        LJ (SR)   Coulomb (SR)   Coul. recip.      Potential
    6.58312e+03    7.60146e+03   -1.21278e+05    2.70556e+02   -1.00995e+05
    Kinetic En.   Total Energy  Conserved En.    Temperature Pressure (bar)
    1.10827e+04   -8.99126e+04   -6.54464e+04    3.49212e+02   -3.97903e+02
   Constr. rmsd
    3.80787e-06

           Step           Time
         215000      430.00000

Current ref_t for group System:    351.2

   Energies (kJ/mol)
           Bond          Angle    Proper Dih. Per. Imp. Dih.          LJ-14
    7.79290e+02    1.71692e+03    2.37279e+03    7.12238e+01    9.30198e+02
     Coulomb-14        LJ (SR)   Coulomb (SR)   Coul. recip.      Potential
    6.60713e+03    7.42935e+03   -1.20864e+05    2.54554e+02   -1.00702e+05
    Kinetic En.   Total Energy  Conserved En.    Temperature Pressure (bar)
    1.12179e+04   -8.94843e+04   -6.51950e+04    3.53472e+02    2.04866e+02
   Constr. rmsd
    3.14253e-06

           Step           Time
         216000      432.00000

Current ref_t for group System:    350.9

   Energies (kJ/mol)
           Bond          Angle    Proper Dih. Per. Imp. Dih.          LJ-14
    7.93276e+02    1.74373e+03    2.40036e+03    7.50095e+01    9.03278e+02
     Coulomb-14        LJ (SR)   Coulomb (SR)   Coul. recip.      Potential
    6.60193e+03    7.60760e+03   -1.21658e+05    2.67512e+02   -1.01265e+05
    Kinetic En.   Total Energy  Conserved En.    Temperature Pressure (bar)
    1.13027e+04   -8.99625e+04   -6.51432e+04    3.56144e+02    1.34969e+02
   Constr. rmsd
    2.77464e-06

           Step           Time
         217000      434.00000

Current ref_t for group System:    350.6

   Energies (kJ/mol)
           Bond          Angle    Proper Dih. Per. Imp. Dih.          LJ-14
    7.82890e+02    1.69767e+03    2.32067e+03    7.85267e+01    9.10200e+02
     Coulomb-14        LJ (SR)   Coulomb (SR)   Coul. recip.      Potential
    6.63191e+03    7.50171e+03   -1.21361e+05    2.39333e+02   -1.01199e+05
    Kinetic En.   Total Energy  Conserved En.    Temperature Pressure (bar)
    1.11050e+04   -9.00936e+04   -6.51349e+04    3.49914e+02   -1.29076e+02
   Constr. rmsd
    2.77895e-06

           Step           Time
         218000      436.00000

Current ref_t for group System:    350.2

   Energies (kJ/mol)
           Bond          Angle    Proper Dih. Per. Imp. Dih.          LJ-14
    7.48061e+02    1.73191e+03    2.31419e+03    5.76304e+01    9.11017e+02
     Coulomb-14        LJ (SR)   Coulomb (SR)   Coul. recip.      Potential
    6.64591e+03    8.16198e+03   -1.22019e+05    2.58394e+02   -1.01190e+05
    Kinetic En.   Total Energy  Conserved En.    Temperature Pressure (bar)
    1.12265e+04   -8.99639e+04   -6.50215e+04    3.53742e+02    1.20747e+03
   Constr. rmsd
    4.55531e-06

           Step           Time
         219000      438.00000

Current ref_t for group System:    349.9

   Energies (kJ/mol)
           Bond          Angle    Proper Dih. Per. Imp. Dih.          LJ-14
    8.06537e+02    1.75400e+03    2.28961e+03    6.24728e+01    9.73431e+02
     Coulomb-14        LJ (SR)   Coulomb (SR)   Coul. recip.      Potential
    6.63299e+03    7.67320e+03   -1.21554e+05    2.73253e+02   -1.01088e+05
    Kinetic En.   Total Energy  Conserved En.    Temperature Pressure (bar)
    1.09643e+04   -9.01241e+04   -6.49732e+04    3.45481e+02    1.02850e+03
   Constr. rmsd
    3.57159e-06

           Step           Time
         220000      440.00000

Current ref_t for group System:    349.6

   Energies (kJ/mol)
           Bond          Angle    Proper Dih. Per. Imp. Dih.          LJ-14
    8.27118e+02    1.81285e+03    2.18831e+03    4.69354e+01    9.36128e+02
     Coulomb-14        LJ (SR)   Coulomb (SR)   Coul. recip.      Potential
    6.64051e+03    7.36907e+03   -1.21376e+05    2.34838e+02   -1.01320e+05
    Kinetic En.   Total Energy  Conserved En.    Temperature Pressure (bar)
    1.12304e+04   -9.00897e+04   -6.49604e+04    3.53867e+02    2.68417e+02
   Constr. rmsd
    3.37548e-06

           Step           Time
         221000      442.00000

Current ref_t for group System:    349.3

   Energies (kJ/mol)
           Bond          Angle    Proper Dih. Per. Imp. Dih.          LJ-14
    8.97022e+02    1.83512e+03    2.29378e+03    5.96981e+01    9.37737e+02
     Coulomb-14        LJ (SR)   Coulomb (SR)   Coul. recip.      Potential
    6.64413e+03    6.97693e+03   -1.20515e+05    2.69829e+02   -1.00601e+05
    Kinetic En.   Total Energy  Conserved En.    Temperature Pressure (bar)
    1.10620e+04   -8.95392e+04   -6.49384e+04    3.48561e+02   -6.02311e+02
   Constr. rmsd
    3.77509e-06

           Step           Time
         222000      444.00000

Current ref_t for group System:    349.0

   Energies (kJ/mol)
           Bond          Angle    Proper Dih. Per. Imp. Dih.          LJ-14
    8.25426e+02    1.79104e+03    2.31035e+03    7.85949e+01    9.33094e+02
     Coulomb-14        LJ (SR)   Coulomb (SR)   Coul. recip.      Potential
    6.59961e+03    7.59762e+03   -1.21349e+05    2.83950e+02   -1.00929e+05
    Kinetic En.   Total Energy  Conserved En.    Temperature Pressure (bar)
    1.09277e+04   -9.00013e+04   -6.49033e+04    3.44329e+02    2.39327e+02
   Constr. rmsd
    2.91654e-06

           Step           Time
         223000      446.00000

Current ref_t for group System:    348.6

   Energies (kJ/mol)
           Bond          Angle    Proper Dih. Per. Imp. Dih.          LJ-14
    7.94514e+02    1.68207e+03    2.29386e+03    7.04316e+01    9.05227e+02
     Coulomb-14        LJ (SR)   Coulomb (SR)   Coul. recip.      Potential
    6.64489e+03    7.41126e+03   -1.21724e+05    2.27030e+02   -1.01695e+05
    Kinetic En.   Total Energy  Conserved En.    Temperature Pressure (bar)
    1.09535e+04   -9.07412e+04   -6.47704e+04    3.45140e+02   -3.13467e+02
   Constr. rmsd
    3.34717e-06

           Step           Time
         224000      448.00000

Current ref_t for group System:    348.3

   Energies (kJ/mol)
           Bond          Angle    Proper Dih. Per. Imp. Dih.          LJ-14
    7.82924e+02    1.72376e+03    2.16244e+03    6.54167e+01    9.18570e+02
     Coulomb-14        LJ (SR)   Coulomb (SR)   Coul. recip.      Potential
    6.60418e+03    7.38592e+03   -1.21718e+05    2.35547e+02   -1.01840e+05
    Kinetic En.   Total Energy  Conserved En.    Temperature Pressure (bar)
    1.10863e+04   -9.07532e+04   -6.46902e+04    3.49327e+02    1.60814e+01
   Constr. rmsd
    3.46533e-06

           Step           Time
         225000      450.00000

Current ref_t for group System:    348.0

   Energies (kJ/mol)
           Bond          Angle    Proper Dih. Per. Imp. Dih.          LJ-14
    8.27388e+02    1.56778e+03    2.36414e+03    5.76930e+01    9.46648e+02
     Coulomb-14        LJ (SR)   Coulomb (SR)   Coul. recip.      Potential
    6.60379e+03    7.12434e+03   -1.21359e+05    2.75394e+02   -1.01592e+05
    Kinetic En.   Total Energy  Conserved En.    Temperature Pressure (bar)
    1.09691e+04   -9.06232e+04   -6.46381e+04    3.45632e+02   -2.56594e+02
   Constr. rmsd
    2.81156e-06

           Step           Time
         226000      452.00000

Current ref_t for group System:    347.7

   Energies (kJ/mol)
           Bond          Angle    Proper Dih. Per. Imp. Dih.          LJ-14
    8.06206e+02    1.71388e+03    2.30254e+03    6.80235e+01    9.29455e+02
     Coulomb-14        LJ (SR)   Coulomb (SR)   Coul. recip.      Potential
    6.67987e+03    7.05083e+03   -1.21221e+05    2.43157e+02   -1.01427e+05
    Kinetic En.   Total Energy  Conserved En.    Temperature Pressure (bar)
    1.11455e+04   -9.02813e+04   -6.45138e+04    3.51191e+02   -3.78485e+02
   Constr. rmsd
    3.19939e-06

           Step           Time
         227000      454.00000

Current ref_t for group System:    347.4

   Energies (kJ/mol)
           Bond          Angle    Proper Dih. Per. Imp. Dih.          LJ-14
    8.00897e+02    1.54680e+03    2.32552e+03    6.55087e+01    8.89488e+02
     Coulomb-14        LJ (SR)   Coulomb (SR)   Coul. recip.      Potential
    6.66049e+03    7.82759e+03   -1.22126e+05    2.86384e+02   -1.01723e+05
    Kinetic En.   Total Energy  Conserved En.    Temperature Pressure (bar)
    1.12248e+04   -9.04985e+04   -6.44958e+04    3.53690e+02   -8.76948e+01
   Constr. rmsd
    3.03797e-06

           Step           Time
         228000      456.00000

Current ref_t for group System:    347.0

   Energies (kJ/mol)
           Bond          Angle    Proper Dih. Per. Imp. Dih.          LJ-14
    8.09685e+02    1.66364e+03    2.39527e+03    7.76017e+01    8.99780e+02
     Coulomb-14        LJ (SR)   Coulomb (SR)   Coul. recip.      Potential
    6.59190e+03    7.55443e+03   -1.21378e+05    2.40416e+02   -1.01145e+05
    Kinetic En.   Total Energy  Conserved En.    Temperature Pressure (bar)
    1.12792e+04   -8.98660e+04   -6.44366e+04    3.55404e+02   -3.38233e+02
   Constr. rmsd
    3.93514e-06

           Step           Time
         229000      458.00000

Current ref_t for group System:    346.7

   Energies (kJ/mol)
           Bond          Angle    Proper Dih. Per. Imp. Dih.          LJ-14
    8.59533e+02    1.61944e+03    2.32159e+03    5.46473e+01    9.41642e+02
     Coulomb-14        LJ (SR)   Coulomb (SR)   Coul. recip.      Potential
    6.57545e+03    7.01172e+03   -1.20842e+05    2.33249e+02   -1.01225e+05
    Kinetic En.   Total Energy  Conserved En.    Temperature Pressure (bar)
    1.10568e+04   -9.01683e+04   -6.43097e+04    3.48396e+02   -6.65461e+02
   Constr. rmsd
    3.04086e-06

           Step           Time
         230000      460.00000

Current ref_t for group System:    346.4

   Energies (kJ/mol)
           Bond          Angle    Proper Dih. Per. Imp. Dih.          LJ-14
    7.96481e+02    1.63277e+03    2.42006e+03    6.16297e+01    9.29257e+02
     Coulomb-14        LJ (SR)   Coulomb (SR)   Coul. recip.      Potential
    6.66061e+03    7.56258e+03   -1.21858e+05    2.40759e+02   -1.01554e+05
    Kinetic En.   Total Energy  Conserved En.    Temperature Pressure (bar)
    1.08128e+04   -9.07409e+04   -6.42230e+04    3.40709e+02    2.17351e+02
   Constr. rmsd
    3.17607e-06

           Step           Time
         231000      462.00000

Current ref_t for group System:    346.1

   Energies (kJ/mol)
           Bond          Angle    Proper Dih. Per. Imp. Dih.          LJ-14
    9.10993e+02    1.67649e+03    2.29963e+03    7.56942e+01    9.10169e+02
     Coulomb-14        LJ (SR)   Coulomb (SR)   Coul. recip.      Potential
    6.60220e+03    7.95267e+03   -1.22421e+05    2.39946e+02   -1.01753e+05
    Kinetic En.   Total Energy  Conserved En.    Temperature Pressure (bar)
    1.09903e+04   -9.07628e+04   -6.41346e+04    3.46299e+02    1.74840e+02
   Constr. rmsd
    2.96874e-06

           Step           Time
         232000      464.00000

Current ref_t for group System:    345.8

   Energies (kJ/mol)
           Bond          Angle    Proper Dih. Per. Imp. Dih.          LJ-14
    7.57301e+02    1.83178e+03    2.30844e+03    5.31603e+01    9.22269e+02
     Coulomb-14        LJ (SR)   Coulomb (SR)   Coul. recip.      Potential
    6.64667e+03    8.12736e+03   -1.22752e+05    2.42782e+02   -1.01863e+05
    Kinetic En.   Total Energy  Conserved En.    Temperature Pressure (bar)
    1.11158e+04   -9.07467e+04   -6.39232e+04    3.50256e+02    1.05697e+03
   Constr. rmsd
    3.43502e-06

           Step           Time
         233000      466.00000

Current ref_t for group System:    345.4

   Energies (kJ/mol)
           Bond          Angle    Proper Dih. Per. Imp. Dih.          LJ-14
    8.20321e+02    1.68372e+03    2.32129e+03    7.42473e+01    9.31018e+02
     Coulomb-14        LJ (SR)   Coulomb (SR)   Coul. recip.      Potential
    6.66755e+03    7.38472e+03   -1.21965e+05    2.30297e+02   -1.01852e+05
    Kinetic En.   Total Energy  Conserved En.    Temperature Pressure (bar)
    1.14031e+04   -9.04485e+04   -6.37903e+04    3.59308e+02   -8.64720e+01
   Constr. rmsd
    3.97711e-06

           Step           Time
         234000      468.00000

Current ref_t for group System:    345.1

   Energies (kJ/mol)
           Bond          Angle    Proper Dih. Per. Imp. Dih.          LJ-14
    8.06930e+02    1.68264e+03    2.30962e+03    6.10175e+01    9.33544e+02
     Coulomb-14        LJ (SR)   Coulomb (SR)   Coul. recip.      Potential
    6.65074e+03    7.93459e+03   -1.21889e+05    2.36544e+02   -1.01273e+05
    Kinetic En.   Total Energy  Conserved En.    Temperature Pressure (bar)
    1.09371e+04   -9.03359e+04   -6.37235e+04    3.44623e+02    1.29427e+03
   Constr. rmsd
    3.79685e-06

           Step           Time
         235000      470.00000

Current ref_t for group System:    344.8

   Energies (kJ/mol)
           Bond          Angle    Proper Dih. Per. Imp. Dih.          LJ-14
    7.80913e+02    1.79437e+03    2.27683e+03    6.93087e+01    8.82154e+02
     Coulomb-14        LJ (SR)   Coulomb (SR)   Coul. recip.      Potential
    6.61328e+03    7.11236e+03   -1.21287e+05    2.52672e+02   -1.01505e+05
    Kinetic En.   Total Energy  Conserved En.    Temperature Pressure (bar)
    1.09428e+04   -9.05624e+04   -6.36867e+04    3.44803e+02   -1.12585e+02
   Constr. rmsd
    3.02100e-06

           Step           Time
         236000      472.00000

Current ref_t for group System:    344.5

   Energies (kJ/mol)
           Bond          Angle    Proper Dih. Per. Imp. Dih.          LJ-14
    7.92640e+02    1.60923e+03    2.28428e+03    7.69333e+01    9.15706e+02
     Coulomb-14        LJ (SR)   Coulomb (SR)   Coul. recip.      Potential
    6.57626e+03    7.50712e+03   -1.22036e+05    2.56210e+02   -1.02018e+05
    Kinetic En.   Total Energy  Conserved En.    Temperature Pressure (bar)
    1.07431e+04   -9.12745e+04   -6.36725e+04    3.38513e+02   -4.66497e+02
   Constr. rmsd
    3.80428e-06

           Step           Time
         237000      474.00000

Current ref_t for group System:    344.2

   Energies (kJ/mol)
           Bond          Angle    Proper Dih. Per. Imp. Dih.          LJ-14
    8.64122e+02    1.75276e+03    2.30527e+03    7.18869e+01    9.55403e+02
     Coulomb-14        LJ (SR)   Coulomb (SR)   Coul. recip.      Potential
    6.65063e+03    7.72339e+03   -1.22428e+05    2.36779e+02   -1.01868e+05
    Kinetic En.   Total Energy  Conserved En.    Temperature Pressure (bar)
    1.10553e+04   -9.08124e+04   -6.35010e+04    3.48350e+02    9.68377e+02
   Constr. rmsd
    2.90643e-06

           Step           Time
         238000      476.00000

Current ref_t for group System:    343.8

   Energies (kJ/mol)
           Bond          Angle    Proper Dih. Per. Imp. Dih.          LJ-14
    7.41945e+02    1.80543e+03    2.30873e+03    7.86534e+01    9.54000e+02
     Coulomb-14        LJ (SR)   Coulomb (SR)   Coul. recip.      Potential
    6.66913e+03    7.59408e+03   -1.21881e+05    2.52887e+02   -1.01476e+05
    Kinetic En.   Total Energy  Conserved En.    Temperature Pressure (bar)
    1.09979e+04   -9.04778e+04   -6.34458e+04    3.46539e+02    6.98329e+02
   Constr. rmsd
    3.37489e-06

           Step           Time
         239000      478.00000

Current ref_t for group System:    343.5

   Energies (kJ/mol)
           Bond          Angle    Proper Dih. Per. Imp. Dih.          LJ-14
    7.27251e+02    1.68014e+03    2.40955e+03    8.77830e+01    9.21814e+02
     Coulomb-14        LJ (SR)   Coulomb (SR)   Coul. recip.      Potential
    6.56605e+03    7.92439e+03   -1.22540e+05    2.55866e+02   -1.01968e+05
    Kinetic En.   Total Energy  Conserved En.    Temperature Pressure (bar)
    1.08517e+04   -9.11158e+04   -6.32236e+04    3.41934e+02    8.15557e+02
   Constr. rmsd
    3.33047e-06

           Step           Time
         240000      480.00000

Current ref_t for group System:    343.2

   Energies (kJ/mol)
           Bond          Angle    Proper Dih. Per. Imp. Dih.          LJ-14
    6.77020e+02    1.71138e+03    2.32438e+03    6.24836e+01    9.35022e+02
     Coulomb-14        LJ (SR)   Coulomb (SR)   Coul. recip.      Potential
    6.65645e+03    7.93297e+03   -1.22659e+05    2.33048e+02   -1.02126e+05
    Kinetic En.   Total Energy  Conserved En.    Temperature Pressure (bar)
    1.11717e+04   -9.09542e+04   -6.31625e+04    3.52015e+02    1.31899e+03
   Constr. rmsd
    3.28584e-06

           Step           Time
         241000      482.00000

Current ref_t for group System:    342.9

   Energies (kJ/mol)
           Bond          Angle    Proper Dih. Per. Imp. Dih.          LJ-14
    8.70062e+02    1.69631e+03    2.31308e+03    8.77028e+01    8.80825e+02
     Coulomb-14        LJ (SR)   Coulomb (SR)   Coul. recip.      Potential
    6.62710e+03    7.54353e+03   -1.22256e+05    2.45307e+02   -1.01992e+05
    Kinetic En.   Total Energy  Conserved En.    Temperature Pressure (bar)
    1.09494e+04   -9.10424e+04   -6.29512e+04    3.45013e+02   -1.23788e+02
   Constr. rmsd
    2.81743e-06

           Step           Time
         242000      484.00000

Current ref_t for group System:    342.6

   Energies (kJ/mol)
           Bond          Angle    Proper Dih. Per. Imp. Dih.          LJ-14
    6.85684e+02    1.67436e+03    2.30136e+03    8.34822e+01    9.30279e+02
     Coulomb-14        LJ (SR)   Coulomb (SR)   Coul. recip.      Potential
    6.60897e+03    7.58578e+03   -1.22231e+05    2.53427e+02   -1.02108e+05
    Kinetic En.   Total Energy  Conserved En.    Temperature Pressure (bar)
    1.09951e+04   -9.11125e+04   -6.28048e+04    3.46452e+02    5.85211e+02
   Constr. rmsd
    3.01449e-06

           Step           Time
         243000      486.00000

Current ref_t for group System:    342.2

   Energies (kJ/mol)
           Bond          Angle    Proper Dih. Per. Imp. Dih.          LJ-14
    7.85784e+02    1.53240e+03    2.22768e+03    1.00423e+02    8.89791e+02
     Coulomb-14        LJ (SR)   Coulomb (SR)   Coul. recip.      Potential
    6.60053e+03    7.61666e+03   -1.22322e+05    2.35854e+02   -1.02333e+05
    Kinetic En.   Total Energy  Conserved En.    Temperature Pressure (bar)
    1.09244e+04   -9.14081e+04   -6.26955e+04    3.44225e+02   -3.17115e+02
   Constr. rmsd
    2.43724e-06

           Step           Time
         244000      488.00000

Current ref_t for group System:    341.9

   Energies (kJ/mol)
           Bond          Angle    Proper Dih. Per. Imp. Dih.          LJ-14
    7.19659e+02    1.70449e+03    2.28668e+03    7.17817e+01    8.93223e+02
     Coulomb-14        LJ (SR)   Coulomb (SR)   Coul. recip.      Potential
    6.65325e+03    7.30358e+03   -1.21322e+05    2.37781e+02   -1.01451e+05
    Kinetic En.   Total Energy  Conserved En.    Temperature Pressure (bar)
    1.07342e+04   -9.07170e+04   -6.26413e+04    3.38230e+02   -1.80997e+02
   Constr. rmsd
    3.38814e-06

           Step           Time
         245000      490.00000

Current ref_t for group System:    341.6

   Energies (kJ/mol)
           Bond          Angle    Proper Dih. Per. Imp. Dih.          LJ-14
    8.06318e+02    1.72684e+03    2.27277e+03    7.02315e+01    8.77085e+02
     Coulomb-14        LJ (SR)   Coulomb (SR)   Coul. recip.      Potential
    6.62940e+03    7.79408e+03   -1.22085e+05    2.54637e+02   -1.01653e+05
    Kinetic En.   Total Energy  Conserved En.    Temperature Pressure (bar)
    1.10055e+04   -9.06478e+04   -6.25944e+04    3.46781e+02   -2.20435e+02
   Constr. rmsd
    2.58755e-06

           Step           Time
         246000      492.00000

Current ref_t for group System:    341.3

   Energies (kJ/mol)
           Bond          Angle    Proper Dih. Per. Imp. Dih.          LJ-14
    7.61496e+02    1.65222e+03    2.31645e+03    7.89068e+01    9.36768e+02
     Coulomb-14        LJ (SR)   Coulomb (SR)   Coul. recip.      Potential
    6.67787e+03    7.49010e+03   -1.22085e+05    2.29229e+02   -1.01942e+05
    Kinetic En.   Total Energy  Conserved En.    Temperature Pressure (bar)
    1.08472e+04   -9.10951e+04   -6.25261e+04    3.41790e+02    7.21778e+01
   Constr. rmsd
    3.20222e-06

           Step           Time
         247000      494.00000

Current ref_t for group System:    341.0

   Energies (kJ/mol)
           Bond          Angle    Proper Dih. Per. Imp. Dih.          LJ-14
    8.23029e+02    1.73228e+03    2.27191e+03    8.19113e+01    9.13581e+02
     Coulomb-14        LJ (SR)   Coulomb (SR)   Coul. recip.      Potential
    6.65125e+03    7.98060e+03   -1.22835e+05    2.21893e+02   -1.02158e+05
    Kinetic En.   Total Energy  Conserved En.    Temperature Pressure (bar)
    1.10045e+04   -9.11539e+04   -6.23775e+04    3.46746e+02   -3.89485e+02
   Constr. rmsd
    2.96039e-06

           Step           Time
         248000      496.00000

Current ref_t for group System:    340.6

   Energies (kJ/mol)
           Bond          Angle    Proper Dih. Per. Imp. Dih.          LJ-14
    7.79856e+02    1.72270e+03    2.14828e+03    6.62847e+01    9.10697e+02
     Coulomb-14        LJ (SR)   Coulomb (SR)   Coul. recip.      Potential
    6.65589e+03    7.97515e+03   -1.22969e+05    2.20323e+02   -1.02490e+05
    Kinetic En.   Total Energy  Conserved En.    Temperature Pressure (bar)
    1.10630e+04   -9.14266e+04   -6.22821e+04    3.48591e+02    1.35758e+03
   Constr. rmsd
    2.42813e-06

           Step           Time
         249000      498.00000

Current ref_t for group System:    340.3

   Energies (kJ/mol)
           Bond          Angle    Proper Dih. Per. Imp. Dih.          LJ-14
    8.45708e+02    1.52187e+03    2.20719e+03    8.08467e+01    8.65046e+02
     Coulomb-14        LJ (SR)   Coulomb (SR)   Coul. recip.      Potential
    6.69740e+03    7.88785e+03   -1.22538e+05    2.24719e+02   -1.02208e+05
    Kinetic En.   Total Energy  Conserved En.    Temperature Pressure (bar)
    1.06798e+04   -9.15279e+04   -6.21086e+04    3.36516e+02   -2.22575e+00
   Constr. rmsd
    3.18227e-06

           Step           Time
         250000      500.00000

Current ref_t for group System:    340.0

   Energies (kJ/mol)
           Bond          Angle    Proper Dih. Per. Imp. Dih.          LJ-14
    8.95688e+02    1.67763e+03    2.27674e+03    8.46532e+01    9.69534e+02
     Coulomb-14        LJ (SR)   Coulomb (SR)   Coul. recip.      Potential
    6.65013e+03    8.02164e+03   -1.22733e+05    2.53929e+02   -1.01903e+05
    Kinetic En.   Total Energy  Conserved En.    Temperature Pressure (bar)
    1.05771e+04   -9.13263e+04   -6.19169e+04    3.33280e+02    9.22608e+02
   Constr. rmsd
    2.66063e-06

           Step           Time
         251000      502.00000

Current ref_t for group System:    339.8

   Energies (kJ/mol)
           Bond          Angle    Proper Dih. Per. Imp. Dih.          LJ-14
    7.34289e+02    1.61674e+03    2.28154e+03    8.22688e+01    9.49128e+02
     Coulomb-14        LJ (SR)   Coulomb (SR)   Coul. recip.      Potential
    6.64476e+03    7.15209e+03   -1.21470e+05    2.68191e+02   -1.01741e+05
    Kinetic En.   Total Energy  Conserved En.    Temperature Pressure (bar)
    1.07293e+04   -9.10115e+04   -6.18802e+04    3.38076e+02   -1.63113e+02
   Constr. rmsd
    3.21582e-06

           Step           Time
         252000      504.00000

Current ref_t for group System:    339.7

   Energies (kJ/mol)
           Bond          Angle    Proper Dih. Per. Imp. Dih.          LJ-14
    8.20801e+02    1.68077e+03    2.21681e+03    7.93173e+01    9.28770e+02
     Coulomb-14        LJ (SR)   Coulomb (SR)   Coul. recip.      Potential
    6.62900e+03    7.49059e+03   -1.21968e+05    2.53107e+02   -1.01868e+05
    Kinetic En.   Total Energy  Conserved En.    Temperature Pressure (bar)
    1.08997e+04   -9.09686e+04   -6.18063e+04    3.43446e+02    2.53579e+02
   Constr. rmsd
    2.95051e-06

           Step           Time
         253000      506.00000

Current ref_t for group System:    339.5

   Energies (kJ/mol)
           Bond          Angle    Proper Dih. Per. Imp. Dih.          LJ-14
    8.04442e+02    1.73836e+03    2.32421e+03    7.38400e+01    9.05913e+02
     Coulomb-14        LJ (SR)   Coulomb (SR)   Coul. recip.      Potential
    6.60760e+03    7.39600e+03   -1.22074e+05    2.39057e+02   -1.01985e+05
    Kinetic En.   Total Energy  Conserved En.    Temperature Pressure (bar)
    1.04710e+04   -9.15140e+04   -6.17932e+04    3.29939e+02   -3.75015e+02
   Constr. rmsd
    2.46910e-06

           Step           Time
         254000      508.00000

Current ref_t for group System:    339.4

   Energies (kJ/mol)
           Bond          Angle    Proper Dih. Per. Imp. Dih.          LJ-14
    8.19239e+02    1.77373e+03    2.28163e+03    7.52942e+01    8.61523e+02
     Coulomb-14        LJ (SR)   Coulomb (SR)   Coul. recip.      Potential
    6.59267e+03    7.74449e+03   -1.22408e+05    2.06810e+02   -1.02053e+05
    Kinetic En.   Total Energy  Conserved En.    Temperature Pressure (bar)
    1.06588e+04   -9.13940e+04   -6.17620e+04    3.35856e+02   -2.08544e+02
   Constr. rmsd
    2.62123e-06

           Step           Time
         255000      510.00000

Current ref_t for group System:    339.2

   Energies (kJ/mol)
           Bond          Angle    Proper Dih. Per. Imp. Dih.          LJ-14
    9.05035e+02    1.73395e+03    2.33003e+03    8.42625e+01    8.88172e+02
     Coulomb-14        LJ (SR)   Coulomb (SR)   Coul. recip.      Potential
    6.59879e+03    7.45000e+03   -1.21304e+05    2.44579e+02   -1.01069e+05
    Kinetic En.   Total Energy  Conserved En.    Temperature Pressure (bar)
    1.06990e+04   -9.03702e+04   -6.16978e+04    3.37123e+02   -8.95871e+02
   Constr. rmsd
    3.89943e-06

           Step           Time
         256000      512.00000

Current ref_t for group System:    339.0

   Energies (kJ/mol)
           Bond          Angle    Proper Dih. Per. Imp. Dih.          LJ-14
    7.17154e+02    1.66991e+03    2.24570e+03    7.76007e+01    9.30616e+02
     Coulomb-14        LJ (SR)   Coulomb (SR)   Coul. recip.      Potential
    6.60848e+03    7.38977e+03   -1.21156e+05    2.44597e+02   -1.01272e+05
    Kinetic En.   Total Energy  Conserved En.    Temperature Pressure (bar)
    1.08979e+04   -9.03738e+04   -6.16099e+04    3.43389e+02   -3.79843e+02
   Constr. rmsd
    3.76902e-06

           Step           Time
         257000      514.00000

Current ref_t for group System:    338.9

   Energies (kJ/mol)
           Bond          Angle    Proper Dih. Per. Imp. Dih.          LJ-14
    7.37618e+02    1.64394e+03    2.33071e+03    8.83719e+01    9.51882e+02
     Coulomb-14        LJ (SR)   Coulomb (SR)   Coul. recip.      Potential
    6.56021e+03    7.29390e+03   -1.21269e+05    2.62088e+02   -1.01400e+05
    Kinetic En.   Total Energy  Conserved En.    Temperature Pressure (bar)
    1.09141e+04   -9.04862e+04   -6.14276e+04    3.43899e+02   -1.81989e+02
   Constr. rmsd
    2.74706e-06

           Step           Time
         258000      516.00000

Current ref_t for group System:    338.7

   Energies (kJ/mol)
           Bond          Angle    Proper Dih. Per. Imp. Dih.          LJ-14
    9.34572e+02    1.71329e+03    2.30925e+03    3.91069e+01    9.18754e+02
     Coulomb-14        LJ (SR)   Coulomb (SR)   Coul. recip.      Potential
    6.52659e+03    7.07784e+03   -1.21192e+05    2.56487e+02   -1.01416e+05
    Kinetic En.   Total Energy  Conserved En.    Temperature Pressure (bar)
    1.07203e+04   -9.06962e+04   -6.12724e+04    3.37793e+02   -1.60588e+03
   Constr. rmsd
    2.75051e-06

           Step           Time
         259000      518.00000

Current ref_t for group System:    338.6

   Energies (kJ/mol)
           Bond          Angle    Proper Dih. Per. Imp. Dih.          LJ-14
    7.45477e+02    1.67664e+03    2.31489e+03    7.41073e+01    9.20631e+02
     Coulomb-14        LJ (SR)   Coulomb (SR)   Coul. recip.      Potential
    6.56997e+03    7.64920e+03   -1.22147e+05    2.43944e+02   -1.01953e+05
    Kinetic En.   Total Energy  Conserved En.    Temperature Pressure (bar)
    1.05866e+04   -9.13659e+04   -6.12227e+04    3.33581e+02    1.94592e+02
   Constr. rmsd
    3.81841e-06

           Step           Time
         260000      520.00000

Current ref_t for group System:    338.4

   Energies (kJ/mol)
           Bond          Angle    Proper Dih. Per. Imp. Dih.          LJ-14
    7.87831e+02    1.73899e+03    2.26664e+03    7.35465e+01    9.04933e+02
     Coulomb-14        LJ (SR)   Coulomb (SR)   Coul. recip.      Potential
    6.56751e+03    7.35383e+03   -1.21750e+05    2.36262e+02   -1.01821e+05
    Kinetic En.   Total Energy  Conserved En.    Temperature Pressure (bar)
    1.07786e+04   -9.10421e+04   -6.11337e+04    3.39630e+02    1.89890e+02
   Constr. rmsd
    2.74292e-06

           Step           Time
         261000      522.00000

Current ref_t for group System:    338.2

   Energies (kJ/mol)
           Bond          Angle    Proper Dih. Per. Imp. Dih.          LJ-14
    7.84518e+02    1.64662e+03    2.29455e+03    7.81601e+01    8.88361e+02
     Coulomb-14        LJ (SR)   Coulomb (SR)   Coul. recip.      Potential
    6.57248e+03    7.51821e+03   -1.22229e+05    2.59819e+02   -1.02186e+05
    Kinetic En.   Total Energy  Conserved En.    Temperature Pressure (bar)
    1.10972e+04   -9.10889e+04   -6.09787e+04    3.49669e+02   -9.91344e+01
   Constr. rmsd
    3.55678e-06

           Step           Time
         262000      524.00000

Current ref_t for group System:    338.1

   Energies (kJ/mol)
           Bond          Angle    Proper Dih. Per. Imp. Dih.          LJ-14
    7.89642e+02    1.71217e+03    2.21700e+03    7.40841e+01    9.34637e+02
     Coulomb-14        LJ (SR)   Coulomb (SR)   Coul. recip.      Potential
    6.56019e+03    7.81809e+03   -1.22362e+05    2.44207e+02   -1.02012e+05
    Kinetic En.   Total Energy  Conserved En.    Temperature Pressure (bar)
    1.09171e+04   -9.10944e+04   -6.08822e+04    3.43994e+02    1.04261e+02
   Constr. rmsd
    3.53483e-06

           Step           Time
         263000      526.00000

Current ref_t for group System:    337.9

   Energies (kJ/mol)
           Bond          Angle    Proper Dih. Per. Imp. Dih.          LJ-14
    7.16763e+02    1.80865e+03    2.24794e+03    7.63938e+01    8.91811e+02
     Coulomb-14        LJ (SR)   Coulomb (SR)   Coul. recip.      Potential
    6.56587e+03    7.31498e+03   -1.21786e+05    2.55228e+02   -1.01908e+05
    Kinetic En.   Total Energy  Conserved En.    Temperature Pressure (bar)
    1.07349e+04   -9.11732e+04   -6.08590e+04    3.38254e+02   -6.92439e+02
   Constr. rmsd
    2.98805e-06

           Step           Time
         264000      528.00000

Current ref_t for group System:    337.8

   Energies (kJ/mol)
           Bond          Angle    Proper Dih. Per. Imp. Dih.          LJ-14
    7.32975e+02    1.69379e+03    2.25346e+03    8.07269e+01    9.20549e+02
     Coulomb-14        LJ (SR)   Coulomb (SR)   Coul. recip.      Potential
    6.55784e+03    7.78697e+03   -1.22371e+05    2.67296e+02   -1.02078e+05
    Kinetic En.   Total Energy  Conserved En.    Temperature Pressure (bar)
    1.09055e+04   -9.11723e+04   -6.07988e+04    3.43630e+02    5.54851e+02
   Constr. rmsd
    3.83972e-06

           Step           Time
         265000      530.00000

Current ref_t for group System:    337.6

   Energies (kJ/mol)
           Bond          Angle    Proper Dih. Per. Imp. Dih.          LJ-14
    8.25713e+02    1.65004e+03    2.19601e+03    6.78948e+01    9.32200e+02
     Coulomb-14        LJ (SR)   Coulomb (SR)   Coul. recip.      Potential
    6.61285e+03    7.38373e+03   -1.22169e+05    2.31625e+02   -1.02269e+05
    Kinetic En.   Total Energy  Conserved En.    Temperature Pressure (bar)
    1.07806e+04   -9.14885e+04   -6.07256e+04    3.39694e+02   -3.26583e+02
   Constr. rmsd
    3.24887e-06

           Step           Time
         266000      532.00000

Current ref_t for group System:    337.4

   Energies (kJ/mol)
           Bond          Angle    Proper Dih. Per. Imp. Dih.          LJ-14
    8.31522e+02    1.75097e+03    2.28376e+03    7.56132e+01    9.16870e+02
     Coulomb-14        LJ (SR)   Coulomb (SR)   Coul. recip.      Potential
    6.58964e+03    7.49083e+03   -1.22170e+05    2.49570e+02   -1.01982e+05
    Kinetic En.   Total Energy  Conserved En.    Temperature Pressure (bar)
    1.05510e+04   -9.14306e+04   -6.06705e+04    3.32459e+02    5.34227e+01
   Constr. rmsd
    3.15446e-06

           Step           Time
         267000      534.00000

Current ref_t for group System:    337.3

   Energies (kJ/mol)
           Bond          Angle    Proper Dih. Per. Imp. Dih.          LJ-14
    8.62385e+02    1.71368e+03    2.28152e+03    8.18121e+01    9.01921e+02
     Coulomb-14        LJ (SR)   Coulomb (SR)   Coul. recip.      Potential
    6.58615e+03    7.48599e+03   -1.21990e+05    2.56153e+02   -1.01821e+05
    Kinetic En.   Total Energy  Conserved En.    Temperature Pressure (bar)
    1.03972e+04   -9.14234e+04   -6.04872e+04    3.27613e+02   -2.81965e+02
   Constr. rmsd
    2.74731e-06

           Step           Time
         268000      536.00000

Current ref_t for group System:    337.1

   Energies (kJ/mol)
           Bond          Angle    Proper Dih. Per. Imp. Dih.          LJ-14
    7.81940e+02    1.67294e+03    2.28976e+03    1.02478e+02    9.07265e+02
     Coulomb-14        LJ (SR)   Coulomb (SR)   Coul. recip.      Potential
    6.57769e+03    7.67710e+03   -1.22222e+05    2.57404e+02   -1.01956e+05
    Kinetic En.   Total Energy  Conserved En.    Temperature Pressure (bar)
    1.07526e+04   -9.12030e+04   -6.04080e+04    3.38809e+02   -3.92795e+01
   Constr. rmsd
    3.66453e-06

           Step           Time
         269000      538.00000

Current ref_t for group System:    337.0

   Energies (kJ/mol)
           Bond          Angle    Proper Dih. Per. Imp. Dih.          LJ-14
    8.20537e+02    1.71095e+03    2.26908e+03    6.08648e+01    9.09792e+02
     Coulomb-14        LJ (SR)   Coulomb (SR)   Coul. recip.      Potential
    6.58265e+03    7.76485e+03   -1.22564e+05    2.40196e+02   -1.02205e+05
    Kinetic En.   Total Energy  Conserved En.    Temperature Pressure (bar)
    1.07995e+04   -9.14059e+04   -6.03135e+04    3.40289e+02    1.68188e+02
   Constr. rmsd
    3.28451e-06

           Step           Time
         270000      540.00000

Current ref_t for group System:    336.8

   Energies (kJ/mol)
           Bond          Angle    Proper Dih. Per. Imp. Dih.          LJ-14
    8.27419e+02    1.67265e+03    2.29570e+03    8.55707e+01    9.28672e+02
     Coulomb-14        LJ (SR)   Coulomb (SR)   Coul. recip.      Potential
    6.59517e+03    7.58292e+03   -1.22133e+05    2.55134e+02   -1.01890e+05
    Kinetic En.   Total Energy  Conserved En.    Temperature Pressure (bar)
    1.05440e+04   -9.13457e+04   -6.01350e+04    3.32237e+02   -4.15069e+02
   Constr. rmsd
    2.98982e-06

           Step           Time
         271000      542.00000

Current ref_t for group System:    336.6

   Energies (kJ/mol)
           Bond          Angle    Proper Dih. Per. Imp. Dih.          LJ-14
    7.89671e+02    1.63218e+03    2.24470e+03    9.05910e+01    9.17459e+02
     Coulomb-14        LJ (SR)   Coulomb (SR)   Coul. recip.      Potential
    6.60693e+03    7.54285e+03   -1.21858e+05    3.21070e+02   -1.01713e+05
    Kinetic En.   Total Energy  Conserved En.    Temperature Pressure (bar)
    1.07902e+04   -9.09224e+04   -5.99997e+04    3.39996e+02   -6.27063e+02
   Constr. rmsd
    2.77153e-06

           Step           Time
         272000      544.00000

Current ref_t for group System:    336.5

   Energies (kJ/mol)
           Bond          Angle    Proper Dih. Per. Imp. Dih.          LJ-14
    8.34516e+02    1.64066e+03    2.21312e+03    6.32825e+01    9.22697e+02
     Coulomb-14        LJ (SR)   Coulomb (SR)   Coul. recip.      Potential
    6.57790e+03    7.44291e+03   -1.22232e+05    2.31348e+02   -1.02306e+05
    Kinetic En.   Total Energy  Conserved En.    Temperature Pressure (bar)
    1.06683e+04   -9.16374e+04   -5.98532e+04    3.36155e+02   -7.43193e+02
   Constr. rmsd
    3.39017e-06

           Step           Time
         273000      546.00000

Current ref_t for group System:    336.3

   Energies (kJ/mol)
           Bond          Angle    Proper Dih. Per. Imp. Dih.          LJ-14
    7.86002e+02    1.64211e+03    2.32528e+03    6.41144e+01    9.41107e+02
     Coulomb-14        LJ (SR)   Coulomb (SR)   Coul. recip.      Potential
    6.57749e+03    7.76578e+03   -1.22406e+05    2.45975e+02   -1.02058e+05
    Kinetic En.   Total Energy  Conserved En.    Temperature Pressure (bar)
    1.07740e+04   -9.12844e+04   -5.98491e+04    3.39486e+02   -1.24341e+02
   Constr. rmsd
    3.49352e-06

           Step           Time
         274000      548.00000

Current ref_t for group System:    336.2

   Energies (kJ/mol)
           Bond          Angle    Proper Dih. Per. Imp. Dih.          LJ-14
    7.77377e+02    1.60044e+03    2.31551e+03    6.39426e+01    9.00132e+02
     Coulomb-14        LJ (SR)   Coulomb (SR)   Coul. recip.      Potential
    6.58719e+03    8.13408e+03   -1.23212e+05    2.55535e+02   -1.02578e+05
    Kinetic En.   Total Energy  Conserved En.    Temperature Pressure (bar)
    1.04448e+04   -9.21328e+04   -5.97855e+04    3.29111e+02    4.25793e+02
   Constr. rmsd
    3.40442e-06

           Step           Time
         275000      550.00000

Current ref_t for group System:    336.0

   Energies (kJ/mol)
           Bond          Angle    Proper Dih. Per. Imp. Dih.          LJ-14
    7.68297e+02    1.75310e+03    2.29508e+03    8.72253e+01    9.14754e+02
     Coulomb-14        LJ (SR)   Coulomb (SR)   Coul. recip.      Potential
    6.59398e+03    7.65666e+03   -1.22283e+05    2.47635e+02   -1.01966e+05
    Kinetic En.   Total Energy  Conserved En.    Temperature Pressure (bar)
    1.06147e+04   -9.13513e+04   -5.96756e+04    3.34466e+02   -8.23359e+01
   Constr. rmsd
    3.09552e-06

           Step           Time
         276000      552.00000

Current ref_t for group System:    335.8

   Energies (kJ/mol)
           Bond          Angle    Proper Dih. Per. Imp. Dih.          LJ-14
    8.18537e+02    1.66459e+03    2.30501e+03    8.19907e+01    9.18081e+02
     Coulomb-14        LJ (SR)   Coulomb (SR)   Coul. recip.      Potential
    6.54239e+03    7.12725e+03   -1.21282e+05    2.33180e+02   -1.01591e+05
    Kinetic En.   Total Energy  Conserved En.    Temperature Pressure (bar)
    1.07259e+04   -9.08654e+04   -5.95627e+04    3.37969e+02   -9.07113e+02
   Constr. rmsd
    2.92105e-06

           Step           Time
         277000      554.00000

Current ref_t for group System:    335.7

   Energies (kJ/mol)
           Bond          Angle    Proper Dih. Per. Imp. Dih.          LJ-14
    7.54428e+02    1.71566e+03    2.25981e+03    6.10689e+01    9.20523e+02
     Coulomb-14        LJ (SR)   Coulomb (SR)   Coul. recip.      Potential
    6.56277e+03    7.14485e+03   -1.21717e+05    2.51829e+02   -1.02046e+05
    Kinetic En.   Total Energy  Conserved En.    Temperature Pressure (bar)
    1.05022e+04   -9.15436e+04   -5.94998e+04    3.30921e+02   -6.40743e+01
   Constr. rmsd
    3.03678e-06

           Step           Time
         278000      556.00000

Current ref_t for group System:    335.5

   Energies (kJ/mol)
           Bond          Angle    Proper Dih. Per. Imp. Dih.          LJ-14
    8.75348e+02    1.72856e+03    2.24399e+03    6.08053e+01    9.15233e+02
     Coulomb-14        LJ (SR)   Coulomb (SR)   Coul. recip.      Potential
    6.55907e+03    7.47569e+03   -1.21813e+05    2.49104e+02   -1.01705e+05
    Kinetic En.   Total Energy  Conserved En.    Temperature Pressure (bar)
    1.10336e+04   -9.06718e+04   -5.94580e+04    3.47666e+02   -6.86121e+02
   Constr. rmsd
    4.18361e-06

           Step           Time
         279000      558.00000

Current ref_t for group System:    335.4

   Energies (kJ/mol)
           Bond          Angle    Proper Dih. Per. Imp. Dih.          LJ-14
    8.93390e+02    1.55807e+03    2.31582e+03    6.53058e+01    8.87011e+02
     Coulomb-14        LJ (SR)   Coulomb (SR)   Coul. recip.      Potential
    6.56913e+03    7.76524e+03   -1.22575e+05    2.21719e+02   -1.02299e+05
    Kinetic En.   Total Energy  Conserved En.    Temperature Pressure (bar)
    1.06803e+04   -9.16190e+04   -5.93582e+04    3.36531e+02   -4.53070e+02
   Constr. rmsd
    2.82484e-06

           Step           Time
         280000      560.00000

Current ref_t for group System:    335.2

   Energies (kJ/mol)
           Bond          Angle    Proper Dih. Per. Imp. Dih.          LJ-14
    7.71138e+02    1.78005e+03    2.33629e+03    1.04336e+02    9.00136e+02
     Coulomb-14        LJ (SR)   Coulomb (SR)   Coul. recip.      Potential
    6.56901e+03    7.69331e+03   -1.22921e+05    2.60189e+02   -1.02507e+05
    Kinetic En.   Total Energy  Conserved En.    Temperature Pressure (bar)
    1.04799e+04   -9.20267e+04   -5.91854e+04    3.30217e+02    3.60738e+02
   Constr. rmsd
    3.03633e-06

           Step           Time
         281000      562.00000

Current ref_t for group System:    335.0

   Energies (kJ/mol)
           Bond          Angle    Proper Dih. Per. Imp. Dih.          LJ-14
    7.71282e+02    1.70047e+03    2.37056e+03    8.09349e+01    9.20482e+02
     Coulomb-14        LJ (SR)   Coulomb (SR)   Coul. recip.      Potential
    6.61466e+03    8.34490e+03   -1.23417e+05    1.99280e+02   -1.02415e+05
    Kinetic En.   Total Energy  Conserved En.    Temperature Pressure (bar)
    1.08011e+04   -9.16136e+04   -5.88853e+04    3.40337e+02    1.67455e+03
   Constr. rmsd
    2.51668e-06

           Step           Time
         282000      564.00000

Current ref_t for group System:    334.9

   Energies (kJ/mol)
           Bond          Angle    Proper Dih. Per. Imp. Dih.          LJ-14
    7.96854e+02    1.61097e+03    2.31351e+03    6.69336e+01    9.48289e+02
     Coulomb-14        LJ (SR)   Coulomb (SR)   Coul. recip.      Potential
    6.57641e+03    8.27218e+03   -1.23462e+05    2.05447e+02   -1.02671e+05
    Kinetic En.   Total Energy  Conserved En.    Temperature Pressure (bar)
    1.06200e+04   -9.20511e+04   -5.86645e+04    3.34633e+02    1.62735e+03
   Constr. rmsd
    3.47638e-06

           Step           Time
         283000      566.00000

Current ref_t for group System:    334.7

   Energies (kJ/mol)
           Bond          Angle    Proper Dih. Per. Imp. Dih.          LJ-14
    7.72951e+02    1.79190e+03    2.24618e+03    6.73467e+01    9.01795e+02
     Coulomb-14        LJ (SR)   Coulomb (SR)   Coul. recip.      Potential
    6.56521e+03    8.03552e+03   -1.23212e+05    2.15847e+02   -1.02615e+05
    Kinetic En.   Total Energy  Conserved En.    Temperature Pressure (bar)
    1.05939e+04   -9.20216e+04   -5.85135e+04    3.33810e+02    7.33694e+02
   Constr. rmsd
    3.34406e-06

           Step           Time
         284000      568.00000

Current ref_t for group System:    334.6

   Energies (kJ/mol)
           Bond          Angle    Proper Dih. Per. Imp. Dih.          LJ-14
    8.40690e+02    1.83334e+03    2.25718e+03    8.03443e+01    9.27535e+02
     Coulomb-14        LJ (SR)   Coulomb (SR)   Coul. recip.      Potential
    6.56739e+03    7.87865e+03   -1.22573e+05    2.76064e+02   -1.01912e+05
    Kinetic En.   Total Energy  Conserved En.    Temperature Pressure (bar)
    1.09646e+04   -9.09472e+04   -5.84196e+04    3.45491e+02    7.91823e+02
   Constr. rmsd
    3.28283e-06

           Step           Time
         285000      570.00000

Current ref_t for group System:    334.4

   Energies (kJ/mol)
           Bond          Angle    Proper Dih. Per. Imp. Dih.          LJ-14
    8.45528e+02    1.70628e+03    2.26119e+03    1.00940e+02    9.13261e+02
     Coulomb-14        LJ (SR)   Coulomb (SR)   Coul. recip.      Potential
    6.56710e+03    8.05301e+03   -1.23068e+05    2.36557e+02   -1.02384e+05
    Kinetic En.   Total Energy  Conserved En.    Temperature Pressure (bar)
    1.07272e+04   -9.16568e+04   -5.83320e+04    3.38010e+02    3.81443e+01
   Constr. rmsd
    3.59691e-06

           Step           Time
         286000      572.00000

Current ref_t for group System:    334.2

   Energies (kJ/mol)
           Bond          Angle    Proper Dih. Per. Imp. Dih.          LJ-14
    7.92680e+02    1.76672e+03    2.33659e+03    6.75777e+01    9.01787e+02
     Coulomb-14        LJ (SR)   Coulomb (SR)   Coul. recip.      Potential
    6.60163e+03    7.74833e+03   -1.22241e+05    2.69950e+02   -1.01756e+05
    Kinetic En.   Total Energy  Conserved En.    Temperature Pressure (bar)
    1.05646e+04   -9.11913e+04   -5.82202e+04    3.32886e+02   -4.79694e+00
   Constr. rmsd
    3.12952e-06

           Step           Time
         287000      574.00000

Current ref_t for group System:    334.1

   Energies (kJ/mol)
           Bond          Angle    Proper Dih. Per. Imp. Dih.          LJ-14
    6.95551e+02    1.75433e+03    2.29291e+03    8.42008e+01    9.15498e+02
     Coulomb-14        LJ (SR)   Coulomb (SR)   Coul. recip.      Potential
    6.57012e+03    8.40717e+03   -1.23894e+05    2.26350e+02   -1.02948e+05
    Kinetic En.   Total Energy  Conserved En.    Temperature Pressure (bar)
    1.04667e+04   -9.24815e+04   -5.80763e+04    3.29801e+02    9.93051e+02
   Constr. rmsd
    3.16536e-06

           Step           Time
         288000      576.00000

Current ref_t for group System:    333.9

   Energies (kJ/mol)
           Bond          Angle    Proper Dih. Per. Imp. Dih.          LJ-14
    6.83265e+02    1.62450e+03    2.33213e+03    8.03092e+01    9.93545e+02
     Coulomb-14        LJ (SR)   Coulomb (SR)   Coul. recip.      Potential
    6.62739e+03    7.71376e+03   -1.23310e+05    2.48069e+02   -1.03007e+05
    Kinetic En.   Total Energy  Conserved En.    Temperature Pressure (bar)
    1.07949e+04   -9.22123e+04   -5.78675e+04    3.40142e+02    1.82871e+03
   Constr. rmsd
    3.46944e-06

           Step           Time
         289000      578.00000

Current ref_t for group System:    333.8

   Energies (kJ/mol)
           Bond          Angle    Proper Dih. Per. Imp. Dih.          LJ-14
    8.09297e+02    1.79086e+03    2.33162e+03    8.95418e+01    8.76440e+02
     Coulomb-14        LJ (SR)   Coulomb (SR)   Coul. recip.      Potential
    6.60011e+03    7.73693e+03   -1.22577e+05    2.36963e+02   -1.02105e+05
    Kinetic En.   Total Energy  Conserved En.    Temperature Pressure (bar)
    1.03888e+04   -9.17164e+04   -5.78569e+04    3.27349e+02   -3.03771e+02
   Constr. rmsd
    2.81748e-06

           Step           Time
         290000      580.00000

Current ref_t for group System:    333.6

   Energies (kJ/mol)
           Bond          Angle    Proper Dih. Per. Imp. Dih.          LJ-14
    8.54930e+02    1.70922e+03    2.26341e+03    7.22811e+01    8.97941e+02
     Coulomb-14        LJ (SR)   Coulomb (SR)   Coul. recip.      Potential
    6.57785e+03    8.23273e+03   -1.23377e+05    2.14623e+02   -1.02554e+05
    Kinetic En.   Total Energy  Conserved En.    Temperature Pressure (bar)
    1.04116e+04   -9.21426e+04   -5.78426e+04    3.28067e+02    4.36423e+02
   Constr. rmsd
    2.97492e-06

           Step           Time
         291000      582.00000

Current ref_t for group System:    333.4

   Energies (kJ/mol)
           Bond          Angle    Proper Dih. Per. Imp. Dih.          LJ-14
    7.93433e+02    1.60394e+03    2.33995e+03    5.52938e+01    9.30441e+02
     Coulomb-14        LJ (SR)   Coulomb (SR)   Coul. recip.      Potential
    6.56635e+03    7.98382e+03   -1.23265e+05    2.38929e+02   -1.02752e+05
    Kinetic En.   Total Energy  Conserved En.    Temperature Pressure (bar)
    1.05883e+04   -9.21642e+04   -5.77581e+04    3.33633e+02    8.66641e+02
   Constr. rmsd
    3.80290e-06

           Step           Time
         292000      584.00000

Current ref_t for group System:    333.3

   Energies (kJ/mol)
           Bond          Angle    Proper Dih. Per. Imp. Dih.          LJ-14
    8.41521e+02    1.69980e+03    2.28413e+03    8.89882e+01    8.85245e+02
     Coulomb-14        LJ (SR)   Coulomb (SR)   Coul. recip.      Potential
    6.57038e+03    7.70172e+03   -1.22717e+05    2.35651e+02   -1.02410e+05
    Kinetic En.   Total Energy  Conserved En.    Temperature Pressure (bar)
    1.07707e+04   -9.16389e+04   -5.76626e+04    3.39382e+02   -8.53438e+02
   Constr. rmsd
    3.50033e-06

           Step           Time
         293000      586.00000

Current ref_t for group System:    333.1

   Energies (kJ/mol)
           Bond          Angle    Proper Dih. Per. Imp. Dih.          LJ-14
    7.10507e+02    1.65558e+03    2.35882e+03    9.03347e+01    9.14816e+02
     Coulomb-14        LJ (SR)   Coulomb (SR)   Coul. recip.      Potential
    6.58064e+03    7.98850e+03   -1.22532e+05    2.44205e+02   -1.01988e+05
    Kinetic En.   Total Energy  Conserved En.    Temperature Pressure (bar)
    1.07511e+04   -9.12373e+04   -5.75930e+04    3.38763e+02    4.41147e+02
   Constr. rmsd
    4.05175e-06

           Step           Time
         294000      588.00000

Current ref_t for group System:    333.0

   Energies (kJ/mol)
           Bond          Angle    Proper Dih. Per. Imp. Dih.          LJ-14
    8.42914e+02    1.62402e+03    2.32378e+03    7.85280e+01    8.65140e+02
     Coulomb-14        LJ (SR)   Coulomb (SR)   Coul. recip.      Potential
    6.55876e+03    7.32905e+03   -1.21594e+05    2.48193e+02   -1.01724e+05
    Kinetic En.   Total Energy  Conserved En.    Temperature Pressure (bar)
    1.06335e+04   -9.10902e+04   -5.74269e+04    3.35059e+02   -1.34888e+03
   Constr. rmsd
    3.87864e-06

           Step           Time
         295000      590.00000

Current ref_t for group System:    332.8

   Energies (kJ/mol)
           Bond          Angle    Proper Dih. Per. Imp. Dih.          LJ-14
    7.71015e+02    1.78121e+03    2.28793e+03    5.87379e+01    9.22698e+02
     Coulomb-14        LJ (SR)   Coulomb (SR)   Coul. recip.      Potential
    6.56917e+03    7.48735e+03   -1.21921e+05    2.69998e+02   -1.01773e+05
    Kinetic En.   Total Energy  Conserved En.    Temperature Pressure (bar)
    1.03398e+04   -9.14333e+04   -5.71338e+04    3.25804e+02   -3.75597e+02
   Constr. rmsd
    2.85018e-06

           Step           Time
         296000      592.00000

Current ref_t for group System:    332.6

   Energies (kJ/mol)
           Bond          Angle    Proper Dih. Per. Imp. Dih.          LJ-14
    7.16906e+02    1.60097e+03    2.39508e+03    9.00779e+01    9.16721e+02
     Coulomb-14        LJ (SR)   Coulomb (SR)   Coul. recip.      Potential
    6.57620e+03    7.34617e+03   -1.21926e+05    2.70365e+02   -1.02014e+05
    Kinetic En.   Total Energy  Conserved En.    Temperature Pressure (bar)
    1.03031e+04   -9.17106e+04   -5.70551e+04    3.24647e+02   -6.90492e+02
   Constr. rmsd
    2.94842e-06

           Step           Time
         297000      594.00000

Current ref_t for group System:    332.5

   Energies (kJ/mol)
           Bond          Angle    Proper Dih. Per. Imp. Dih.          LJ-14
    6.86466e+02    1.62750e+03    2.32240e+03    6.14619e+01    9.08879e+02
     Coulomb-14        LJ (SR)   Coulomb (SR)   Coul. recip.      Potential
    6.59073e+03    7.56516e+03   -1.22429e+05    2.46402e+02   -1.02420e+05
    Kinetic En.   Total Energy  Conserved En.    Temperature Pressure (bar)
    1.06795e+04   -9.17401e+04   -5.70357e+04    3.36507e+02   -3.30322e+02
   Constr. rmsd
    3.04554e-06

           Step           Time
         298000      596.00000

Current ref_t for group System:    332.3

   Energies (kJ/mol)
           Bond          Angle    Proper Dih. Per. Imp. Dih.          LJ-14
    7.19000e+02    1.56934e+03    2.25713e+03    1.03543e+02    8.86305e+02
     Coulomb-14        LJ (SR)   Coulomb (SR)   Coul. recip.      Potential
    6.56479e+03    7.22827e+03   -1.21924e+05    2.43392e+02   -1.02352e+05
    Kinetic En.   Total Energy  Conserved En.    Temperature Pressure (bar)
    1.05948e+04   -9.17570e+04   -5.70288e+04    3.33838e+02   -3.21669e+02
   Constr. rmsd
    3.55927e-06

           Step           Time
         299000      598.00000

Current ref_t for group System:    332.2

   Energies (kJ/mol)
           Bond          Angle    Proper Dih. Per. Imp. Dih.          LJ-14
    6.88698e+02    1.64793e+03    2.18358e+03    8.18863e+01    9.13843e+02
     Coulomb-14        LJ (SR)   Coulomb (SR)   Coul. recip.      Potential
    6.55191e+03    7.78369e+03   -1.22233e+05    2.37138e+02   -1.02145e+05
    Kinetic En.   Total Energy  Conserved En.    Temperature Pressure (bar)
    1.06843e+04   -9.14604e+04   -5.69574e+04    3.36658e+02    2.87123e+02
   Constr. rmsd
    3.58368e-06

           Step           Time
         300000      600.00000

Current ref_t for group System:    332.0

   Energies (kJ/mol)
           Bond          Angle    Proper Dih. Per. Imp. Dih.          LJ-14
    6.68259e+02    1.62948e+03    2.30493e+03    6.32298e+01    8.97717e+02
     Coulomb-14        LJ (SR)   Coulomb (SR)   Coul. recip.      Potential
    6.55371e+03    7.73502e+03   -1.22554e+05    2.73220e+02   -1.02428e+05
    Kinetic En.   Total Energy  Conserved En.    Temperature Pressure (bar)
    1.03089e+04   -9.21195e+04   -5.68879e+04    3.24831e+02    5.33098e+01
   Constr. rmsd
    2.53250e-06

           Step           Time
         301000      602.00000

Current ref_t for group System:    331.8

   Energies (kJ/mol)
           Bond          Angle    Proper Dih. Per. Imp. Dih.          LJ-14
    6.96281e+02    1.58346e+03    2.30846e+03    7.47847e+01    9.09302e+02
     Coulomb-14        LJ (SR)   Coulomb (SR)   Coul. recip.      Potential
    6.59623e+03    7.69388e+03   -1.22609e+05    2.20291e+02   -1.02526e+05
    Kinetic En.   Total Energy  Conserved En.    Temperature Pressure (bar)
    1.05641e+04   -9.19623e+04   -5.68363e+04    3.32871e+02   -8.67196e+01
   Constr. rmsd
    2.79242e-06

           Step           Time
         302000      604.00000

Current ref_t for group System:    331.7

   Energies (kJ/mol)
           Bond          Angle    Proper Dih. Per. Imp. Dih.          LJ-14
    7.72100e+02    1.54673e+03    2.20492e+03    6.19785e+01    8.98433e+02
     Coulomb-14        LJ (SR)   Coulomb (SR)   Coul. recip.      Potential
    6.57687e+03    7.83666e+03   -1.22822e+05    2.19962e+02   -1.02704e+05
    Kinetic En.   Total Energy  Conserved En.    Temperature Pressure (bar)
    1.04873e+04   -9.22171e+04   -5.67437e+04    3.30450e+02    6.83990e+02
   Constr. rmsd
    2.45400e-06

           Step           Time
         303000      606.00000

Current ref_t for group System:    331.5

   Energies (kJ/mol)
           Bond          Angle    Proper Dih. Per. Imp. Dih.          LJ-14
    7.61892e+02    1.75137e+03    2.30927e+03    6.52101e+01    8.75185e+02
     Coulomb-14        LJ (SR)   Coulomb (SR)   Coul. recip.      Potential
    6.57971e+03    7.71575e+03   -1.22414e+05    2.41248e+02   -1.02115e+05
    Kinetic En.   Total Energy  Conserved En.    Temperature Pressure (bar)
    1.07693e+04   -9.13454e+04   -5.66355e+04    3.39337e+02    5.11916e+02
   Constr. rmsd
    2.37658e-06

           Step           Time
         304000      608.00000

Current ref_t for group System:    331.4

   Energies (kJ/mol)
           Bond          Angle    Proper Dih. Per. Imp. Dih.          LJ-14
    7.71608e+02    1.72801e+03    2.24477e+03    7.05459e+01    8.89631e+02
     Coulomb-14        LJ (SR)   Coulomb (SR)   Coul. recip.      Potential
    6.56076e+03    7.03018e+03   -1.21779e+05    2.57726e+02   -1.02226e+05
    Kinetic En.   Total Energy  Conserved En.    Temperature Pressure (bar)
    1.04795e+04   -9.17463e+04   -5.65555e+04    3.30205e+02   -1.94720e+03
   Constr. rmsd
    2.61193e-06

           Step           Time
         305000      610.00000

Current ref_t for group System:    331.2

   Energies (kJ/mol)
           Bond          Angle    Proper Dih. Per. Imp. Dih.          LJ-14
    6.57870e+02    1.53209e+03    2.32279e+03    7.92920e+01    9.48958e+02
     Coulomb-14        LJ (SR)   Coulomb (SR)   Coul. recip.      Potential
    6.61417e+03    7.46033e+03   -1.22409e+05    2.24790e+02   -1.02569e+05
    Kinetic En.   Total Energy  Conserved En.    Temperature Pressure (bar)
    1.04428e+04   -9.21258e+04   -5.63156e+04    3.29048e+02   -2.71680e+02
   Constr. rmsd
    2.75261e-06

           Step           Time
         306000      612.00000

Current ref_t for group System:    331.0

   Energies (kJ/mol)
           Bond          Angle    Proper Dih. Per. Imp. Dih.          LJ-14
    7.43089e+02    1.66770e+03    2.27562e+03    6.71551e+01    9.54447e+02
     Coulomb-14        LJ (SR)   Coulomb (SR)   Coul. recip.      Potential
    6.58169e+03    7.78420e+03   -1.22445e+05    2.35802e+02   -1.02135e+05
    Kinetic En.   Total Energy  Conserved En.    Temperature Pressure (bar)
    1.04087e+04   -9.17261e+04   -5.61318e+04    3.27976e+02    6.66312e+02
   Constr. rmsd
    2.92891e-06

           Step           Time
         307000      614.00000

Current ref_t for group System:    330.9

   Energies (kJ/mol)
           Bond          Angle    Proper Dih. Per. Imp. Dih.          LJ-14
    7.09816e+02    1.70656e+03    2.38123e+03    6.56287e+01    9.25608e+02
     Coulomb-14        LJ (SR)   Coulomb (SR)   Coul. recip.      Potential
    6.56257e+03    7.73135e+03   -1.23236e+05    2.24121e+02   -1.02929e+05
    Kinetic En.   Total Energy  Conserved En.    Temperature Pressure (bar)
    1.06132e+04   -9.23155e+04   -5.60785e+04    3.34417e+02   -2.16719e+02
   Constr. rmsd
    2.38017e-06

           Step           Time
         308000      616.00000

Current ref_t for group System:    330.7

   Energies (kJ/mol)
           Bond          Angle    Proper Dih. Per. Imp. Dih.          LJ-14
    7.33299e+02    1.50555e+03    2.30050e+03    9.46797e+01    9.16962e+02
     Coulomb-14        LJ (SR)   Coulomb (SR)   Coul. recip.      Potential
    6.56695e+03    7.88715e+03   -1.23251e+05    2.13838e+02   -1.03032e+05
    Kinetic En.   Total Energy  Conserved En.    Temperature Pressure (bar)
    1.04496e+04   -9.25823e+04   -5.59945e+04    3.29263e+02    5.79163e+02
   Constr. rmsd
    2.90264e-06

           Step           Time
         309000      618.00000

Current ref_t for group System:    330.6

   Energies (kJ/mol)
           Bond          Angle    Proper Dih. Per. Imp. Dih.          LJ-14
    8.13107e+02    1.52425e+03    2.32825e+03    6.12401e+01    9.03801e+02
     Coulomb-14        LJ (SR)   Coulomb (SR)   Coul. recip.      Potential
    6.55776e+03    7.82198e+03   -1.23082e+05    2.59215e+02   -1.02813e+05
    Kinetic En.   Total Energy  Conserved En.    Temperature Pressure (bar)
    1.04011e+04   -9.24115e+04   -5.59785e+04    3.27737e+02    3.66258e+02
   Constr. rmsd
    3.19773e-06

           Step           Time
         310000      620.00000

Current ref_t for group System:    330.4

   Energies (kJ/mol)
           Bond          Angle    Proper Dih. Per. Imp. Dih.          LJ-14
    8.77038e+02    1.70812e+03    2.32379e+03    8.18230e+01    9.06366e+02
     Coulomb-14        LJ (SR)   Coulomb (SR)   Coul. recip.      Potential
    6.57253e+03    7.88085e+03   -1.22670e+05    2.17983e+02   -1.02101e+05
    Kinetic En.   Total Energy  Conserved En.    Temperature Pressure (bar)
    1.05843e+04   -9.15170e+04   -5.58641e+04    3.33507e+02    3.91977e+02
   Constr. rmsd
    3.16904e-06

           Step           Time
         311000      622.00000

Current ref_t for group System:    330.2

   Energies (kJ/mol)
           Bond          Angle    Proper Dih. Per. Imp. Dih.          LJ-14
    7.51217e+02    1.73626e+03    2.25544e+03    6.08869e+01    9.39351e+02
     Coulomb-14        LJ (SR)   Coulomb (SR)   Coul. recip.      Potential
    6.51046e+03    7.91366e+03   -1.23198e+05    2.45463e+02   -1.02785e+05
    Kinetic En.   Total Energy  Conserved En.    Temperature Pressure (bar)
    1.03266e+04   -9.24585e+04   -5.57401e+04    3.25388e+02    2.98947e+02
   Constr. rmsd
    2.71713e-06

           Step           Time
         312000      624.00000

Current ref_t for group System:    330.1

   Energies (kJ/mol)
           Bond          Angle    Proper Dih. Per. Imp. Dih.          LJ-14
    8.18974e+02    1.62054e+03    2.25020e+03    6.69264e+01    9.05881e+02
     Coulomb-14        LJ (SR)   Coulomb (SR)   Coul. recip.      Potential
    6.54568e+03    7.96963e+03   -1.23200e+05    2.61127e+02   -1.02761e+05
    Kinetic En.   Total Energy  Conserved En.    Temperature Pressure (bar)
    1.05675e+04   -9.21939e+04   -5.56284e+04    3.32980e+02    3.37188e+02
   Constr. rmsd
    2.96621e-06

           Step           Time
         313000      626.00000

Current ref_t for group System:    329.9

   Energies (kJ/mol)
           Bond          Angle    Proper Dih. Per. Imp. Dih.          LJ-14
    8.22912e+02    1.62211e+03    2.31943e+03    8.00446e+01    9.12783e+02
     Coulomb-14        LJ (SR)   Coulomb (SR)   Coul. recip.      Potential
    6.59898e+03    8.10391e+03   -1.23592e+05    2.19457e+02   -1.02913e+05
    Kinetic En.   Total Energy  Conserved En.    Temperature Pressure (bar)
    1.09735e+04   -9.19391e+04   -5.55753e+04    3.45772e+02    3.30850e+02
   Constr. rmsd
    3.67040e-06

           Step           Time
         314000      628.00000

Current ref_t for group System:    329.8

   Energies (kJ/mol)
           Bond          Angle    Proper Dih. Per. Imp. Dih.          LJ-14
    8.51332e+02    1.63415e+03    2.28674e+03    6.36080e+01    8.85112e+02
     Coulomb-14        LJ (SR)   Coulomb (SR)   Coul. recip.      Potential
    6.55245e+03    7.69471e+03   -1.22797e+05    2.59987e+02   -1.02569e+05
    Kinetic En.   Total Energy  Conserved En.    Temperature Pressure (bar)
    1.04171e+04   -9.21517e+04   -5.54950e+04    3.28240e+02   -1.59101e+01
   Constr. rmsd
    2.86204e-06

           Step           Time
         315000      630.00000

Current ref_t for group System:    329.6

   Energies (kJ/mol)
           Bond          Angle    Proper Dih. Per. Imp. Dih.          LJ-14
    7.42737e+02    1.62294e+03    2.28692e+03    7.74690e+01    8.81343e+02
     Coulomb-14        LJ (SR)   Coulomb (SR)   Coul. recip.      Potential
    6.54860e+03    7.61525e+03   -1.22753e+05    2.52436e+02   -1.02725e+05
    Kinetic En.   Total Energy  Conserved En.    Temperature Pressure (bar)
    1.05727e+04   -9.21527e+04   -5.54841e+04    3.33143e+02   -6.58276e+02
   Constr. rmsd
    3.13698e-06

           Step           Time
         316000      632.00000

Current ref_t for group System:    329.4

   Energies (kJ/mol)
           Bond          Angle    Proper Dih. Per. Imp. Dih.          LJ-14
    7.65219e+02    1.60346e+03    2.28872e+03    8.42647e+01    8.93833e+02
     Coulomb-14        LJ (SR)   Coulomb (SR)   Coul. recip.      Potential
    6.50463e+03    7.82100e+03   -1.22831e+05    2.41523e+02   -1.02629e+05
    Kinetic En.   Total Energy  Conserved En.    Temperature Pressure (bar)
    1.02708e+04   -9.23579e+04   -5.54560e+04    3.23629e+02   -5.18479e+02
   Constr. rmsd
    2.29497e-06

           Step           Time
         317000      634.00000

Current ref_t for group System:    329.3

   Energies (kJ/mol)
           Bond          Angle    Proper Dih. Per. Imp. Dih.          LJ-14
    8.30647e+02    1.66814e+03    2.36251e+03    7.74991e+01    8.83632e+02
     Coulomb-14        LJ (SR)   Coulomb (SR)   Coul. recip.      Potential
    6.55080e+03    7.66434e+03   -1.22841e+05    2.54963e+02   -1.02549e+05
    Kinetic En.   Total Energy  Conserved En.    Temperature Pressure (bar)
    1.05583e+04   -9.19903e+04   -5.54330e+04    3.32688e+02   -5.80745e+02
   Constr. rmsd
    2.90172e-06

           Step           Time
         318000      636.00000

Current ref_t for group System:    329.1

   Energies (kJ/mol)
           Bond          Angle    Proper Dih. Per. Imp. Dih.          LJ-14
    7.72858e+02    1.61740e+03    2.24763e+03    6.07705e+01    9.37911e+02
     Coulomb-14        LJ (SR)   Coulomb (SR)   Coul. recip.      Potential
    6.53694e+03    8.21055e+03   -1.23181e+05    2.35291e+02   -1.02562e+05
    Kinetic En.   Total Energy  Conserved En.    Temperature Pressure (bar)
    1.06686e+04   -9.18933e+04   -5.53989e+04    3.36165e+02    1.02233e+03
   Constr. rmsd
    2.74711e-06

           Step           Time
         319000      638.00000

Current ref_t for group System:    329.0

   Energies (kJ/mol)
           Bond          Angle    Proper Dih. Per. Imp. Dih.          LJ-14
    7.71671e+02    1.62548e+03    2.36066e+03    6.30105e+01    8.99587e+02
     Coulomb-14        LJ (SR)   Coulomb (SR)   Coul. recip.      Potential
    6.56162e+03    7.64316e+03   -1.22974e+05    2.51039e+02   -1.02797e+05
    Kinetic En.   Total Energy  Conserved En.    Temperature Pressure (bar)
    1.05808e+04   -9.22165e+04   -5.53843e+04    3.33398e+02   -4.00206e+02
   Constr. rmsd
    2.93524e-06

           Step           Time
         320000      640.00000

Current ref_t for group System:    328.8

   Energies (kJ/mol)
           Bond          Angle    Proper Dih. Per. Imp. Dih.          LJ-14
    6.97661e+02    1.66357e+03    2.30133e+03    6.28728e+01    8.93965e+02
     Coulomb-14        LJ (SR)   Coulomb (SR)   Coul. recip.      Potential
    6.57193e+03    7.45455e+03   -1.22417e+05    2.35662e+02   -1.02536e+05
    Kinetic En.   Total Energy  Conserved En.    Temperature Pressure (bar)
    1.05332e+04   -9.20026e+04   -5.53362e+04    3.31898e+02   -1.56013e+02
   Constr. rmsd
    3.26442e-06

           Step           Time
         321000      642.00000

Current ref_t for group System:    328.6

   Energies (kJ/mol)
           Bond          Angle    Proper Dih. Per. Imp. Dih.          LJ-14
    7.31337e+02    1.62403e+03    2.25457e+03    5.60971e+01    9.03385e+02
     Coulomb-14        LJ (SR)   Coulomb (SR)   Coul. recip.      Potential
    6.53244e+03    7.71921e+03   -1.22952e+05    2.71162e+02   -1.02860e+05
    Kinetic En.   Total Energy  Conserved En.    Temperature Pressure (bar)
    1.05257e+04   -9.23343e+04   -5.53189e+04    3.31661e+02    4.22765e+02
   Constr. rmsd
    3.06251e-06

           Step           Time
         322000      644.00000

Current ref_t for group System:    328.5

   Energies (kJ/mol)
           Bond          Angle    Proper Dih. Per. Imp. Dih.          LJ-14
    7.80379e+02    1.56516e+03    2.29465e+03    5.28515e+01    8.87619e+02
     Coulomb-14        LJ (SR)   Coulomb (SR)   Coul. recip.      Potential
    6.50190e+03    7.86418e+03   -1.22747e+05    2.36018e+02   -1.02565e+05
    Kinetic En.   Total Energy  Conserved En.    Temperature Pressure (bar)
    1.01777e+04   -9.23869e+04   -5.52041e+04    3.20694e+02   -4.50471e+02
   Constr. rmsd
    2.89795e-06

           Step           Time
         323000      646.00000

Current ref_t for group System:    328.3

   Energies (kJ/mol)
           Bond          Angle    Proper Dih. Per. Imp. Dih.          LJ-14
    7.82116e+02    1.54165e+03    2.34566e+03    5.69321e+01    8.90514e+02
     Coulomb-14        LJ (SR)   Coulomb (SR)   Coul. recip.      Potential
    6.54872e+03    7.66072e+03   -1.22602e+05    2.26239e+02   -1.02550e+05
    Kinetic En.   Total Energy  Conserved En.    Temperature Pressure (bar)
    1.05414e+04   -9.20085e+04   -5.51556e+04    3.32155e+02   -8.18668e+02
   Constr. rmsd
    3.12876e-06

           Step           Time
         324000      648.00000

Current ref_t for group System:    328.2

   Energies (kJ/mol)
           Bond          Angle    Proper Dih. Per. Imp. Dih.          LJ-14
    7.17481e+02    1.68792e+03    2.23986e+03    6.96960e+01    8.93466e+02
     Coulomb-14        LJ (SR)   Coulomb (SR)   Coul. recip.      Potential
    6.57363e+03    7.91949e+03   -1.23036e+05    2.41856e+02   -1.02693e+05
    Kinetic En.   Total Energy  Conserved En.    Temperature Pressure (bar)
    1.03309e+04   -9.23618e+04   -5.51039e+04    3.25523e+02    1.75768e+02
   Constr. rmsd
    3.40269e-06

           Step           Time
         325000      650.00000

Current ref_t for group System:    328.0

   Energies (kJ/mol)
           Bond          Angle    Proper Dih. Per. Imp. Dih.          LJ-14
    7.19477e+02    1.63427e+03    2.31254e+03    7.41163e+01    9.12595e+02
     Coulomb-14        LJ (SR)   Coulomb (SR)   Coul. recip.      Potential
    6.57342e+03    7.65725e+03   -1.22732e+05    2.65190e+02   -1.02583e+05
    Kinetic En.   Total Energy  Conserved En.    Temperature Pressure (bar)
    1.03083e+04   -9.22749e+04   -5.51213e+04    3.24812e+02    2.77503e+01
   Constr. rmsd
    2.50875e-06

           Step           Time
         326000      652.00000

Current ref_t for group System:    327.8

   Energies (kJ/mol)
           Bond          Angle    Proper Dih. Per. Imp. Dih.          LJ-14
    8.00724e+02    1.73165e+03    2.24853e+03    6.38321e+01    8.89610e+02
     Coulomb-14        LJ (SR)   Coulomb (SR)   Coul. recip.      Potential
    6.52189e+03    7.50689e+03   -1.22568e+05    2.46261e+02   -1.02558e+05
    Kinetic En.   Total Energy  Conserved En.    Temperature Pressure (bar)
    1.00234e+04   -9.25347e+04   -5.50571e+04    3.15834e+02   -7.32225e+02
   Constr. rmsd
    2.59326e-06

           Step           Time
         327000      654.00000

Current ref_t for group System:    327.7

   Energies (kJ/mol)
           Bond          Angle    Proper Dih. Per. Imp. Dih.          LJ-14
    8.11586e+02    1.55536e+03    2.27706e+03    5.84640e+01    9.36479e+02
     Coulomb-14        LJ (SR)   Coulomb (SR)   Coul. recip.      Potential
    6.56038e+03    7.70384e+03   -1.22778e+05    2.29967e+02   -1.02645e+05
    Kinetic En.   Total Energy  Conserved En.    Temperature Pressure (bar)
    1.03341e+04   -9.23110e+04   -5.49746e+04    3.25623e+02    5.34286e+02
   Constr. rmsd
    3.52331e-06

           Step           Time
         328000      656.00000

Current ref_t for group System:    327.5

   Energies (kJ/mol)
           Bond          Angle    Proper Dih. Per. Imp. Dih.          LJ-14
    8.20581e+02    1.67139e+03    2.30046e+03    1.08501e+02    9.13061e+02
     Coulomb-14        LJ (SR)   Coulomb (SR)   Coul. recip.      Potential
    6.53585e+03    7.97100e+03   -1.23284e+05    2.65784e+02   -1.02698e+05
    Kinetic En.   Total Energy  Conserved En.    Temperature Pressure (bar)
    1.04281e+04   -9.22697e+04   -5.48654e+04    3.28587e+02    5.67120e+02
   Constr. rmsd
    2.34352e-06

           Step           Time
         329000      658.00000

Current ref_t for group System:    327.4

   Energies (kJ/mol)
           Bond          Angle    Proper Dih. Per. Imp. Dih.          LJ-14
    8.19438e+02    1.51160e+03    2.37868e+03    6.11730e+01    8.99602e+02
     Coulomb-14        LJ (SR)   Coulomb (SR)   Coul. recip.      Potential
    6.59437e+03    7.43039e+03   -1.22534e+05    2.37253e+02   -1.02601e+05
    Kinetic En.   Total Energy  Conserved En.    Temperature Pressure (bar)
    1.03737e+04   -9.22275e+04   -5.47864e+04    3.26870e+02   -1.38240e+03
   Constr. rmsd
    3.05911e-06

           Step           Time
         330000      660.00000

Current ref_t for group System:    327.2

   Energies (kJ/mol)
           Bond          Angle    Proper Dih. Per. Imp. Dih.          LJ-14
    7.20166e+02    1.61860e+03    2.32707e+03    6.05736e+01    8.97916e+02
     Coulomb-14        LJ (SR)   Coulomb (SR)   Coul. recip.      Potential
    6.60237e+03    7.45999e+03   -1.22500e+05    2.52480e+02   -1.02561e+05
    Kinetic En.   Total Energy  Conserved En.    Temperature Pressure (bar)
    1.04789e+04   -9.20823e+04   -5.46234e+04    3.30186e+02    1.68373e+02
   Constr. rmsd
    2.23978e-06

           Step           Time
         331000      662.00000

Current ref_t for group System:    327.0

   Energies (kJ/mol)
           Bond          Angle    Proper Dih. Per. Imp. Dih.          LJ-14
    7.48876e+02    1.57133e+03    2.34745e+03    7.68173e+01    9.52273e+02
     Coulomb-14        LJ (SR)   Coulomb (SR)   Coul. recip.      Potential
    6.58448e+03    7.64249e+03   -1.22598e+05    2.26876e+02   -1.02448e+05
    Kinetic En.   Total Energy  Conserved En.    Temperature Pressure (bar)
    1.03546e+04   -9.20930e+04   -5.45222e+04    3.26270e+02    6.93605e+02
   Constr. rmsd
    2.87390e-06

           Step           Time
         332000      664.00000

Current ref_t for group System:    326.9

   Energies (kJ/mol)
           Bond          Angle    Proper Dih. Per. Imp. Dih.          LJ-14
    7.14893e+02    1.50716e+03    2.26293e+03    7.18275e+01    8.87765e+02
     Coulomb-14        LJ (SR)   Coulomb (SR)   Coul. recip.      Potential
    6.55413e+03    8.07551e+03   -1.23266e+05    2.28967e+02   -1.02963e+05
    Kinetic En.   Total Energy  Conserved En.    Temperature Pressure (bar)
    1.06492e+04   -9.23136e+04   -5.45360e+04    3.35552e+02    2.76142e+02
   Constr. rmsd
    2.50458e-06

           Step           Time
         333000      666.00000

Current ref_t for group System:    326.7

   Energies (kJ/mol)
           Bond          Angle    Proper Dih. Per. Imp. Dih.          LJ-14
    8.97193e+02    1.69129e+03    2.37228e+03    6.46104e+01    9.03212e+02
     Coulomb-14        LJ (SR)   Coulomb (SR)   Coul. recip.      Potential
    6.55327e+03    7.57280e+03   -1.22387e+05    2.27814e+02   -1.02104e+05
    Kinetic En.   Total Energy  Conserved En.    Temperature Pressure (bar)
    1.01567e+04   -9.19475e+04   -5.44392e+04    3.20033e+02   -9.37810e+02
   Constr. rmsd
    3.03441e-06

           Step           Time
         334000      668.00000

Current ref_t for group System:    326.6

   Energies (kJ/mol)
           Bond          Angle    Proper Dih. Per. Imp. Dih.          LJ-14
    7.40883e+02    1.80427e+03    2.30240e+03    7.26513e+01    9.02363e+02
     Coulomb-14        LJ (SR)   Coulomb (SR)   Coul. recip.      Potential
    6.56548e+03    7.83519e+03   -1.23096e+05    2.41263e+02   -1.02631e+05
    Kinetic En.   Total Energy  Conserved En.    Temperature Pressure (bar)
    1.06835e+04   -9.19478e+04   -5.44338e+04    3.36632e+02    1.30486e+02
   Constr. rmsd
    2.80336e-06

           Step           Time
         335000      670.00000

Current ref_t for group System:    326.4

   Energies (kJ/mol)
           Bond          Angle    Proper Dih. Per. Imp. Dih.          LJ-14
    7.47093e+02    1.61126e+03    2.27171e+03    6.24258e+01    9.16216e+02
     Coulomb-14        LJ (SR)   Coulomb (SR)   Coul. recip.      Potential
    6.61373e+03    8.00776e+03   -1.23134e+05    2.32079e+02   -1.02672e+05
    Kinetic En.   Total Energy  Conserved En.    Temperature Pressure (bar)
    1.02379e+04   -9.24339e+04   -5.43897e+04    3.22594e+02    8.24679e+02
   Constr. rmsd
    3.18452e-06

           Step           Time
         336000      672.00000

Current ref_t for group System:    326.2

   Energies (kJ/mol)
           Bond          Angle    Proper Dih. Per. Imp. Dih.          LJ-14
    8.23932e+02    1.59989e+03    2.34916e+03    9.14150e+01    8.89825e+02
     Coulomb-14        LJ (SR)   Coulomb (SR)   Coul. recip.      Potential
    6.60772e+03    7.49108e+03   -1.22626e+05    2.40413e+02   -1.02533e+05
    Kinetic En.   Total Energy  Conserved En.    Temperature Pressure (bar)
    1.01126e+04   -9.24205e+04   -5.43764e+04    3.18644e+02   -3.28721e+02
   Constr. rmsd
    2.95073e-06

           Step           Time
         337000      674.00000

Current ref_t for group System:    326.1

   Energies (kJ/mol)
           Bond          Angle    Proper Dih. Per. Imp. Dih.          LJ-14
    7.96318e+02    1.73016e+03    2.34346e+03    8.53213e+01    9.06364e+02
     Coulomb-14        LJ (SR)   Coulomb (SR)   Coul. recip.      Potential
    6.59012e+03    7.87396e+03   -1.23231e+05    2.58941e+02   -1.02646e+05
    Kinetic En.   Total Energy  Conserved En.    Temperature Pressure (bar)
    1.02394e+04   -9.24069e+04   -5.42696e+04    3.22638e+02    2.65886e+02
   Constr. rmsd
    2.38513e-06

           Step           Time
         338000      676.00000

Current ref_t for group System:    325.9

   Energies (kJ/mol)
           Bond          Angle    Proper Dih. Per. Imp. Dih.          LJ-14
    7.79625e+02    1.61571e+03    2.31583e+03    8.05223e+01    9.11300e+02
     Coulomb-14        LJ (SR)   Coulomb (SR)   Coul. recip.      Potential
    6.63323e+03    7.79751e+03   -1.23104e+05    2.56781e+02   -1.02714e+05
    Kinetic En.   Total Energy  Conserved En.    Temperature Pressure (bar)
    1.02032e+04   -9.25106e+04   -5.42262e+04    3.21501e+02    2.34586e+02
   Constr. rmsd
    2.62848e-06

           Step           Time
         339000      678.00000

Current ref_t for group System:    325.8

   Energies (kJ/mol)
           Bond          Angle    Proper Dih. Per. Imp. Dih.          LJ-14
    7.95006e+02    1.63563e+03    2.30148e+03    7.42510e+01    9.00975e+02
     Coulomb-14        LJ (SR)   Coulomb (SR)   Coul. recip.      Potential
    6.60888e+03    7.58031e+03   -1.23162e+05    2.18405e+02   -1.03047e+05
    Kinetic En.   Total Energy  Conserved En.    Temperature Pressure (bar)
    1.04729e+04   -9.25742e+04   -5.41276e+04    3.29996e+02   -1.07266e+03
   Constr. rmsd
    2.21480e-06

           Step           Time
         340000      680.00000

Current ref_t for group System:    325.6

   Energies (kJ/mol)
           Bond          Angle    Proper Dih. Per. Imp. Dih.          LJ-14
    6.93396e+02    1.54481e+03    2.30759e+03    6.84650e+01    8.79245e+02
     Coulomb-14        LJ (SR)   Coulomb (SR)   Coul. recip.      Potential
    6.62117e+03    7.95354e+03   -1.23352e+05    2.27873e+02   -1.03056e+05
    Kinetic En.   Total Energy  Conserved En.    Temperature Pressure (bar)
    1.04032e+04   -9.26525e+04   -5.40933e+04    3.27803e+02   -3.39142e+02
   Constr. rmsd
    2.72700e-06

           Step           Time
         341000      682.00000

Current ref_t for group System:    325.4

   Energies (kJ/mol)
           Bond          Angle    Proper Dih. Per. Imp. Dih.          LJ-14
    7.94763e+02    1.51483e+03    2.21341e+03    6.45855e+01    9.07049e+02
     Coulomb-14        LJ (SR)   Coulomb (SR)   Coul. recip.      Potential
    6.66251e+03    7.61422e+03   -1.22391e+05    2.79019e+02   -1.02340e+05
    Kinetic En.   Total Energy  Conserved En.    Temperature Pressure (bar)
    1.03538e+04   -9.19866e+04   -5.39975e+04    3.26244e+02    1.94838e+02
   Constr. rmsd
    2.70234e-06

           Step           Time
         342000      684.00000

Current ref_t for group System:    325.3

   Energies (kJ/mol)
           Bond          Angle    Proper Dih. Per. Imp. Dih.          LJ-14
    7.63712e+02    1.58855e+03    2.28168e+03    8.32277e+01    8.75793e+02
     Coulomb-14        LJ (SR)   Coulomb (SR)   Coul. recip.      Potential
    6.59849e+03    7.46205e+03   -1.22497e+05    2.59930e+02   -1.02583e+05
    Kinetic En.   Total Energy  Conserved En.    Temperature Pressure (bar)
    9.96398e+03   -9.26193e+04   -5.39325e+04    3.13961e+02   -1.01903e+03
   Constr. rmsd
    3.00434e-06

           Step           Time
         343000      686.00000

Current ref_t for group System:    325.1

   Energies (kJ/mol)
           Bond          Angle    Proper Dih. Per. Imp. Dih.          LJ-14
    7.07462e+02    1.48959e+03    2.33926e+03    7.38015e+01    9.84813e+02
     Coulomb-14        LJ (SR)   Coulomb (SR)   Coul. recip.      Potential
    6.61626e+03    7.68646e+03   -1.23275e+05    2.25570e+02   -1.03152e+05
    Kinetic En.   Total Energy  Conserved En.    Temperature Pressure (bar)
    1.02772e+04   -9.28746e+04   -5.38181e+04    3.23829e+02    5.99800e+02
   Constr. rmsd
    2.50974e-06

           Step           Time
         344000      688.00000

Current ref_t for group System:    325.0

   Energies (kJ/mol)
           Bond          Angle    Proper Dih. Per. Imp. Dih.          LJ-14
    7.04133e+02    1.57799e+03    2.31509e+03    5.91003e+01    9.07680e+02
     Coulomb-14        LJ (SR)   Coulomb (SR)   Coul. recip.      Potential
    6.56310e+03    8.26949e+03   -1.23588e+05    2.71446e+02   -1.02920e+05
    Kinetic En.   Total Energy  Conserved En.    Temperature Pressure (bar)
    1.03303e+04   -9.25898e+04   -5.37450e+04    3.25503e+02    1.01939e+03
   Constr. rmsd
    2.75375e-06

           Step           Time
         345000      690.00000

Current ref_t for group System:    324.8

   Energies (kJ/mol)
           Bond          Angle    Proper Dih. Per. Imp. Dih.          LJ-14
    7.71181e+02    1.51687e+03    2.27683e+03    5.77503e+01    9.30561e+02
     Coulomb-14        LJ (SR)   Coulomb (SR)   Coul. recip.      Potential
    6.61338e+03    7.75633e+03   -1.22989e+05    2.54090e+02   -1.02812e+05
    Kinetic En.   Total Energy  Conserved En.    Temperature Pressure (bar)
    1.03781e+04   -9.24336e+04   -5.35275e+04    3.27011e+02    4.37606e+02
   Constr. rmsd
    3.46103e-06

           Step           Time
         346000      692.00000

Current ref_t for group System:    324.6

   Energies (kJ/mol)
           Bond          Angle    Proper Dih. Per. Imp. Dih.          LJ-14
    8.17661e+02    1.53530e+03    2.26012e+03    6.65136e+01    9.07013e+02
     Coulomb-14        LJ (SR)   Coulomb (SR)   Coul. recip.      Potential
    6.60892e+03    7.36277e+03   -1.22638e+05    2.58865e+02   -1.02820e+05
    Kinetic En.   Total Energy  Conserved En.    Temperature Pressure (bar)
    1.02906e+04   -9.25299e+04   -5.32679e+04    3.24252e+02   -5.22737e+02
   Constr. rmsd
    2.86651e-06

           Step           Time
         347000      694.00000

Current ref_t for group System:    324.5

   Energies (kJ/mol)
           Bond          Angle    Proper Dih. Per. Imp. Dih.          LJ-14
    7.43622e+02    1.62061e+03    2.23872e+03    7.77495e+01    8.90544e+02
     Coulomb-14        LJ (SR)   Coulomb (SR)   Coul. recip.      Potential
    6.58534e+03    7.87537e+03   -1.23145e+05    2.05138e+02   -1.02908e+05
    Kinetic En.   Total Energy  Conserved En.    Temperature Pressure (bar)
    1.04322e+04   -9.24758e+04   -5.31447e+04    3.28717e+02    5.91564e+02
   Constr. rmsd
    2.58980e-06

           Step           Time
         348000      696.00000

Current ref_t for group System:    324.3

   Energies (kJ/mol)
           Bond          Angle    Proper Dih. Per. Imp. Dih.          LJ-14
    7.11710e+02    1.49748e+03    2.21887e+03    7.58549e+01    9.10176e+02
     Coulomb-14        LJ (SR)   Coulomb (SR)   Coul. recip.      Potential
    6.63650e+03    8.03809e+03   -1.23382e+05    2.33658e+02   -1.03060e+05
    Kinetic En.   Total Energy  Conserved En.    Temperature Pressure (bar)
    1.02754e+04   -9.27843e+04   -5.30922e+04    3.23774e+02    7.60041e+02
   Constr. rmsd
    2.61564e-06

           Step           Time
         349000      698.00000

Current ref_t for group System:    324.2

   Energies (kJ/mol)
           Bond          Angle    Proper Dih. Per. Imp. Dih.          LJ-14
    7.44385e+02    1.58215e+03    2.23613e+03    7.91161e+01    9.39828e+02
     Coulomb-14        LJ (SR)   Coulomb (SR)   Coul. recip.      Potential
    6.63092e+03    7.41857e+03   -1.22564e+05    2.39064e+02   -1.02694e+05
    Kinetic En.   Total Energy  Conserved En.    Temperature Pressure (bar)
    1.00170e+04   -9.26768e+04   -5.30695e+04    3.15633e+02   -9.29219e+01
   Constr. rmsd
    2.74719e-06

           Step           Time
         350000      700.00000

Current ref_t for group System:    324.0

   Energies (kJ/mol)
           Bond          Angle    Proper Dih. Per. Imp. Dih.          LJ-14
    7.21512e+02    1.48585e+03    2.33715e+03    7.12529e+01    9.48567e+02
     Coulomb-14        LJ (SR)   Coulomb (SR)   Coul. recip.      Potential
    6.61432e+03    7.74517e+03   -1.23050e+05    2.39134e+02   -1.02887e+05
    Kinetic En.   Total Energy  Conserved En.    Temperature Pressure (bar)
    1.03204e+04   -9.25668e+04   -5.30218e+04    3.25192e+02    3.42165e+02
   Constr. rmsd
    3.63522e-06

           Step           Time
         351000      702.00000

Current ref_t for group System:    323.8

   Energies (kJ/mol)
           Bond          Angle    Proper Dih. Per. Imp. Dih.          LJ-14
    7.88213e+02    1.59395e+03    2.32229e+03    7.78609e+01    9.26810e+02
     Coulomb-14        LJ (SR)   Coulomb (SR)   Coul. recip.      Potential
    6.61592e+03    7.48043e+03   -1.22812e+05    2.62880e+02   -1.02743e+05
    Kinetic En.   Total Energy  Conserved En.    Temperature Pressure (bar)
    1.01749e+04   -9.25683e+04   -5.28661e+04    3.20606e+02   -3.04131e+02
   Constr. rmsd
    3.18768e-06

           Step           Time
         352000      704.00000

Current ref_t for group System:    323.7

   Energies (kJ/mol)
           Bond          Angle    Proper Dih. Per. Imp. Dih.          LJ-14
    7.75049e+02    1.64100e+03    2.26191e+03    6.76733e+01    8.99925e+02
     Coulomb-14        LJ (SR)   Coulomb (SR)   Coul. recip.      Potential
    6.61845e+03    7.85677e+03   -1.23558e+05    1.97099e+02   -1.03240e+05
    Kinetic En.   Total Energy  Conserved En.    Temperature Pressure (bar)
    1.04724e+04   -9.27676e+04   -5.28255e+04    3.29983e+02    1.88239e+02
   Constr. rmsd
    2.51618e-06

           Step           Time
         353000      706.00000

Current ref_t for group System:    323.5

   Energies (kJ/mol)
           Bond          Angle    Proper Dih. Per. Imp. Dih.          LJ-14
    8.00341e+02    1.74629e+03    2.34375e+03    6.80589e+01    8.97270e+02
     Coulomb-14        LJ (SR)   Coulomb (SR)   Coul. recip.      Potential
    6.56922e+03    7.82775e+03   -1.23055e+05    2.52153e+02   -1.02550e+05
    Kinetic En.   Total Energy  Conserved En.    Temperature Pressure (bar)
    1.01921e+04   -9.23578e+04   -5.27409e+04    3.21148e+02    4.73830e+02
   Constr. rmsd
    2.66149e-06

           Step           Time
         354000      708.00000

Current ref_t for group System:    323.4

   Energies (kJ/mol)
           Bond          Angle    Proper Dih. Per. Imp. Dih.          LJ-14
    7.55820e+02    1.52629e+03    2.28202e+03    7.64891e+01    9.36986e+02
     Coulomb-14        LJ (SR)   Coulomb (SR)   Coul. recip.      Potential
    6.65041e+03    7.74408e+03   -1.23387e+05    2.32646e+02   -1.03182e+05
    Kinetic En.   Total Energy  Conserved En.    Temperature Pressure (bar)
    1.00354e+04   -9.31466e+04   -5.24566e+04    3.16212e+02   -1.05781e+01
   Constr. rmsd
    3.26397e-06

           Step           Time
         355000      710.00000

Current ref_t for group System:    323.2

   Energies (kJ/mol)
           Bond          Angle    Proper Dih. Per. Imp. Dih.          LJ-14
    7.16932e+02    1.62966e+03    2.34582e+03    8.08216e+01    9.22825e+02
     Coulomb-14        LJ (SR)   Coulomb (SR)   Coul. recip.      Potential
    6.56201e+03    7.85634e+03   -1.23076e+05    2.18901e+02   -1.02743e+05
    Kinetic En.   Total Energy  Conserved En.    Temperature Pressure (bar)
    1.01364e+04   -9.26064e+04   -5.22795e+04    3.19395e+02    2.25812e+02
   Constr. rmsd
    2.71859e-06

           Step           Time
         356000      712.00000

Current ref_t for group System:    323.0

   Energies (kJ/mol)
           Bond          Angle    Proper Dih. Per. Imp. Dih.          LJ-14
    7.07808e+02    1.52825e+03    2.25466e+03    7.76353e+01    8.98739e+02
     Coulomb-14        LJ (SR)   Coulomb (SR)   Coul. recip.      Potential
    6.59281e+03    7.88746e+03   -1.23285e+05    2.23665e+02   -1.03114e+05
    Kinetic En.   Total Energy  Conserved En.    Temperature Pressure (bar)
    1.03172e+04   -9.27966e+04   -5.21197e+04    3.25090e+02    2.78920e+02
   Constr. rmsd
    3.00378e-06

           Step           Time
         357000      714.00000

Current ref_t for group System:    322.9

   Energies (kJ/mol)
           Bond          Angle    Proper Dih. Per. Imp. Dih.          LJ-14
    7.49059e+02    1.63202e+03    2.32013e+03    6.93790e+01    9.19763e+02
     Coulomb-14        LJ (SR)   Coulomb (SR)   Coul. recip.      Potential
    6.58473e+03    7.76409e+03   -1.23014e+05    2.30320e+02   -1.02745e+05
    Kinetic En.   Total Energy  Conserved En.    Temperature Pressure (bar)
    1.02905e+04   -9.24543e+04   -5.19706e+04    3.24250e+02   -3.39982e+02
   Constr. rmsd
    3.29216e-06

           Step           Time
         358000      716.00000

Current ref_t for group System:    322.7

   Energies (kJ/mol)
           Bond          Angle    Proper Dih. Per. Imp. Dih.          LJ-14
    7.21979e+02    1.59048e+03    2.24797e+03    7.05342e+01    8.83761e+02
     Coulomb-14        LJ (SR)   Coulomb (SR)   Coul. recip.      Potential
    6.60327e+03    7.68721e+03   -1.22934e+05    2.24904e+02   -1.02904e+05
    Kinetic En.   Total Energy  Conserved En.    Temperature Pressure (bar)
    1.05375e+04   -9.23668e+04   -5.19156e+04    3.32034e+02   -5.49167e+02
   Constr. rmsd
    3.08188e-06

           Step           Time
         359000      718.00000

Current ref_t for group System:    322.6

   Energies (kJ/mol)
           Bond          Angle    Proper Dih. Per. Imp. Dih.          LJ-14
    7.54493e+02    1.62410e+03    2.33560e+03    6.14165e+01    9.25408e+02
     Coulomb-14        LJ (SR)   Coulomb (SR)   Coul. recip.      Potential
    6.54808e+03    7.70504e+03   -1.22966e+05    2.53658e+02   -1.02758e+05
    Kinetic En.   Total Energy  Conserved En.    Temperature Pressure (bar)
    1.03340e+04   -9.24244e+04   -5.17491e+04    3.25621e+02   -4.69157e+02
   Constr. rmsd
    2.73553e-06

           Step           Time
         360000      720.00000

Current ref_t for group System:    322.4

   Energies (kJ/mol)
           Bond          Angle    Proper Dih. Per. Imp. Dih.          LJ-14
    7.14742e+02    1.51193e+03    2.32139e+03    7.42980e+01    9.37523e+02
     Coulomb-14        LJ (SR)   Coulomb (SR)   Coul. recip.      Potential
    6.53339e+03    8.19408e+03   -1.23542e+05    2.23219e+02   -1.03031e+05
    Kinetic En.   Total Energy  Conserved En.    Temperature Pressure (bar)
    1.05320e+04   -9.24993e+04   -5.14872e+04    3.31858e+02    1.10654e+03
   Constr. rmsd
    2.56661e-06

           Step           Time
         361000      722.00000

Current ref_t for group System:    322.2

   Energies (kJ/mol)
           Bond          Angle    Proper Dih. Per. Imp. Dih.          LJ-14
    6.55640e+02    1.53751e+03    2.29015e+03    8.13625e+01    9.29371e+02
     Coulomb-14        LJ (SR)   Coulomb (SR)   Coul. recip.      Potential
    6.54783e+03    8.31688e+03   -1.23223e+05    2.30600e+02   -1.02633e+05
    Kinetic En.   Total Energy  Conserved En.    Temperature Pressure (bar)
    1.05833e+04   -9.20501e+04   -5.13659e+04    3.33475e+02    7.62130e+02
   Constr. rmsd
    3.92578e-06

           Step           Time
         362000      724.00000

Current ref_t for group System:    322.1

   Energies (kJ/mol)
           Bond          Angle    Proper Dih. Per. Imp. Dih.          LJ-14
    7.40537e+02    1.60055e+03    2.24178e+03    7.14160e+01    8.84728e+02
     Coulomb-14        LJ (SR)   Coulomb (SR)   Coul. recip.      Potential
    6.52593e+03    7.72716e+03   -1.23024e+05    2.49381e+02   -1.02982e+05
    Kinetic En.   Total Energy  Conserved En.    Temperature Pressure (bar)
    1.04268e+04   -9.25556e+04   -5.13579e+04    3.28546e+02    4.50515e+01
   Constr. rmsd
    2.82903e-06

           Step           Time
         363000      726.00000

Current ref_t for group System:    321.9

   Energies (kJ/mol)
           Bond          Angle    Proper Dih. Per. Imp. Dih.          LJ-14
    8.14787e+02    1.56820e+03    2.28619e+03    7.30815e+01    8.81626e+02
     Coulomb-14        LJ (SR)   Coulomb (SR)   Coul. recip.      Potential
    6.58245e+03    7.96432e+03   -1.23255e+05    2.59712e+02   -1.02824e+05
    Kinetic En.   Total Energy  Conserved En.    Temperature Pressure (bar)
    1.01043e+04   -9.27198e+04   -5.12524e+04    3.18384e+02   -4.11663e+02
   Constr. rmsd
    2.55855e-06

           Step           Time
         364000      728.00000

Current ref_t for group System:    321.8

   Energies (kJ/mol)
           Bond          Angle    Proper Dih. Per. Imp. Dih.          LJ-14
    7.25520e+02    1.58233e+03    2.31373e+03    9.38987e+01    8.84565e+02
     Coulomb-14        LJ (SR)   Coulomb (SR)   Coul. recip.      Potential
    6.55628e+03    7.59552e+03   -1.22823e+05    2.31338e+02   -1.02840e+05
    Kinetic En.   Total Energy  Conserved En.    Temperature Pressure (bar)
    1.04215e+04   -9.24181e+04   -5.12395e+04    3.28378e+02   -5.31638e+02
   Constr. rmsd
    4.09201e-06

           Step           Time
         365000      730.00000

Current ref_t for group System:    321.6

   Energies (kJ/mol)
           Bond          Angle    Proper Dih. Per. Imp. Dih.          LJ-14
    6.78702e+02    1.63645e+03    2.22349e+03    7.20802e+01    9.53375e+02
     Coulomb-14        LJ (SR)   Coulomb (SR)   Coul. recip.      Potential
    6.60733e+03    7.62740e+03   -1.22953e+05    2.41786e+02   -1.02913e+05
    Kinetic En.   Total Energy  Conserved En.    Temperature Pressure (bar)
    1.02166e+04   -9.26960e+04   -5.12073e+04    3.21920e+02    6.26237e+02
   Constr. rmsd
    2.77220e-06

           Step           Time
         366000      732.00000

Current ref_t for group System:    321.4

   Energies (kJ/mol)
           Bond          Angle    Proper Dih. Per. Imp. Dih.          LJ-14
    6.52524e+02    1.58357e+03    2.22332e+03    8.34165e+01    9.45910e+02
     Coulomb-14        LJ (SR)   Coulomb (SR)   Coul. recip.      Potential
    6.62080e+03    7.81698e+03   -1.23355e+05    2.04252e+02   -1.03224e+05
    Kinetic En.   Total Energy  Conserved En.    Temperature Pressure (bar)
    1.01724e+04   -9.30517e+04   -5.11693e+04    3.20529e+02    6.95875e+02
   Constr. rmsd
    3.03504e-06

           Step           Time
         367000      734.00000

Current ref_t for group System:    321.3

   Energies (kJ/mol)
           Bond          Angle    Proper Dih. Per. Imp. Dih.          LJ-14
    7.19692e+02    1.48021e+03    2.19258e+03    6.02072e+01    9.24269e+02
     Coulomb-14        LJ (SR)   Coulomb (SR)   Coul. recip.      Potential
    6.62055e+03    7.61910e+03   -1.22833e+05    2.12969e+02   -1.03003e+05
    Kinetic En.   Total Energy  Conserved En.    Temperature Pressure (bar)
    1.01927e+04   -9.28104e+04   -5.11448e+04    3.21167e+02    1.98889e+02
   Constr. rmsd
    3.97118e-06

           Step           Time
         368000      736.00000

Current ref_t for group System:    321.1

   Energies (kJ/mol)
           Bond          Angle    Proper Dih. Per. Imp. Dih.          LJ-14
    7.16609e+02    1.62352e+03    2.27691e+03    6.53556e+01    9.02476e+02
     Coulomb-14        LJ (SR)   Coulomb (SR)   Coul. recip.      Potential
    6.59035e+03    7.95177e+03   -1.22892e+05    2.72079e+02   -1.02493e+05
    Kinetic En.   Total Energy  Conserved En.    Temperature Pressure (bar)
    1.01598e+04   -9.23328e+04   -5.10324e+04    3.20130e+02   -7.24164e+02
   Constr. rmsd
    2.59882e-06

           Step           Time
         369000      738.00000

Current ref_t for group System:    321.0

   Energies (kJ/mol)
           Bond          Angle    Proper Dih. Per. Imp. Dih.          LJ-14
    7.80830e+02    1.69299e+03    2.26741e+03    7.90401e+01    8.49301e+02
     Coulomb-14        LJ (SR)   Coulomb (SR)   Coul. recip.      Potential
    6.55922e+03    7.45689e+03   -1.22854e+05    2.48811e+02   -1.02919e+05
    Kinetic En.   Total Energy  Conserved En.    Temperature Pressure (bar)
    1.00349e+04   -9.28844e+04   -5.09057e+04    3.16196e+02   -1.56265e+03
   Constr. rmsd
    2.22291e-06

           Step           Time
         370000      740.00000

Current ref_t for group System:    320.8

   Energies (kJ/mol)
           Bond          Angle    Proper Dih. Per. Imp. Dih.          LJ-14
    7.60440e+02    1.52751e+03    2.30482e+03    7.56035e+01    9.12627e+02
     Coulomb-14        LJ (SR)   Coulomb (SR)   Coul. recip.      Potential
    6.58846e+03    7.63454e+03   -1.23008e+05    2.45289e+02   -1.02959e+05
    Kinetic En.   Total Energy  Conserved En.    Temperature Pressure (bar)
    1.00206e+04   -9.29385e+04   -5.08713e+04    3.15745e+02   -3.46216e+02
   Constr. rmsd
    3.10152e-06

           Step           Time
         371000      742.00000

Current ref_t for group System:    320.6

   Energies (kJ/mol)
           Bond          Angle    Proper Dih. Per. Imp. Dih.          LJ-14
    7.51953e+02    1.66845e+03    2.32487e+03    6.12114e+01    9.33954e+02
     Coulomb-14        LJ (SR)   Coulomb (SR)   Coul. recip.      Potential
    6.57581e+03    7.81163e+03   -1.23698e+05    2.17239e+02   -1.03353e+05
    Kinetic En.   Total Energy  Conserved En.    Temperature Pressure (bar)
    1.03606e+04   -9.29922e+04   -5.07927e+04    3.26460e+02    7.26531e+02
   Constr. rmsd
    1.99170e-06

           Step           Time
         372000      744.00000

Current ref_t for group System:    320.5

   Energies (kJ/mol)
           Bond          Angle    Proper Dih. Per. Imp. Dih.          LJ-14
    7.16284e+02    1.58864e+03    2.27123e+03    6.86333e+01    9.14786e+02
     Coulomb-14        LJ (SR)   Coulomb (SR)   Coul. recip.      Potential
    6.64335e+03    8.27835e+03   -1.24079e+05    2.43144e+02   -1.03355e+05
    Kinetic En.   Total Energy  Conserved En.    Temperature Pressure (bar)
    1.02652e+04   -9.30894e+04   -5.07339e+04    3.23454e+02    1.42233e+03
   Constr. rmsd
    3.93708e-06

           Step           Time
         373000      746.00000

Current ref_t for group System:    320.3

   Energies (kJ/mol)
           Bond          Angle    Proper Dih. Per. Imp. Dih.          LJ-14
    7.14003e+02    1.54105e+03    2.29654e+03    8.12048e+01    8.93816e+02
     Coulomb-14        LJ (SR)   Coulomb (SR)   Coul. recip.      Potential
    6.61855e+03    7.79997e+03   -1.23767e+05    2.09872e+02   -1.03612e+05
    Kinetic En.   Total Energy  Conserved En.    Temperature Pressure (bar)
    9.98152e+03   -9.36308e+04   -5.06688e+04    3.14514e+02    6.50633e+02
   Constr. rmsd
    2.80766e-06

           Step           Time
         374000      748.00000

Current ref_t for group System:    320.2

   Energies (kJ/mol)
           Bond          Angle    Proper Dih. Per. Imp. Dih.          LJ-14
    7.40141e+02    1.51198e+03    2.31008e+03    6.63366e+01    9.10470e+02
     Coulomb-14        LJ (SR)   Coulomb (SR)   Coul. recip.      Potential
    6.64149e+03    8.00896e+03   -1.23323e+05    2.29475e+02   -1.02904e+05
    Kinetic En.   Total Energy  Conserved En.    Temperature Pressure (bar)
    1.01022e+04   -9.28018e+04   -5.05302e+04    3.18317e+02    2.17491e+02
   Constr. rmsd
    2.52340e-06

           Step           Time
         375000      750.00000

Current ref_t for group System:    320.0

   Energies (kJ/mol)
           Bond          Angle    Proper Dih. Per. Imp. Dih.          LJ-14
    7.97354e+02    1.49201e+03    2.30439e+03    8.51348e+01    9.35301e+02
     Coulomb-14        LJ (SR)   Coulomb (SR)   Coul. recip.      Potential
    6.60695e+03    7.59692e+03   -1.22972e+05    2.59387e+02   -1.02894e+05
    Kinetic En.   Total Energy  Conserved En.    Temperature Pressure (bar)
    1.03468e+04   -9.25477e+04   -5.05123e+04    3.26023e+02   -1.13411e+02
   Constr. rmsd
    2.52212e-06

           Step           Time
         376000      752.00000

Current ref_t for group System:    319.8

   Energies (kJ/mol)
           Bond          Angle    Proper Dih. Per. Imp. Dih.          LJ-14
    7.68216e+02    1.54136e+03    2.27467e+03    8.70202e+01    9.14434e+02
     Coulomb-14        LJ (SR)   Coulomb (SR)   Coul. recip.      Potential
    6.67429e+03    7.61754e+03   -1.23195e+05    2.71341e+02   -1.03046e+05
    Kinetic En.   Total Energy  Conserved En.    Temperature Pressure (bar)
    1.04071e+04   -9.26393e+04   -5.04230e+04    3.27925e+02   -4.42242e+02
   Constr. rmsd
    3.10339e-06

           Step           Time
         377000      754.00000

Current ref_t for group System:    319.7

   Energies (kJ/mol)
           Bond          Angle    Proper Dih. Per. Imp. Dih.          LJ-14
    8.31878e+02    1.54561e+03    2.30170e+03    6.53764e+01    8.89236e+02
     Coulomb-14        LJ (SR)   Coulomb (SR)   Coul. recip.      Potential
    6.63461e+03    7.89725e+03   -1.23332e+05    2.93442e+02   -1.02873e+05
    Kinetic En.   Total Energy  Conserved En.    Temperature Pressure (bar)
    1.00185e+04   -9.28542e+04   -5.02598e+04    3.15681e+02   -5.40706e+02
   Constr. rmsd
    2.59693e-06

           Step           Time
         378000      756.00000

Current ref_t for group System:    319.5

   Energies (kJ/mol)
           Bond          Angle    Proper Dih. Per. Imp. Dih.          LJ-14
    7.29202e+02    1.51170e+03    2.34284e+03    7.62391e+01    8.95279e+02
     Coulomb-14        LJ (SR)   Coulomb (SR)   Coul. recip.      Potential
    6.62700e+03    7.94024e+03   -1.23509e+05    2.31192e+02   -1.03155e+05
    Kinetic En.   Total Energy  Conserved En.    Temperature Pressure (bar)
    1.03761e+04   -9.27791e+04   -5.02066e+04    3.26946e+02   -6.28103e+00
   Constr. rmsd
    2.66626e-06

           Step           Time
         379000      758.00000

Current ref_t for group System:    319.4

   Energies (kJ/mol)
           Bond          Angle    Proper Dih. Per. Imp. Dih.          LJ-14
    7.96182e+02    1.57139e+03    2.21385e+03    6.49178e+01    8.93362e+02
     Coulomb-14        LJ (SR)   Coulomb (SR)   Coul. recip.      Potential
    6.63388e+03    7.96348e+03   -1.23956e+05    2.45116e+02   -1.03573e+05
    Kinetic En.   Total Energy  Conserved En.    Temperature Pressure (bar)
    1.02144e+04   -9.33589e+04   -5.01763e+04    3.21853e+02    6.93091e+02
   Constr. rmsd
    2.97659e-06

           Step           Time
         380000      760.00000

Current ref_t for group System:    319.2

   Energies (kJ/mol)
           Bond          Angle    Proper Dih. Per. Imp. Dih.          LJ-14
    6.97806e+02    1.55299e+03    2.27622e+03    5.42441e+01    9.20862e+02
     Coulomb-14        LJ (SR)   Coulomb (SR)   Coul. recip.      Potential
    6.64277e+03    7.64474e+03   -1.23504e+05    2.42049e+02   -1.03472e+05
    Kinetic En.   Total Energy  Conserved En.    Temperature Pressure (bar)
    1.02179e+04   -9.32543e+04   -5.01053e+04    3.21962e+02   -4.49613e+01
   Constr. rmsd
    2.64290e-06

           Step           Time
         381000      762.00000

Current ref_t for group System:    319.0

   Energies (kJ/mol)
           Bond          Angle    Proper Dih. Per. Imp. Dih.          LJ-14
    8.23279e+02    1.60340e+03    2.28390e+03    7.57228e+01    8.95679e+02
     Coulomb-14        LJ (SR)   Coulomb (SR)   Coul. recip.      Potential
    6.65636e+03    7.91463e+03   -1.23805e+05    2.40190e+02   -1.03312e+05
    Kinetic En.   Total Energy  Conserved En.    Temperature Pressure (bar)
    9.99835e+03   -9.33138e+04   -5.00231e+04    3.15045e+02    1.65290e+02
   Constr. rmsd
    2.64768e-06

           Step           Time
         382000      764.00000

Current ref_t for group System:    318.9

   Energies (kJ/mol)
           Bond          Angle    Proper Dih. Per. Imp. Dih.          LJ-14
    7.25988e+02    1.55613e+03    2.34733e+03    7.21578e+01    8.85211e+02
     Coulomb-14        LJ (SR)   Coulomb (SR)   Coul. recip.      Potential
    6.69386e+03    8.17181e+03   -1.24328e+05    2.19522e+02   -1.03656e+05
    Kinetic En.   Total Energy  Conserved En.    Temperature Pressure (bar)
    9.91170e+03   -9.37443e+04   -4.99800e+04    3.12314e+02    3.81372e+02
   Constr. rmsd
    1.97281e-06

           Step           Time
         383000      766.00000

Current ref_t for group System:    318.7

   Energies (kJ/mol)
           Bond          Angle    Proper Dih. Per. Imp. Dih.          LJ-14
    7.58632e+02    1.64048e+03    2.28963e+03    6.18180e+01    8.74362e+02
     Coulomb-14        LJ (SR)   Coulomb (SR)   Coul. recip.      Potential
    6.66115e+03    7.75153e+03   -1.23620e+05    2.17497e+02   -1.03365e+05
    Kinetic En.   Total Energy  Conserved En.    Temperature Pressure (bar)
    1.05288e+04   -9.28359e+04   -4.99290e+04    3.31758e+02    1.52538e+02
   Constr. rmsd
    3.20158e-06

           Step           Time
         384000      768.00000

Current ref_t for group System:    318.6

   Energies (kJ/mol)
           Bond          Angle    Proper Dih. Per. Imp. Dih.          LJ-14
    7.64489e+02    1.46038e+03    2.21160e+03    5.63452e+01    8.67672e+02
     Coulomb-14        LJ (SR)   Coulomb (SR)   Coul. recip.      Potential
    6.66241e+03    7.75323e+03   -1.23454e+05    2.53917e+02   -1.03424e+05
    Kinetic En.   Total Energy  Conserved En.    Temperature Pressure (bar)
    9.94044e+03   -9.34834e+04   -4.98877e+04    3.13220e+02   -8.12274e+02
   Constr. rmsd
    2.05246e-06

           Step           Time
         385000      770.00000

Current ref_t for group System:    318.4

   Energies (kJ/mol)
           Bond          Angle    Proper Dih. Per. Imp. Dih.          LJ-14
    8.31117e+02    1.53335e+03    2.25373e+03    5.58711e+01    8.67418e+02
     Coulomb-14        LJ (SR)   Coulomb (SR)   Coul. recip.      Potential
    6.65134e+03    8.21058e+03   -1.23892e+05    2.32351e+02   -1.03256e+05
    Kinetic En.   Total Energy  Conserved En.    Temperature Pressure (bar)
    1.00864e+04   -9.31698e+04   -4.97944e+04    3.17820e+02    1.42966e+02
   Constr. rmsd
    2.53820e-06

           Step           Time
         386000      772.00000

Current ref_t for group System:    318.2

   Energies (kJ/mol)
           Bond          Angle    Proper Dih. Per. Imp. Dih.          LJ-14
    7.57020e+02    1.58171e+03    2.25617e+03    6.57892e+01    8.99440e+02
     Coulomb-14        LJ (SR)   Coulomb (SR)   Coul. recip.      Potential
    6.60025e+03    7.77914e+03   -1.23406e+05    2.19691e+02   -1.03247e+05
    Kinetic En.   Total Energy  Conserved En.    Temperature Pressure (bar)
    1.02506e+04   -9.29963e+04   -4.95931e+04    3.22994e+02    2.07650e+02
   Constr. rmsd
    2.35783e-06

           Step           Time
         387000      774.00000

Current ref_t for group System:    318.1

   Energies (kJ/mol)
           Bond          Angle    Proper Dih. Per. Imp. Dih.          LJ-14
    8.27088e+02    1.58551e+03    2.17288e+03    7.99787e+01    8.75007e+02
     Coulomb-14        LJ (SR)   Coulomb (SR)   Coul. recip.      Potential
    6.64474e+03    7.95504e+03   -1.23356e+05    2.44542e+02   -1.02971e+05
    Kinetic En.   Total Energy  Conserved En.    Temperature Pressure (bar)
    1.01334e+04   -9.28374e+04   -4.94359e+04    3.19301e+02   -7.60025e+02
   Constr. rmsd
    3.44009e-06

           Step           Time
         388000      776.00000

Current ref_t for group System:    317.9

   Energies (kJ/mol)
           Bond          Angle    Proper Dih. Per. Imp. Dih.          LJ-14
    8.29622e+02    1.49645e+03    2.24318e+03    6.46620e+01    8.54019e+02
     Coulomb-14        LJ (SR)   Coulomb (SR)   Coul. recip.      Potential
    6.66205e+03    7.84249e+03   -1.23175e+05    2.33839e+02   -1.02949e+05
    Kinetic En.   Total Energy  Conserved En.    Temperature Pressure (bar)
    1.02344e+04   -9.27147e+04   -4.92286e+04    3.22484e+02   -8.52265e+02
   Constr. rmsd
    3.05762e-06

           Step           Time
         389000      778.00000

Current ref_t for group System:    317.8

   Energies (kJ/mol)
           Bond          Angle    Proper Dih. Per. Imp. Dih.          LJ-14
    7.52574e+02    1.44791e+03    2.26084e+03    6.71353e+01    9.19945e+02
     Coulomb-14        LJ (SR)   Coulomb (SR)   Coul. recip.      Potential
    6.68401e+03    7.65610e+03   -1.22606e+05    2.31967e+02   -1.02586e+05
    Kinetic En.   Total Energy  Conserved En.    Temperature Pressure (bar)
    9.71227e+03   -9.28736e+04   -4.91251e+04    3.06030e+02   -7.05086e+01
   Constr. rmsd
    2.44868e-06

           Step           Time
         390000      780.00000

Current ref_t for group System:    317.6

   Energies (kJ/mol)
           Bond          Angle    Proper Dih. Per. Imp. Dih.          LJ-14
    7.59907e+02    1.58161e+03    2.23481e+03    7.16971e+01    8.79263e+02
     Coulomb-14        LJ (SR)   Coulomb (SR)   Coul. recip.      Potential
    6.65474e+03    7.69690e+03   -1.23019e+05    2.46306e+02   -1.02894e+05
    Kinetic En.   Total Energy  Conserved En.    Temperature Pressure (bar)
    1.03390e+04   -9.25549e+04   -4.88877e+04    3.25777e+02   -2.89940e+02
   Constr. rmsd
    2.92261e-06

           Step           Time
         391000      782.00000

Current ref_t for group System:    317.4

   Energies (kJ/mol)
           Bond          Angle    Proper Dih. Per. Imp. Dih.          LJ-14
    7.48795e+02    1.63323e+03    2.25939e+03    1.04210e+02    8.90422e+02
     Coulomb-14        LJ (SR)   Coulomb (SR)   Coul. recip.      Potential
    6.58669e+03    7.66592e+03   -1.23115e+05    2.19774e+02   -1.03007e+05
    Kinetic En.   Total Energy  Conserved En.    Temperature Pressure (bar)
    1.03031e+04   -9.27036e+04   -4.87612e+04    3.24646e+02   -1.04086e+03
   Constr. rmsd
    2.41510e-06

           Step           Time
         392000      784.00000

Current ref_t for group System:    317.3

   Energies (kJ/mol)
           Bond          Angle    Proper Dih. Per. Imp. Dih.          LJ-14
    6.97765e+02    1.48253e+03    2.31172e+03    7.44284e+01    8.99826e+02
     Coulomb-14        LJ (SR)   Coulomb (SR)   Coul. recip.      Potential
    6.62326e+03    7.99752e+03   -1.23796e+05    2.08357e+02   -1.03501e+05
    Kinetic En.   Total Energy  Conserved En.    Temperature Pressure (bar)
    9.88619e+03   -9.36146e+04   -4.86983e+04    3.11510e+02    8.76924e+02
   Constr. rmsd
    2.37967e-06

           Step           Time
         393000      786.00000

Current ref_t for group System:    317.1

   Energies (kJ/mol)
           Bond          Angle    Proper Dih. Per. Imp. Dih.          LJ-14
    7.81777e+02    1.49229e+03    2.32043e+03    7.74144e+01    9.04440e+02
     Coulomb-14        LJ (SR)   Coulomb (SR)   Coul. recip.      Potential
    6.61143e+03    7.86162e+03   -1.23309e+05    2.16696e+02   -1.03043e+05
    Kinetic En.   Total Energy  Conserved En.    Temperature Pressure (bar)
    1.00898e+04   -9.29528e+04   -4.86542e+04    3.17927e+02   -5.15257e+02
   Constr. rmsd
    2.34034e-06

           Step           Time
         394000      788.00000

Current ref_t for group System:    317.0

   Energies (kJ/mol)
           Bond          Angle    Proper Dih. Per. Imp. Dih.          LJ-14
    6.96825e+02    1.53578e+03    2.24395e+03    6.89622e+01    9.20329e+02
     Coulomb-14        LJ (SR)   Coulomb (SR)   Coul. recip.      Potential
    6.69730e+03    7.52534e+03   -1.22844e+05    2.30546e+02   -1.02925e+05
    Kinetic En.   Total Energy  Conserved En.    Temperature Pressure (bar)
    9.98098e+03   -9.29441e+04   -4.85263e+04    3.14497e+02   -1.03606e+02
   Constr. rmsd
    3.20792e-06

           Step           Time
         395000      790.00000

Current ref_t for group System:    316.8

   Energies (kJ/mol)
           Bond          Angle    Proper Dih. Per. Imp. Dih.          LJ-14
    7.33261e+02    1.62746e+03    2.22611e+03    8.39634e+01    9.25382e+02
     Coulomb-14        LJ (SR)   Coulomb (SR)   Coul. recip.      Potential
    6.61007e+03    7.78069e+03   -1.23244e+05    2.50993e+02   -1.03006e+05
    Kinetic En.   Total Energy  Conserved En.    Temperature Pressure (bar)
    1.01852e+04   -9.28208e+04   -4.84632e+04    3.20933e+02    3.42393e+02
   Constr. rmsd
    2.50035e-06

           Step           Time
         396000      792.00000

Current ref_t for group System:    316.6

   Energies (kJ/mol)
           Bond          Angle    Proper Dih. Per. Imp. Dih.          LJ-14
    7.39491e+02    1.47299e+03    2.22054e+03    7.22698e+01    8.99837e+02
     Coulomb-14        LJ (SR)   Coulomb (SR)   Coul. recip.      Potential
    6.62971e+03    7.49602e+03   -1.23053e+05    2.43112e+02   -1.03279e+05
    Kinetic En.   Total Energy  Conserved En.    Temperature Pressure (bar)
    1.01431e+04   -9.31358e+04   -4.84315e+04    3.19606e+02   -3.19153e+02
   Constr. rmsd
    2.57464e-06

           Step           Time
         397000      794.00000

Current ref_t for group System:    316.5

   Energies (kJ/mol)
           Bond          Angle    Proper Dih. Per. Imp. Dih.          LJ-14
    6.09710e+02    1.48051e+03    2.27809e+03    6.82627e+01    9.06828e+02
     Coulomb-14        LJ (SR)   Coulomb (SR)   Coul. recip.      Potential
    6.60431e+03    7.58612e+03   -1.22967e+05    2.24898e+02   -1.03208e+05
    Kinetic En.   Total Energy  Conserved En.    Temperature Pressure (bar)
    1.03106e+04   -9.28977e+04   -4.84111e+04    3.24884e+02    3.65282e+02
   Constr. rmsd
    2.91003e-06

           Step           Time
         398000      796.00000

Current ref_t for group System:    316.3

   Energies (kJ/mol)
           Bond          Angle    Proper Dih. Per. Imp. Dih.          LJ-14
    7.10827e+02    1.54708e+03    2.23532e+03    7.45351e+01    8.84913e+02
     Coulomb-14        LJ (SR)   Coulomb (SR)   Coul. recip.      Potential
    6.66921e+03    7.56346e+03   -1.23363e+05    2.18248e+02   -1.03459e+05
    Kinetic En.   Total Energy  Conserved En.    Temperature Pressure (bar)
    1.01890e+04   -9.32701e+04   -4.83445e+04    3.21053e+02    3.03716e+02
   Constr. rmsd
    2.55118e-06

           Step           Time
         399000      798.00000

Current ref_t for group System:    316.2

   Energies (kJ/mol)
           Bond          Angle    Proper Dih. Per. Imp. Dih.          LJ-14
    6.79264e+02    1.51348e+03    2.23225e+03    6.57026e+01    8.90472e+02
     Coulomb-14        LJ (SR)   Coulomb (SR)   Coul. recip.      Potential
    6.66036e+03    7.74671e+03   -1.23584e+05    2.15333e+02   -1.03580e+05
    Kinetic En.   Total Energy  Conserved En.    Temperature Pressure (bar)
    1.00551e+04   -9.35254e+04   -4.82980e+04    3.16832e+02   -3.42462e+01
   Constr. rmsd
    2.67544e-06

           Step           Time
         400000      800.00000

Current ref_t for group System:    316.0

   Energies (kJ/mol)
           Bond          Angle    Proper Dih. Per. Imp. Dih.          LJ-14
    7.61814e+02    1.49496e+03    2.26287e+03    7.86791e+01    8.41876e+02
     Coulomb-14        LJ (SR)   Coulomb (SR)   Coul. recip.      Potential
    6.61052e+03    7.87501e+03   -1.23380e+05    2.28087e+02   -1.03226e+05
    Kinetic En.   Total Energy  Conserved En.    Temperature Pressure (bar)
    1.01737e+04   -9.30523e+04   -4.81965e+04    3.20571e+02   -4.69562e+02
   Constr. rmsd
    2.74573e-06

           Step           Time
         401000      802.00000

Current ref_t for group System:    315.8

   Energies (kJ/mol)
           Bond          Angle    Proper Dih. Per. Imp. Dih.          LJ-14
    6.92935e+02    1.60378e+03    2.31443e+03    8.74627e+01    9.11621e+02
     Coulomb-14        LJ (SR)   Coulomb (SR)   Coul. recip.      Potential
    6.61950e+03    7.81531e+03   -1.23483e+05    2.00336e+02   -1.03237e+05
    Kinetic En.   Total Energy  Conserved En.    Temperature Pressure (bar)
    1.01092e+04   -9.31281e+04   -4.80005e+04    3.18538e+02    4.26652e+02
   Constr. rmsd
    2.87402e-06

           Step           Time
         402000      804.00000

Current ref_t for group System:    315.7

   Energies (kJ/mol)
           Bond          Angle    Proper Dih. Per. Imp. Dih.          LJ-14
    7.10546e+02    1.53741e+03    2.24762e+03    7.91526e+01    9.01969e+02
     Coulomb-14        LJ (SR)   Coulomb (SR)   Coul. recip.      Potential
    6.58479e+03    7.90424e+03   -1.23511e+05    2.31718e+02   -1.03314e+05
    Kinetic En.   Total Energy  Conserved En.    Temperature Pressure (bar)
    1.01011e+04   -9.32129e+04   -4.79424e+04    3.18283e+02   -2.02564e+02
   Constr. rmsd
    2.58006e-06

           Step           Time
         403000      806.00000

Current ref_t for group System:    315.5

   Energies (kJ/mol)
           Bond          Angle    Proper Dih. Per. Imp. Dih.          LJ-14
    7.09878e+02    1.58177e+03    2.25047e+03    6.20667e+01    8.98217e+02
     Coulomb-14        LJ (SR)   Coulomb (SR)   Coul. recip.      Potential
    6.62785e+03    8.04418e+03   -1.23897e+05    1.93846e+02   -1.03529e+05
    Kinetic En.   Total Energy  Conserved En.    Temperature Pressure (bar)
    9.77873e+03   -9.37502e+04   -4.78983e+04    3.08124e+02    4.65967e+02
   Constr. rmsd
    2.87376e-06

           Step           Time
         404000      808.00000

Current ref_t for group System:    315.4

   Energies (kJ/mol)
           Bond          Angle    Proper Dih. Per. Imp. Dih.          LJ-14
    7.62890e+02    1.51621e+03    2.25460e+03    5.72613e+01    9.09316e+02
     Coulomb-14        LJ (SR)   Coulomb (SR)   Coul. recip.      Potential
    6.62458e+03    7.54964e+03   -1.23359e+05    2.44630e+02   -1.03440e+05
    Kinetic En.   Total Energy  Conserved En.    Temperature Pressure (bar)
    1.00174e+04   -9.34223e+04   -4.78449e+04    3.15644e+02   -7.44855e+02
   Constr. rmsd
    3.58048e-06

           Step           Time
         405000      810.00000

Current ref_t for group System:    315.2

   Energies (kJ/mol)
           Bond          Angle    Proper Dih. Per. Imp. Dih.          LJ-14
    7.15238e+02    1.49963e+03    2.22196e+03    6.53146e+01    8.95247e+02
     Coulomb-14        LJ (SR)   Coulomb (SR)   Coul. recip.      Potential
    6.62098e+03    8.01799e+03   -1.24108e+05    2.39239e+02   -1.03832e+05
    Kinetic En.   Total Energy  Conserved En.    Temperature Pressure (bar)
    1.00075e+04   -9.38247e+04   -4.77636e+04    3.15332e+02   -2.07222e+01
   Constr. rmsd
    2.49387e-06

           Step           Time
         406000      812.00000

Current ref_t for group System:    315.0

   Energies (kJ/mol)
           Bond          Angle    Proper Dih. Per. Imp. Dih.          LJ-14
    7.36663e+02    1.57619e+03    2.28877e+03    7.99794e+01    9.12244e+02
     Coulomb-14        LJ (SR)   Coulomb (SR)   Coul. recip.      Potential
    6.62430e+03    7.90504e+03   -1.23629e+05    2.25006e+02   -1.03281e+05
    Kinetic En.   Total Energy  Conserved En.    Temperature Pressure (bar)
    9.89749e+03   -9.33831e+04   -4.77425e+04    3.11867e+02   -5.21397e+00
   Constr. rmsd
    3.19239e-06

           Step           Time
         407000      814.00000

Current ref_t for group System:    314.9

   Energies (kJ/mol)
           Bond          Angle    Proper Dih. Per. Imp. Dih.          LJ-14
    7.83777e+02    1.61355e+03    2.26958e+03    5.98741e+01    9.07609e+02
     Coulomb-14        LJ (SR)   Coulomb (SR)   Coul. recip.      Potential
    6.63868e+03    7.83380e+03   -1.23932e+05    2.49230e+02   -1.03575e+05
    Kinetic En.   Total Energy  Conserved En.    Temperature Pressure (bar)
    1.03705e+04   -9.32049e+04   -4.76973e+04    3.26770e+02    3.45739e+02
   Constr. rmsd
    3.04967e-06

           Step           Time
         408000      816.00000

Current ref_t for group System:    314.7

   Energies (kJ/mol)
           Bond          Angle    Proper Dih. Per. Imp. Dih.          LJ-14
    7.60060e+02    1.65130e+03    2.24571e+03    7.26539e+01    9.12822e+02
     Coulomb-14        LJ (SR)   Coulomb (SR)   Coul. recip.      Potential
    6.61426e+03    7.65008e+03   -1.23505e+05    2.26317e+02   -1.03372e+05
    Kinetic En.   Total Energy  Conserved En.    Temperature Pressure (bar)
    1.03583e+04   -9.30134e+04   -4.76844e+04    3.26387e+02   -9.50671e+01
   Constr. rmsd
    2.85929e-06

           Step           Time
         409000      818.00000

Current ref_t for group System:    314.6

   Energies (kJ/mol)
           Bond          Angle    Proper Dih. Per. Imp. Dih.          LJ-14
    7.41818e+02    1.56848e+03    2.26797e+03    5.67206e+01    9.40494e+02
     Coulomb-14        LJ (SR)   Coulomb (SR)   Coul. recip.      Potential
    6.64692e+03    7.94967e+03   -1.24138e+05    2.30918e+02   -1.03735e+05
    Kinetic En.   Total Energy  Conserved En.    Temperature Pressure (bar)
    1.01913e+04   -9.35440e+04   -4.76704e+04    3.21124e+02    3.87850e+02
   Constr. rmsd
    2.31164e-06

           Step           Time
         410000      820.00000

Current ref_t for group System:    314.4

   Energies (kJ/mol)
           Bond          Angle    Proper Dih. Per. Imp. Dih.          LJ-14
    7.74198e+02    1.55084e+03    2.22585e+03    6.32837e+01    9.17475e+02
     Coulomb-14        LJ (SR)   Coulomb (SR)   Coul. recip.      Potential
    6.66423e+03    6.76356e+03   -1.22451e+05    2.35469e+02   -1.03256e+05
    Kinetic En.   Total Energy  Conserved En.    Temperature Pressure (bar)
    9.76496e+03   -9.34907e+04   -4.76027e+04    3.07691e+02   -1.40930e+03
   Constr. rmsd
    2.27617e-06

           Step           Time
         411000      822.00000

Current ref_t for group System:    314.2

   Energies (kJ/mol)
           Bond          Angle    Proper Dih. Per. Imp. Dih.          LJ-14
    6.35370e+02    1.54586e+03    2.23427e+03    6.74806e+01    9.39840e+02
     Coulomb-14        LJ (SR)   Coulomb (SR)   Coul. recip.      Potential
    6.65044e+03    7.62015e+03   -1.23344e+05    2.21850e+02   -1.03429e+05
    Kinetic En.   Total Energy  Conserved En.    Temperature Pressure (bar)
    9.98100e+03   -9.34479e+04   -4.75697e+04    3.14498e+02    4.09115e+02
   Constr. rmsd
    2.59431e-06

           Step           Time
         412000      824.00000

Current ref_t for group System:    314.1

   Energies (kJ/mol)
           Bond          Angle    Proper Dih. Per. Imp. Dih.          LJ-14
    8.37671e+02    1.56166e+03    2.30429e+03    8.65441e+01    8.94743e+02
     Coulomb-14        LJ (SR)   Coulomb (SR)   Coul. recip.      Potential
    6.62782e+03    7.32776e+03   -1.23008e+05    2.69520e+02   -1.03098e+05
    Kinetic En.   Total Energy  Conserved En.    Temperature Pressure (bar)
    1.00223e+04   -9.30760e+04   -4.75130e+04    3.15798e+02   -1.35628e+03
   Constr. rmsd
    2.77633e-06

           Step           Time
         413000      826.00000

Current ref_t for group System:    313.9

   Energies (kJ/mol)
           Bond          Angle    Proper Dih. Per. Imp. Dih.          LJ-14
    7.07315e+02    1.63918e+03    2.28892e+03    6.94738e+01    9.07442e+02
     Coulomb-14        LJ (SR)   Coulomb (SR)   Coul. recip.      Potential
    6.61107e+03    7.49301e+03   -1.23209e+05    2.30689e+02   -1.03262e+05
    Kinetic En.   Total Energy  Conserved En.    Temperature Pressure (bar)
    9.85364e+03   -9.34088e+04   -4.73413e+04    3.10485e+02   -6.08053e+02
   Constr. rmsd
    2.81191e-06

           Step           Time
         414000      828.00000

Current ref_t for group System:    313.8

   Energies (kJ/mol)
           Bond          Angle    Proper Dih. Per. Imp. Dih.          LJ-14
    8.42304e+02    1.65220e+03    2.22777e+03    6.51780e+01    8.70119e+02
     Coulomb-14        LJ (SR)   Coulomb (SR)   Coul. recip.      Potential
    6.62907e+03    7.29817e+03   -1.22870e+05    2.38155e+02   -1.03047e+05
    Kinetic En.   Total Energy  Conserved En.    Temperature Pressure (bar)
    9.82363e+03   -9.32237e+04   -4.71513e+04    3.09539e+02   -1.55663e+03
   Constr. rmsd
    2.89891e-06

           Step           Time
         415000      830.00000

Current ref_t for group System:    313.6

   Energies (kJ/mol)
           Bond          Angle    Proper Dih. Per. Imp. Dih.          LJ-14
    7.58195e+02    1.51171e+03    2.31136e+03    7.65623e+01    9.01924e+02
     Coulomb-14        LJ (SR)   Coulomb (SR)   Coul. recip.      Potential
    6.67244e+03    7.75975e+03   -1.23488e+05    2.42328e+02   -1.03254e+05
    Kinetic En.   Total Energy  Conserved En.    Temperature Pressure (bar)
    1.01105e+04   -9.31432e+04   -4.68528e+04    3.18578e+02   -4.44608e+02
   Constr. rmsd
    2.71403e-06

           Step           Time
         416000      832.00000

Current ref_t for group System:    313.4

   Energies (kJ/mol)
           Bond          Angle    Proper Dih. Per. Imp. Dih.          LJ-14
    7.39520e+02    1.66972e+03    2.28173e+03    8.18788e+01    9.02707e+02
     Coulomb-14        LJ (SR)   Coulomb (SR)   Coul. recip.      Potential
    6.65068e+03    7.62762e+03   -1.23706e+05    2.36507e+02   -1.03516e+05
    Kinetic En.   Total Energy  Conserved En.    Temperature Pressure (bar)
    1.01099e+04   -9.34058e+04   -4.66534e+04    3.18559e+02   -6.74497e+02
   Constr. rmsd
    3.07776e-06

           Step           Time
         417000      834.00000

Current ref_t for group System:    313.3

   Energies (kJ/mol)
           Bond          Angle    Proper Dih. Per. Imp. Dih.          LJ-14
    8.30063e+02    1.69062e+03    2.16057e+03    7.36891e+01    8.85830e+02
     Coulomb-14        LJ (SR)   Coulomb (SR)   Coul. recip.      Potential
    6.63252e+03    7.98373e+03   -1.23881e+05    2.28039e+02   -1.03396e+05
    Kinetic En.   Total Energy  Conserved En.    Temperature Pressure (bar)
    1.01192e+04   -9.32763e+04   -4.64902e+04    3.18854e+02   -3.03238e+02
   Constr. rmsd
    2.57111e-06

           Step           Time
         418000      836.00000

Current ref_t for group System:    313.1

   Energies (kJ/mol)
           Bond          Angle    Proper Dih. Per. Imp. Dih.          LJ-14
    7.02721e+02    1.60612e+03    2.24194e+03    7.17434e+01    9.47452e+02
     Coulomb-14        LJ (SR)   Coulomb (SR)   Coul. recip.      Potential
    6.60410e+03    8.15603e+03   -1.24443e+05    2.28564e+02   -1.03884e+05
    Kinetic En.   Total Energy  Conserved En.    Temperature Pressure (bar)
    9.83665e+03   -9.40474e+04   -4.64237e+04    3.09949e+02    6.95425e+02
   Constr. rmsd
    3.19322e-06

           Step           Time
         419000      838.00000

Current ref_t for group System:    313.0

   Energies (kJ/mol)
           Bond          Angle    Proper Dih. Per. Imp. Dih.          LJ-14
    7.88258e+02    1.63281e+03    2.26912e+03    4.98893e+01    8.90920e+02
     Coulomb-14        LJ (SR)   Coulomb (SR)   Coul. recip.      Potential
    6.58740e+03    8.07288e+03   -1.24210e+05    2.08457e+02   -1.03710e+05
    Kinetic En.   Total Energy  Conserved En.    Temperature Pressure (bar)
    9.81979e+03   -9.38904e+04   -4.63991e+04    3.09418e+02    1.35321e+02
   Constr. rmsd
    2.94213e-06

           Step           Time
         420000      840.00000

Current ref_t for group System:    312.8

   Energies (kJ/mol)
           Bond          Angle    Proper Dih. Per. Imp. Dih.          LJ-14
    7.09689e+02    1.50653e+03    2.25424e+03    8.66512e+01    9.18655e+02
     Coulomb-14        LJ (SR)   Coulomb (SR)   Coul. recip.      Potential
    6.62445e+03    7.82278e+03   -1.23854e+05    2.48914e+02   -1.03682e+05
    Kinetic En.   Total Energy  Conserved En.    Temperature Pressure (bar)
    9.84538e+03   -9.38366e+04   -4.63818e+04    3.10224e+02   -6.51324e+02
   Constr. rmsd
    2.76382e-06

           Step           Time
         421000      842.00000

Current ref_t for group System:    312.6

   Energies (kJ/mol)
           Bond          Angle    Proper Dih. Per. Imp. Dih.          LJ-14
    7.91501e+02    1.57790e+03    2.25958e+03    6.25704e+01    9.09104e+02
     Coulomb-14        LJ (SR)   Coulomb (SR)   Coul. recip.      Potential
    6.60792e+03    8.02456e+03   -1.24115e+05    2.26258e+02   -1.03656e+05
    Kinetic En.   Total Energy  Conserved En.    Temperature Pressure (bar)
    1.02952e+04   -9.33606e+04   -4.63254e+04    3.24398e+02    1.85726e+02
   Constr. rmsd
    2.38706e-06

           Step           Time
         422000      844.00000

Current ref_t for group System:    312.5

   Energies (kJ/mol)
           Bond          Angle    Proper Dih. Per. Imp. Dih.          LJ-14
    7.23993e+02    1.63410e+03    2.24137e+03    8.19145e+01    9.15356e+02
     Coulomb-14        LJ (SR)   Coulomb (SR)   Coul. recip.      Potential
    6.61623e+03    7.54998e+03   -1.23528e+05    2.25439e+02   -1.03540e+05
    Kinetic En.   Total Energy  Conserved En.    Temperature Pressure (bar)
    9.69068e+03   -9.38488e+04   -4.62600e+04    3.05350e+02   -5.45627e+02
   Constr. rmsd
    2.60252e-06

           Step           Time
         423000      846.00000

Current ref_t for group System:    312.3

   Energies (kJ/mol)
           Bond          Angle    Proper Dih. Per. Imp. Dih.          LJ-14
    7.10265e+02    1.56413e+03    2.27440e+03    7.96854e+01    9.11626e+02
     Coulomb-14        LJ (SR)   Coulomb (SR)   Coul. recip.      Potential
    6.62538e+03    7.49339e+03   -1.23339e+05    2.34463e+02   -1.03446e+05
    Kinetic En.   Total Energy  Conserved En.    Temperature Pressure (bar)
    1.00007e+04   -9.34451e+04   -4.62554e+04    3.15118e+02    1.09641e+02
   Constr. rmsd
    3.27204e-06

           Step           Time
         424000      848.00000

Current ref_t for group System:    312.2

   Energies (kJ/mol)
           Bond          Angle    Proper Dih. Per. Imp. Dih.          LJ-14
    7.67714e+02    1.61931e+03    2.17755e+03    5.63022e+01    8.71285e+02
     Coulomb-14        LJ (SR)   Coulomb (SR)   Coul. recip.      Potential
    6.59871e+03    7.78637e+03   -1.23490e+05    2.46814e+02   -1.03366e+05
    Kinetic En.   Total Energy  Conserved En.    Temperature Pressure (bar)
    1.01964e+04   -9.31693e+04   -4.62250e+04    3.21286e+02   -3.56316e+02
   Constr. rmsd
    3.23964e-06

           Step           Time
         425000      850.00000

Current ref_t for group System:    312.0

   Energies (kJ/mol)
           Bond          Angle    Proper Dih. Per. Imp. Dih.          LJ-14
    7.54105e+02    1.56880e+03    2.19201e+03    6.38473e+01    9.27669e+02
     Coulomb-14        LJ (SR)   Coulomb (SR)   Coul. recip.      Potential
    6.61669e+03    8.26458e+03   -1.24279e+05    2.09736e+02   -1.03681e+05
    Kinetic En.   Total Energy  Conserved En.    Temperature Pressure (bar)
    9.83057e+03   -9.38507e+04   -4.61244e+04    3.09758e+02    9.86583e+02
   Constr. rmsd
    3.02712e-06

           Step           Time
         426000      852.00000

Current ref_t for group System:    311.8

   Energies (kJ/mol)
           Bond          Angle    Proper Dih. Per. Imp. Dih.          LJ-14
    8.40404e+02    1.45888e+03    2.26776e+03    7.03213e+01    9.12034e+02
     Coulomb-14        LJ (SR)   Coulomb (SR)   Coul. recip.      Potential
    6.62035e+03    7.91200e+03   -1.23832e+05    2.60002e+02   -1.03490e+05
    Kinetic En.   Total Energy  Conserved En.    Temperature Pressure (bar)
    9.71075e+03   -9.37796e+04   -4.59855e+04    3.05982e+02    5.72222e+02
   Constr. rmsd
    2.12372e-06

           Step           Time
         427000      854.00000

Current ref_t for group System:    311.7

   Energies (kJ/mol)
           Bond          Angle    Proper Dih. Per. Imp. Dih.          LJ-14
    8.04629e+02    1.54615e+03    2.24782e+03    9.15921e+01    9.22458e+02
     Coulomb-14        LJ (SR)   Coulomb (SR)   Coul. recip.      Potential
    6.63810e+03    7.73169e+03   -1.23402e+05    2.28650e+02   -1.03191e+05
    Kinetic En.   Total Energy  Conserved En.    Temperature Pressure (bar)
    9.77883e+03   -9.34124e+04   -4.57981e+04    3.08128e+02   -6.57281e+01
   Constr. rmsd
    2.55934e-06

           Step           Time
         428000      856.00000

Current ref_t for group System:    311.5

   Energies (kJ/mol)
           Bond          Angle    Proper Dih. Per. Imp. Dih.          LJ-14
    7.85134e+02    1.59068e+03    2.26646e+03    7.81566e+01    8.50510e+02
     Coulomb-14        LJ (SR)   Coulomb (SR)   Coul. recip.      Potential
    6.67218e+03    7.76155e+03   -1.23819e+05    2.20606e+02   -1.03594e+05
    Kinetic En.   Total Energy  Conserved En.    Temperature Pressure (bar)
    9.84612e+03   -9.37476e+04   -4.57094e+04    3.10248e+02   -5.52993e+02
   Constr. rmsd
    2.07895e-06

           Step           Time
         429000      858.00000

Current ref_t for group System:    311.4

   Energies (kJ/mol)
           Bond          Angle    Proper Dih. Per. Imp. Dih.          LJ-14
    7.71967e+02    1.49126e+03    2.25761e+03    7.35685e+01    9.27262e+02
     Coulomb-14        LJ (SR)   Coulomb (SR)   Coul. recip.      Potential
    6.60362e+03    8.12436e+03   -1.24053e+05    2.29155e+02   -1.03575e+05
    Kinetic En.   Total Energy  Conserved En.    Temperature Pressure (bar)
    9.80393e+03   -9.37708e+04   -4.56763e+04    3.08918e+02   -6.94321e+01
   Constr. rmsd
    2.18062e-06

           Step           Time
         430000      860.00000

Current ref_t for group System:    311.2

   Energies (kJ/mol)
           Bond          Angle    Proper Dih. Per. Imp. Dih.          LJ-14
    6.48438e+02    1.41821e+03    2.24117e+03    6.57166e+01    9.37505e+02
     Coulomb-14        LJ (SR)   Coulomb (SR)   Coul. recip.      Potential
    6.62715e+03    7.50515e+03   -1.23610e+05    2.71802e+02   -1.03895e+05
    Kinetic En.   Total Energy  Conserved En.    Temperature Pressure (bar)
    9.68606e+03   -9.42088e+04   -4.56862e+04    3.05204e+02    6.37666e+01
   Constr. rmsd
    2.96950e-06

           Step           Time
         431000      862.00000

Current ref_t for group System:    311.0

   Energies (kJ/mol)
           Bond          Angle    Proper Dih. Per. Imp. Dih.          LJ-14
    7.72865e+02    1.55700e+03    2.24090e+03    8.81051e+01    9.18965e+02
     Coulomb-14        LJ (SR)   Coulomb (SR)   Coul. recip.      Potential
    6.62457e+03    7.90077e+03   -1.23867e+05    2.38762e+02   -1.03525e+05
    Kinetic En.   Total Energy  Conserved En.    Temperature Pressure (bar)
    1.01573e+04   -9.33675e+04   -4.56080e+04    3.20054e+02    1.22343e+02
   Constr. rmsd
    3.08180e-06

           Step           Time
         432000      864.00000

Current ref_t for group System:    310.9

   Energies (kJ/mol)
           Bond          Angle    Proper Dih. Per. Imp. Dih.          LJ-14
    7.73500e+02    1.46302e+03    2.24163e+03    7.44008e+01    8.81553e+02
     Coulomb-14        LJ (SR)   Coulomb (SR)   Coul. recip.      Potential
    6.59725e+03    8.22653e+03   -1.24795e+05    2.30385e+02   -1.04307e+05
    Kinetic En.   Total Energy  Conserved En.    Temperature Pressure (bar)
    9.96060e+03   -9.43462e+04   -4.55748e+04    3.13855e+02    5.45260e+02
   Constr. rmsd
    2.80818e-06

           Step           Time
         433000      866.00000

Current ref_t for group System:    310.7

   Energies (kJ/mol)
           Bond          Angle    Proper Dih. Per. Imp. Dih.          LJ-14
    7.30467e+02    1.58359e+03    2.21630e+03    5.98946e+01    8.81020e+02
     Coulomb-14        LJ (SR)   Coulomb (SR)   Coul. recip.      Potential
    6.59104e+03    7.67837e+03   -1.24096e+05    2.08778e+02   -1.04146e+05
    Kinetic En.   Total Energy  Conserved En.    Temperature Pressure (bar)
    9.90869e+03   -9.42375e+04   -4.55105e+04    3.12220e+02   -7.84959e+01
   Constr. rmsd
    3.26379e-06

           Step           Time
         434000      868.00000

Current ref_t for group System:    310.6

   Energies (kJ/mol)
           Bond          Angle    Proper Dih. Per. Imp. Dih.          LJ-14
    6.99229e+02    1.56374e+03    2.26929e+03    7.15367e+01    9.16421e+02
     Coulomb-14        LJ (SR)   Coulomb (SR)   Coul. recip.      Potential
    6.59195e+03    8.27803e+03   -1.24398e+05    2.17306e+02   -1.03791e+05
    Kinetic En.   Total Energy  Conserved En.    Temperature Pressure (bar)
    9.79851e+03   -9.39924e+04   -4.53667e+04    3.08748e+02    9.66654e+02
   Constr. rmsd
    2.54897e-06

           Step           Time
         435000      870.00000

Current ref_t for group System:    310.4

   Energies (kJ/mol)
           Bond          Angle    Proper Dih. Per. Imp. Dih.          LJ-14
    6.91689e+02    1.55850e+03    2.23147e+03    7.67209e+01    9.32026e+02
     Coulomb-14        LJ (SR)   Coulomb (SR)   Coul. recip.      Potential
    6.57126e+03    7.87069e+03   -1.24198e+05    2.08665e+02   -1.04057e+05
    Kinetic En.   Total Energy  Conserved En.    Temperature Pressure (bar)
    9.70857e+03   -9.43486e+04   -4.51313e+04    3.05914e+02    7.19353e+02
   Constr. rmsd
    2.46880e-06

           Step           Time
         436000      872.00000

Current ref_t for group System:    310.2

   Energies (kJ/mol)
           Bond          Angle    Proper Dih. Per. Imp. Dih.          LJ-14
    7.51982e+02    1.47408e+03    2.34434e+03    7.27011e+01    9.02921e+02
     Coulomb-14        LJ (SR)   Coulomb (SR)   Coul. recip.      Potential
    6.62232e+03    8.26480e+03   -1.24573e+05    2.16007e+02   -1.03924e+05
    Kinetic En.   Total Energy  Conserved En.    Temperature Pressure (bar)
    9.61107e+03   -9.43129e+04   -4.50023e+04    3.02842e+02    9.90609e+02
   Constr. rmsd
    2.63103e-06

           Step           Time
         437000      874.00000

Current ref_t for group System:    310.1

   Energies (kJ/mol)
           Bond          Angle    Proper Dih. Per. Imp. Dih.          LJ-14
    7.06890e+02    1.52026e+03    2.30048e+03    6.28227e+01    9.58792e+02
     Coulomb-14        LJ (SR)   Coulomb (SR)   Coul. recip.      Potential
    6.59142e+03    7.89528e+03   -1.24049e+05    2.28603e+02   -1.03784e+05
    Kinetic En.   Total Energy  Conserved En.    Temperature Pressure (bar)
    1.01988e+04   -9.35852e+04   -4.49495e+04    3.21361e+02    1.04756e+03
   Constr. rmsd
    3.73409e-06

           Step           Time
         438000      876.00000

Current ref_t for group System:    309.9

   Energies (kJ/mol)
           Bond          Angle    Proper Dih. Per. Imp. Dih.          LJ-14
    7.18452e+02    1.48995e+03    2.24319e+03    6.23720e+01    9.41866e+02
     Coulomb-14        LJ (SR)   Coulomb (SR)   Coul. recip.      Potential
    6.63007e+03    8.21988e+03   -1.24563e+05    2.24508e+02   -1.04032e+05
    Kinetic En.   Total Energy  Conserved En.    Temperature Pressure (bar)
    9.82328e+03   -9.42091e+04   -4.48890e+04    3.09528e+02    8.66015e+02
   Constr. rmsd
    2.70143e-06

           Step           Time
         439000      878.00000

Current ref_t for group System:    309.8

   Energies (kJ/mol)
           Bond          Angle    Proper Dih. Per. Imp. Dih.          LJ-14
    7.94909e+02    1.60040e+03    2.23708e+03    6.25765e+01    8.83857e+02
     Coulomb-14        LJ (SR)   Coulomb (SR)   Coul. recip.      Potential
    6.57977e+03    8.00130e+03   -1.24215e+05    2.45724e+02   -1.03810e+05
    Kinetic En.   Total Energy  Conserved En.    Temperature Pressure (bar)
    9.79986e+03   -9.40100e+04   -4.48101e+04    3.08790e+02   -5.60357e+02
   Constr. rmsd
    2.39597e-06

           Step           Time
         440000      880.00000

Current ref_t for group System:    309.6

   Energies (kJ/mol)
           Bond          Angle    Proper Dih. Per. Imp. Dih.          LJ-14
    7.22328e+02    1.55330e+03    2.25489e+03    5.11974e+01    9.08378e+02
     Coulomb-14        LJ (SR)   Coulomb (SR)   Coul. recip.      Potential
    6.59047e+03    8.40430e+03   -1.24626e+05    2.43433e+02   -1.03898e+05
    Kinetic En.   Total Energy  Conserved En.    Temperature Pressure (bar)
    9.84752e+03   -9.40506e+04   -4.47899e+04    3.10292e+02    9.21535e+02
   Constr. rmsd
    3.41763e-06

           Step           Time
         441000      882.00000

Current ref_t for group System:    309.4

   Energies (kJ/mol)
           Bond          Angle    Proper Dih. Per. Imp. Dih.          LJ-14
    7.51633e+02    1.53071e+03    2.26269e+03    7.19905e+01    8.88940e+02
     Coulomb-14        LJ (SR)   Coulomb (SR)   Coul. recip.      Potential
    6.62112e+03    7.99016e+03   -1.24012e+05    2.45499e+02   -1.03649e+05
    Kinetic En.   Total Energy  Conserved En.    Temperature Pressure (bar)
    1.00787e+04   -9.35708e+04   -4.47527e+04    3.17575e+02    5.13838e+02
   Constr. rmsd
    2.92161e-06

           Step           Time
         442000      884.00000

Current ref_t for group System:    309.3

   Energies (kJ/mol)
           Bond          Angle    Proper Dih. Per. Imp. Dih.          LJ-14
    7.18330e+02    1.58121e+03    2.30706e+03    6.80949e+01    9.22925e+02
     Coulomb-14        LJ (SR)   Coulomb (SR)   Coul. recip.      Potential
    6.61089e+03    7.82169e+03   -1.24203e+05    2.11210e+02   -1.03962e+05
    Kinetic En.   Total Energy  Conserved En.    Temperature Pressure (bar)
    9.99159e+03   -9.39704e+04   -4.46917e+04    3.14832e+02   -3.88465e+02
   Constr. rmsd
    2.39852e-06

           Step           Time
         443000      886.00000

Current ref_t for group System:    309.1

   Energies (kJ/mol)
           Bond          Angle    Proper Dih. Per. Imp. Dih.          LJ-14
    7.73083e+02    1.51435e+03    2.27233e+03    5.36695e+01    8.80648e+02
     Coulomb-14        LJ (SR)   Coulomb (SR)   Coul. recip.      Potential
    6.62616e+03    7.62457e+03   -1.23993e+05    2.09965e+02   -1.04038e+05
    Kinetic En.   Total Energy  Conserved En.    Temperature Pressure (bar)
    9.59171e+03   -9.44463e+04   -4.46235e+04    3.02231e+02   -9.19328e+02
   Constr. rmsd
    2.63892e-06

           Step           Time
         444000      888.00000

Current ref_t for group System:    309.0

   Energies (kJ/mol)
           Bond          Angle    Proper Dih. Per. Imp. Dih.          LJ-14
    7.98371e+02    1.49109e+03    2.34201e+03    7.64108e+01    9.23173e+02
     Coulomb-14        LJ (SR)   Coulomb (SR)   Coul. recip.      Potential
    6.68199e+03    8.38548e+03   -1.24792e+05    2.09263e+02   -1.03884e+05
    Kinetic En.   Total Energy  Conserved En.    Temperature Pressure (bar)
    1.02206e+04   -9.36636e+04   -4.43460e+04    3.22048e+02    6.69392e+02
   Constr. rmsd
    3.28355e-06

           Step           Time
         445000      890.00000

Current ref_t for group System:    308.8

   Energies (kJ/mol)
           Bond          Angle    Proper Dih. Per. Imp. Dih.          LJ-14
    7.49976e+02    1.55740e+03    2.22893e+03    6.57545e+01    9.14306e+02
     Coulomb-14        LJ (SR)   Coulomb (SR)   Coul. recip.      Potential
    6.62377e+03    7.79834e+03   -1.24223e+05    2.26666e+02   -1.04058e+05
    Kinetic En.   Total Energy  Conserved En.    Temperature Pressure (bar)
    9.40251e+03   -9.46553e+04   -4.42700e+04    2.96270e+02   -8.84203e+01
   Constr. rmsd
    2.42461e-06

           Step           Time
         446000      892.00000

Current ref_t for group System:    308.6

   Energies (kJ/mol)
           Bond          Angle    Proper Dih. Per. Imp. Dih.          LJ-14
    7.81027e+02    1.58602e+03    2.26584e+03    7.40144e+01    9.11015e+02
     Coulomb-14        LJ (SR)   Coulomb (SR)   Coul. recip.      Potential
    6.68573e+03    8.04216e+03   -1.24488e+05    2.22020e+02   -1.03920e+05
    Kinetic En.   Total Energy  Conserved En.    Temperature Pressure (bar)
    9.78106e+03   -9.41393e+04   -4.41970e+04    3.08198e+02    4.02635e+02
   Constr. rmsd
    2.76322e-06

           Step           Time
         447000      894.00000

Current ref_t for group System:    308.5

   Energies (kJ/mol)
           Bond          Angle    Proper Dih. Per. Imp. Dih.          LJ-14
    7.07469e+02    1.55843e+03    2.27361e+03    5.99453e+01    9.15848e+02
     Coulomb-14        LJ (SR)   Coulomb (SR)   Coul. recip.      Potential
    6.63685e+03    7.90910e+03   -1.24362e+05    1.92258e+02   -1.04109e+05
    Kinetic En.   Total Energy  Conserved En.    Temperature Pressure (bar)
    9.68648e+03   -9.44225e+04   -4.41765e+04    3.05218e+02    1.14470e+02
   Constr. rmsd
    2.01031e-06

           Step           Time
         448000      896.00000

Current ref_t for group System:    308.3

   Energies (kJ/mol)
           Bond          Angle    Proper Dih. Per. Imp. Dih.          LJ-14
    7.91119e+02    1.48136e+03    2.28898e+03    5.01094e+01    8.85561e+02
     Coulomb-14        LJ (SR)   Coulomb (SR)   Coul. recip.      Potential
    6.62850e+03    7.75749e+03   -1.23854e+05    2.45834e+02   -1.03725e+05
    Kinetic En.   Total Energy  Conserved En.    Temperature Pressure (bar)
    9.76199e+03   -9.39629e+04   -4.41148e+04    3.07597e+02   -4.71992e+02
   Constr. rmsd
    3.06138e-06

           Step           Time
         449000      898.00000

Current ref_t for group System:    308.2

   Energies (kJ/mol)
           Bond          Angle    Proper Dih. Per. Imp. Dih.          LJ-14
    7.50601e+02    1.65031e+03    2.20443e+03    6.98839e+01    9.39118e+02
     Coulomb-14        LJ (SR)   Coulomb (SR)   Coul. recip.      Potential
    6.66009e+03    7.95777e+03   -1.24345e+05    2.26054e+02   -1.03887e+05
    Kinetic En.   Total Energy  Conserved En.    Temperature Pressure (bar)
    1.01040e+04   -9.37831e+04   -4.40648e+04    3.18373e+02    8.57328e+02
   Constr. rmsd
    2.25228e-06

           Step           Time
         450000      900.00000

Current ref_t for group System:    308.0

   Energies (kJ/mol)
           Bond          Angle    Proper Dih. Per. Imp. Dih.          LJ-14
    6.85966e+02    1.52076e+03    2.19228e+03    7.08701e+01    9.54395e+02
     Coulomb-14        LJ (SR)   Coulomb (SR)   Coul. recip.      Potential
    6.67857e+03    7.97328e+03   -1.24499e+05    1.96509e+02   -1.04227e+05
    Kinetic En.   Total Energy  Conserved En.    Temperature Pressure (bar)
    9.79548e+03   -9.44312e+04   -4.38154e+04    3.08652e+02    1.20039e+03
   Constr. rmsd
    2.51090e-06

           Step           Time
         451000      902.00000

Current ref_t for group System:    307.8

   Energies (kJ/mol)
           Bond          Angle    Proper Dih. Per. Imp. Dih.          LJ-14
    7.16265e+02    1.62443e+03    2.24331e+03    6.79580e+01    9.02484e+02
     Coulomb-14        LJ (SR)   Coulomb (SR)   Coul. recip.      Potential
    6.67295e+03    8.27266e+03   -1.24550e+05    2.35193e+02   -1.03814e+05
    Kinetic En.   Total Energy  Conserved En.    Temperature Pressure (bar)
    9.63258e+03   -9.41819e+04   -4.37084e+04    3.03519e+02    4.50526e+02
   Constr. rmsd
    3.14877e-06

           Step           Time
         452000      904.00000

Current ref_t for group System:    307.7

   Energies (kJ/mol)
           Bond          Angle    Proper Dih. Per. Imp. Dih.          LJ-14
    7.76426e+02    1.46505e+03    2.21647e+03    5.91023e+01    9.12164e+02
     Coulomb-14        LJ (SR)   Coulomb (SR)   Coul. recip.      Potential
    6.64107e+03    8.10840e+03   -1.24433e+05    2.33468e+02   -1.04021e+05
    Kinetic En.   Total Energy  Conserved En.    Temperature Pressure (bar)
    9.60230e+03   -9.44184e+04   -4.36710e+04    3.02565e+02   -1.61678e+02
   Constr. rmsd
    2.49825e-06

           Step           Time
         453000      906.00000

Current ref_t for group System:    307.5

   Energies (kJ/mol)
           Bond          Angle    Proper Dih. Per. Imp. Dih.          LJ-14
    7.15579e+02    1.43629e+03    2.22684e+03    6.60427e+01    9.68461e+02
     Coulomb-14        LJ (SR)   Coulomb (SR)   Coul. recip.      Potential
    6.64226e+03    8.27817e+03   -1.24604e+05    2.44721e+02   -1.04026e+05
    Kinetic En.   Total Energy  Conserved En.    Temperature Pressure (bar)
    9.78679e+03   -9.42389e+04   -4.36380e+04    3.08378e+02    1.53479e+03
   Constr. rmsd
    3.19891e-06

           Step           Time
         454000      908.00000

Current ref_t for group System:    307.4

   Energies (kJ/mol)
           Bond          Angle    Proper Dih. Per. Imp. Dih.          LJ-14
    6.57283e+02    1.57981e+03    2.20647e+03    7.34089e+01    8.93995e+02
     Coulomb-14        LJ (SR)   Coulomb (SR)   Coul. recip.      Potential
    6.64578e+03    7.43137e+03   -1.23814e+05    2.19248e+02   -1.04107e+05
    Kinetic En.   Total Energy  Conserved En.    Temperature Pressure (bar)
    9.47789e+03   -9.46287e+04   -4.36017e+04    2.98645e+02   -5.92142e+02
   Constr. rmsd
    2.52860e-06

           Step           Time
         455000      910.00000

Current ref_t for group System:    307.2

   Energies (kJ/mol)
           Bond          Angle    Proper Dih. Per. Imp. Dih.          LJ-14
    6.75964e+02    1.53496e+03    2.26025e+03    6.59015e+01    8.85123e+02
     Coulomb-14        LJ (SR)   Coulomb (SR)   Coul. recip.      Potential
    6.63031e+03    7.67425e+03   -1.23987e+05    2.15574e+02   -1.04045e+05
    Kinetic En.   Total Energy  Conserved En.    Temperature Pressure (bar)
    9.93944e+03   -9.41052e+04   -4.35089e+04    3.13188e+02   -7.47859e-01
   Constr. rmsd
    2.72515e-06

           Step           Time
         456000      912.00000

Current ref_t for group System:    307.0

   Energies (kJ/mol)
           Bond          Angle    Proper Dih. Per. Imp. Dih.          LJ-14
    7.41174e+02    1.55966e+03    2.17201e+03    6.18887e+01    8.99712e+02
     Coulomb-14        LJ (SR)   Coulomb (SR)   Coul. recip.      Potential
    6.64245e+03    8.16552e+03   -1.24523e+05    2.21504e+02   -1.04059e+05
    Kinetic En.   Total Energy  Conserved En.    Temperature Pressure (bar)
    1.00026e+04   -9.40563e+04   -4.34707e+04    3.15178e+02    7.81171e+02
   Constr. rmsd
    2.63553e-06

           Step           Time
         457000      914.00000

Current ref_t for group System:    306.9

   Energies (kJ/mol)
           Bond          Angle    Proper Dih. Per. Imp. Dih.          LJ-14
    6.93731e+02    1.55801e+03    2.22760e+03    7.54722e+01    9.25057e+02
     Coulomb-14        LJ (SR)   Coulomb (SR)   Coul. recip.      Potential
    6.66603e+03    7.83160e+03   -1.24261e+05    2.48907e+02   -1.04034e+05
    Kinetic En.   Total Energy  Conserved En.    Temperature Pressure (bar)
    9.65353e+03   -9.43809e+04   -4.34765e+04    3.04179e+02    4.56031e+02
   Constr. rmsd
    2.69927e-06

           Step           Time
         458000      916.00000

Current ref_t for group System:    306.7

   Energies (kJ/mol)
           Bond          Angle    Proper Dih. Per. Imp. Dih.          LJ-14
    7.53347e+02    1.44415e+03    2.18565e+03    6.49605e+01    8.90770e+02
     Coulomb-14        LJ (SR)   Coulomb (SR)   Coul. recip.      Potential
    6.64791e+03    8.15014e+03   -1.24303e+05    2.38066e+02   -1.03928e+05
    Kinetic En.   Total Energy  Conserved En.    Temperature Pressure (bar)
    9.77924e+03   -9.41486e+04   -4.34487e+04    3.08141e+02    1.59117e+02
   Constr. rmsd
    3.08595e-06

           Step           Time
         459000      918.00000

Current ref_t for group System:    306.6

   Energies (kJ/mol)
           Bond          Angle    Proper Dih. Per. Imp. Dih.          LJ-14
    6.78321e+02    1.57003e+03    2.24637e+03    7.06925e+01    8.86261e+02
     Coulomb-14        LJ (SR)   Coulomb (SR)   Coul. recip.      Potential
    6.67811e+03    7.81490e+03   -1.24011e+05    2.40806e+02   -1.03825e+05
    Kinetic En.   Total Energy  Conserved En.    Temperature Pressure (bar)
    9.61432e+03   -9.42111e+04   -4.33996e+04    3.02944e+02   -8.16874e+01
   Constr. rmsd
    2.96101e-06

           Step           Time
         460000      920.00000

Current ref_t for group System:    306.4

   Energies (kJ/mol)
           Bond          Angle    Proper Dih. Per. Imp. Dih.          LJ-14
    7.29030e+02    1.50362e+03    2.34120e+03    8.39850e+01    8.69616e+02
     Coulomb-14        LJ (SR)   Coulomb (SR)   Coul. recip.      Potential
    6.63572e+03    7.58901e+03   -1.23754e+05    2.09844e+02   -1.03792e+05
    Kinetic En.   Total Energy  Conserved En.    Temperature Pressure (bar)
    9.60408e+03   -9.41875e+04   -4.33569e+04    3.02621e+02   -8.09935e+02
   Constr. rmsd
    2.65823e-06

           Step           Time
         461000      922.00000

Current ref_t for group System:    306.2

   Energies (kJ/mol)
           Bond          Angle    Proper Dih. Per. Imp. Dih.          LJ-14
    7.25506e+02    1.44699e+03    2.23501e+03    5.00235e+01    9.05195e+02
     Coulomb-14        LJ (SR)   Coulomb (SR)   Coul. recip.      Potential
    6.65715e+03    7.53156e+03   -1.23779e+05    2.51349e+02   -1.03976e+05
    Kinetic En.   Total Energy  Conserved En.    Temperature Pressure (bar)
    9.60930e+03   -9.43666e+04   -4.33143e+04    3.02786e+02   -8.78014e+02
   Constr. rmsd
    2.60543e-06

           Step           Time
         462000      924.00000

Current ref_t for group System:    306.1

   Energies (kJ/mol)
           Bond          Angle    Proper Dih. Per. Imp. Dih.          LJ-14
    7.39429e+02    1.44100e+03    2.28088e+03    6.92482e+01    9.19896e+02
     Coulomb-14        LJ (SR)   Coulomb (SR)   Coul. recip.      Potential
    6.63402e+03    7.92884e+03   -1.24429e+05    2.28966e+02   -1.04187e+05
    Kinetic En.   Total Energy  Conserved En.    Temperature Pressure (bar)
    9.64773e+03   -9.45391e+04   -4.32354e+04    3.03997e+02    8.66400e+02
   Constr. rmsd
    2.53389e-06

           Step           Time
         463000      926.00000

Current ref_t for group System:    305.9

   Energies (kJ/mol)
           Bond          Angle    Proper Dih. Per. Imp. Dih.          LJ-14
    7.16598e+02    1.56187e+03    2.28832e+03    6.84705e+01    8.99788e+02
     Coulomb-14        LJ (SR)   Coulomb (SR)   Coul. recip.      Potential
    6.66981e+03    7.69587e+03   -1.23581e+05    2.42059e+02   -1.03438e+05
    Kinetic En.   Total Energy  Conserved En.    Temperature Pressure (bar)
    9.46505e+03   -9.39732e+04   -4.31863e+04    2.98240e+02   -8.19209e+02
   Constr. rmsd
    2.21032e-06

           Step           Time
         464000      928.00000

Current ref_t for group System:    305.8

   Energies (kJ/mol)
           Bond          Angle    Proper Dih. Per. Imp. Dih.          LJ-14
    6.71460e+02    1.51716e+03    2.25850e+03    6.26359e+01    8.83056e+02
     Coulomb-14        LJ (SR)   Coulomb (SR)   Coul. recip.      Potential
    6.66171e+03    7.80511e+03   -1.23757e+05    2.16141e+02   -1.03681e+05
    Kinetic En.   Total Energy  Conserved En.    Temperature Pressure (bar)
    9.69580e+03   -9.39851e+04   -4.31195e+04    3.05511e+02   -4.50444e+02
   Constr. rmsd
    2.88167e-06

           Step           Time
         465000      930.00000

Current ref_t for group System:    305.6

   Energies (kJ/mol)
           Bond          Angle    Proper Dih. Per. Imp. Dih.          LJ-14
    6.52650e+02    1.45878e+03    2.23834e+03    6.35786e+01    9.14385e+02
     Coulomb-14        LJ (SR)   Coulomb (SR)   Coul. recip.      Potential
    6.64900e+03    7.83132e+03   -1.23797e+05    2.19249e+02   -1.03770e+05
    Kinetic En.   Total Energy  Conserved En.    Temperature Pressure (bar)
    9.69615e+03   -9.40738e+04   -4.30575e+04    3.05522e+02    5.47824e+02
   Constr. rmsd
    3.15873e-06

           Step           Time
         466000      932.00000

Current ref_t for group System:    305.4

   Energies (kJ/mol)
           Bond          Angle    Proper Dih. Per. Imp. Dih.          LJ-14
    6.77252e+02    1.57103e+03    2.19145e+03    6.53334e+01    8.99489e+02
     Coulomb-14        LJ (SR)   Coulomb (SR)   Coul. recip.      Potential
    6.66575e+03    7.94623e+03   -1.24422e+05    2.23843e+02   -1.04181e+05
    Kinetic En.   Total Energy  Conserved En.    Temperature Pressure (bar)
    9.88790e+03   -9.42933e+04   -4.29966e+04    3.11564e+02    5.02107e+02
   Constr. rmsd
    2.28331e-06

           Step           Time
         467000      934.00000

Current ref_t for group System:    305.3

   Energies (kJ/mol)
           Bond          Angle    Proper Dih. Per. Imp. Dih.          LJ-14
    6.90201e+02    1.50037e+03    2.21782e+03    6.93251e+01    8.83937e+02
     Coulomb-14        LJ (SR)   Coulomb (SR)   Coul. recip.      Potential
    6.66375e+03    7.83953e+03   -1.23736e+05    2.35257e+02   -1.03636e+05
    Kinetic En.   Total Energy  Conserved En.    Temperature Pressure (bar)
    9.51104e+03   -9.41250e+04   -4.29082e+04    2.99690e+02   -2.67881e+02
   Constr. rmsd
    2.43370e-06

           Step           Time
         468000      936.00000

Current ref_t for group System:    305.1

   Energies (kJ/mol)
           Bond          Angle    Proper Dih. Per. Imp. Dih.          LJ-14
    7.02377e+02    1.45035e+03    2.26890e+03    5.18503e+01    9.05459e+02
     Coulomb-14        LJ (SR)   Coulomb (SR)   Coul. recip.      Potential
    6.63404e+03    7.33768e+03   -1.23701e+05    2.45439e+02   -1.04105e+05
    Kinetic En.   Total Energy  Conserved En.    Temperature Pressure (bar)
    9.75042e+03   -9.43544e+04   -4.28288e+04    3.07232e+02   -1.33350e+03
   Constr. rmsd
    2.22657e-06

           Step           Time
         469000      938.00000

Current ref_t for group System:    305.0

   Energies (kJ/mol)
           Bond          Angle    Proper Dih. Per. Imp. Dih.          LJ-14
    6.79126e+02    1.56525e+03    2.21906e+03    5.70330e+01    8.73550e+02
     Coulomb-14        LJ (SR)   Coulomb (SR)   Coul. recip.      Potential
    6.63241e+03    7.83577e+03   -1.23980e+05    2.44881e+02   -1.03873e+05
    Kinetic En.   Total Energy  Conserved En.    Temperature Pressure (bar)
    9.54849e+03   -9.43241e+04   -4.28181e+04    3.00869e+02    2.27443e+02
   Constr. rmsd
    2.17144e-06

           Step           Time
         470000      940.00000

Current ref_t for group System:    304.8

   Energies (kJ/mol)
           Bond          Angle    Proper Dih. Per. Imp. Dih.          LJ-14
    7.27303e+02    1.47358e+03    2.18184e+03    7.32598e+01    8.98609e+02
     Coulomb-14        LJ (SR)   Coulomb (SR)   Coul. recip.      Potential
    6.64505e+03    7.97167e+03   -1.23934e+05    2.39058e+02   -1.03723e+05
    Kinetic En.   Total Energy  Conserved En.    Temperature Pressure (bar)
    9.41777e+03   -9.43056e+04   -4.27783e+04    2.96751e+02   -5.48350e+01
   Constr. rmsd
    2.91693e-06

           Step           Time
         471000      942.00000

Current ref_t for group System:    304.6

   Energies (kJ/mol)
           Bond          Angle    Proper Dih. Per. Imp. Dih.          LJ-14
    6.55416e+02    1.44100e+03    2.23400e+03    5.00213e+01    9.25151e+02
     Coulomb-14        LJ (SR)   Coulomb (SR)   Coul. recip.      Potential
    6.65900e+03    7.70109e+03   -1.24031e+05    2.27274e+02   -1.04138e+05
    Kinetic En.   Total Energy  Conserved En.    Temperature Pressure (bar)
    9.92790e+03   -9.42098e+04   -4.27727e+04    3.12825e+02    1.77811e+02
   Constr. rmsd
    2.57376e-06

           Step           Time
         472000      944.00000

Current ref_t for group System:    304.5

   Energies (kJ/mol)
           Bond          Angle    Proper Dih. Per. Imp. Dih.          LJ-14
    7.04415e+02    1.52502e+03    2.26142e+03    5.42645e+01    9.19476e+02
     Coulomb-14        LJ (SR)   Coulomb (SR)   Coul. recip.      Potential
    6.59337e+03    7.60072e+03   -1.24090e+05    2.10230e+02   -1.04221e+05
    Kinetic En.   Total Energy  Conserved En.    Temperature Pressure (bar)
    9.62338e+03   -9.45980e+04   -4.26585e+04    3.03229e+02   -1.21030e+02
   Constr. rmsd
    2.61215e-06

           Step           Time
         473000      946.00000

Current ref_t for group System:    304.3

   Energies (kJ/mol)
           Bond          Angle    Proper Dih. Per. Imp. Dih.          LJ-14
    7.48010e+02    1.50961e+03    2.15837e+03    6.98992e+01    8.96354e+02
     Coulomb-14        LJ (SR)   Coulomb (SR)   Coul. recip.      Potential
    6.58195e+03    7.55346e+03   -1.23584e+05    2.05766e+02   -1.03861e+05
    Kinetic En.   Total Energy  Conserved En.    Temperature Pressure (bar)
    9.38645e+03   -9.44742e+04   -4.25415e+04    2.95764e+02   -1.27600e+03
   Constr. rmsd
    3.18868e-06

           Step           Time
         474000      948.00000

Current ref_t for group System:    304.2

   Energies (kJ/mol)
           Bond          Angle    Proper Dih. Per. Imp. Dih.          LJ-14
    7.36641e+02    1.55767e+03    2.22302e+03    7.85655e+01    8.84017e+02
     Coulomb-14        LJ (SR)   Coulomb (SR)   Coul. recip.      Potential
    6.59776e+03    7.89275e+03   -1.24365e+05    2.16117e+02   -1.04178e+05
    Kinetic En.   Total Energy  Conserved En.    Temperature Pressure (bar)
    9.60713e+03   -9.45712e+04   -4.24839e+04    3.02717e+02   -5.86994e+02
   Constr. rmsd
    2.57556e-06

           Step           Time
         475000      950.00000

Current ref_t for group System:    304.0

   Energies (kJ/mol)
           Bond          Angle    Proper Dih. Per. Imp. Dih.          LJ-14
    7.50827e+02    1.50619e+03    2.20809e+03    7.39197e+01    9.34776e+02
     Coulomb-14        LJ (SR)   Coulomb (SR)   Coul. recip.      Potential
    6.58444e+03    8.09797e+03   -1.24446e+05    2.23072e+02   -1.04067e+05
    Kinetic En.   Total Energy  Conserved En.    Temperature Pressure (bar)
    9.76162e+03   -9.43051e+04   -4.24604e+04    3.07585e+02    9.93677e+02
   Constr. rmsd
    2.49940e-06

           Step           Time
         476000      952.00000

Current ref_t for group System:    303.8

   Energies (kJ/mol)
           Bond          Angle    Proper Dih. Per. Imp. Dih.          LJ-14
    7.68777e+02    1.48508e+03    2.20558e+03    4.92607e+01    8.90622e+02
     Coulomb-14        LJ (SR)   Coulomb (SR)   Coul. recip.      Potential
    6.61969e+03    7.74860e+03   -1.24072e+05    2.11311e+02   -1.04093e+05
    Kinetic En.   Total Energy  Conserved En.    Temperature Pressure (bar)
    9.53920e+03   -9.45538e+04   -4.23982e+04    3.00577e+02   -5.55691e+02
   Constr. rmsd
    2.35223e-06

           Step           Time
         477000      954.00000

Current ref_t for group System:    303.7

   Energies (kJ/mol)
           Bond          Angle    Proper Dih. Per. Imp. Dih.          LJ-14
    7.03790e+02    1.53967e+03    2.19100e+03    8.22630e+01    9.38635e+02
     Coulomb-14        LJ (SR)   Coulomb (SR)   Coul. recip.      Potential
    6.63103e+03    7.64658e+03   -1.24146e+05    2.11312e+02   -1.04202e+05
    Kinetic En.   Total Energy  Conserved En.    Temperature Pressure (bar)
    9.48097e+03   -9.47212e+04   -4.23278e+04    2.98742e+02    5.60144e+02
   Constr. rmsd
    2.67190e-06

           Step           Time
         478000      956.00000

Current ref_t for group System:    303.5

   Energies (kJ/mol)
           Bond          Angle    Proper Dih. Per. Imp. Dih.          LJ-14
    6.65827e+02    1.53966e+03    2.19935e+03    7.60598e+01    9.45027e+02
     Coulomb-14        LJ (SR)   Coulomb (SR)   Coul. recip.      Potential
    6.62625e+03    7.56016e+03   -1.24100e+05    2.26424e+02   -1.04261e+05
    Kinetic En.   Total Energy  Conserved En.    Temperature Pressure (bar)
    9.65052e+03   -9.46105e+04   -4.22678e+04    3.04085e+02   -4.35186e+01
   Constr. rmsd
    2.62775e-06

           Step           Time
         479000      958.00000

Current ref_t for group System:    303.4

   Energies (kJ/mol)
           Bond          Angle    Proper Dih. Per. Imp. Dih.          LJ-14
    8.11041e+02    1.51260e+03    2.17387e+03    6.43202e+01    8.90097e+02
     Coulomb-14        LJ (SR)   Coulomb (SR)   Coul. recip.      Potential
    6.61999e+03    7.60203e+03   -1.23789e+05    2.46787e+02   -1.03869e+05
    Kinetic En.   Total Energy  Conserved En.    Temperature Pressure (bar)
    9.44720e+03   -9.44215e+04   -4.21878e+04    2.97678e+02   -1.15797e+03
   Constr. rmsd
    2.88370e-06

           Step           Time
         480000      960.00000

Current ref_t for group System:    303.2

   Energies (kJ/mol)
           Bond          Angle    Proper Dih. Per. Imp. Dih.          LJ-14
    6.53518e+02    1.52036e+03    2.21155e+03    7.76545e+01    8.51077e+02
     Coulomb-14        LJ (SR)   Coulomb (SR)   Coul. recip.      Potential
    6.61028e+03    7.75320e+03   -1.24323e+05    2.28285e+02   -1.04417e+05
    Kinetic En.   Total Energy  Conserved En.    Temperature Pressure (bar)
    9.58929e+03   -9.48274e+04   -4.20280e+04    3.02155e+02   -1.13365e+03
   Constr. rmsd
    2.73943e-06

           Step           Time
         481000      962.00000

Current ref_t for group System:    303.0

   Energies (kJ/mol)
           Bond          Angle    Proper Dih. Per. Imp. Dih.          LJ-14
    7.78420e+02    1.51316e+03    2.21054e+03    5.67939e+01    9.07772e+02
     Coulomb-14        LJ (SR)   Coulomb (SR)   Coul. recip.      Potential
    6.60370e+03    7.81686e+03   -1.24195e+05    2.37383e+02   -1.04071e+05
    Kinetic En.   Total Energy  Conserved En.    Temperature Pressure (bar)
    9.71171e+03   -9.43589e+04   -4.18744e+04    3.06013e+02   -1.05332e+03
   Constr. rmsd
    2.82918e-06

           Step           Time
         482000      964.00000

Current ref_t for group System:    302.9

   Energies (kJ/mol)
           Bond          Angle    Proper Dih. Per. Imp. Dih.          LJ-14
    6.85877e+02    1.63853e+03    2.22228e+03    5.43726e+01    9.26373e+02
     Coulomb-14        LJ (SR)   Coulomb (SR)   Coul. recip.      Potential
    6.63738e+03    7.80741e+03   -1.23971e+05    2.24102e+02   -1.03775e+05
    Kinetic En.   Total Energy  Conserved En.    Temperature Pressure (bar)
    9.67837e+03   -9.40966e+04   -4.17921e+04    3.04962e+02    9.63262e+02
   Constr. rmsd
    2.76472e-06

           Step           Time
         483000      966.00000

Current ref_t for group System:    302.7

   Energies (kJ/mol)
           Bond          Angle    Proper Dih. Per. Imp. Dih.          LJ-14
    7.13733e+02    1.56213e+03    2.32262e+03    7.02941e+01    8.96178e+02
     Coulomb-14        LJ (SR)   Coulomb (SR)   Coul. recip.      Potential
    6.63232e+03    8.39292e+03   -1.25055e+05    2.05438e+02   -1.04260e+05
    Kinetic En.   Total Energy  Conserved En.    Temperature Pressure (bar)
    9.79876e+03   -9.44608e+04   -4.17543e+04    3.08755e+02    4.26122e+02
   Constr. rmsd
    2.98509e-06

           Step           Time
         484000      968.00000

Current ref_t for group System:    302.6

   Energies (kJ/mol)
           Bond          Angle    Proper Dih. Per. Imp. Dih.          LJ-14
    6.91011e+02    1.66444e+03    2.24096e+03    7.36903e+01    9.24092e+02
     Coulomb-14        LJ (SR)   Coulomb (SR)   Coul. recip.      Potential
    6.66589e+03    7.90045e+03   -1.24474e+05    2.08712e+02   -1.04105e+05
    Kinetic En.   Total Energy  Conserved En.    Temperature Pressure (bar)
    9.87271e+03   -9.42319e+04   -4.17250e+04    3.11086e+02   -2.93248e+02
   Constr. rmsd
    2.50415e-06

           Step           Time
         485000      970.00000

Current ref_t for group System:    302.4

   Energies (kJ/mol)
           Bond          Angle    Proper Dih. Per. Imp. Dih.          LJ-14
    8.04485e+02    1.53179e+03    2.23795e+03    7.05839e+01    8.86496e+02
     Coulomb-14        LJ (SR)   Coulomb (SR)   Coul. recip.      Potential
    6.62897e+03    7.96478e+03   -1.24354e+05    2.16690e+02   -1.04013e+05
    Kinetic En.   Total Energy  Conserved En.    Temperature Pressure (bar)
    9.87693e+03   -9.41358e+04   -4.16461e+04    3.11219e+02   -1.31618e+03
   Constr. rmsd
    2.47350e-06

           Step           Time
         486000      972.00000

Current ref_t for group System:    302.2

   Energies (kJ/mol)
           Bond          Angle    Proper Dih. Per. Imp. Dih.          LJ-14
    6.45496e+02    1.49006e+03    2.29365e+03    6.99388e+01    9.07604e+02
     Coulomb-14        LJ (SR)   Coulomb (SR)   Coul. recip.      Potential
    6.65546e+03    7.56248e+03   -1.24075e+05    2.44606e+02   -1.04205e+05
    Kinetic En.   Total Energy  Conserved En.    Temperature Pressure (bar)
    9.63042e+03   -9.45750e+04   -4.16125e+04    3.03451e+02   -1.33817e+02
   Constr. rmsd
    2.70467e-06

           Step           Time
         487000      974.00000

Current ref_t for group System:    302.1

   Energies (kJ/mol)
           Bond          Angle    Proper Dih. Per. Imp. Dih.          LJ-14
    6.70050e+02    1.40506e+03    2.23245e+03    6.09357e+01    9.04215e+02
     Coulomb-14        LJ (SR)   Coulomb (SR)   Coul. recip.      Potential
    6.69502e+03    8.04239e+03   -1.24362e+05    2.13063e+02   -1.04139e+05
    Kinetic En.   Total Energy  Conserved En.    Temperature Pressure (bar)
    9.62860e+03   -9.45099e+04   -4.15358e+04    3.03394e+02    3.27408e+02
   Constr. rmsd
    2.21017e-06

           Step           Time
         488000      976.00000

Current ref_t for group System:    301.9

   Energies (kJ/mol)
           Bond          Angle    Proper Dih. Per. Imp. Dih.          LJ-14
    5.86648e+02    1.58128e+03    2.22926e+03    5.31185e+01    9.17048e+02
     Coulomb-14        LJ (SR)   Coulomb (SR)   Coul. recip.      Potential
    6.67769e+03    7.82639e+03   -1.24342e+05    2.32112e+02   -1.04238e+05
    Kinetic En.   Total Energy  Conserved En.    Temperature Pressure (bar)
    9.48709e+03   -9.47511e+04   -4.14646e+04    2.98935e+02    5.47424e+02
   Constr. rmsd
    2.82463e-06

           Step           Time
         489000      978.00000

Current ref_t for group System:    301.8

   Energies (kJ/mol)
           Bond          Angle    Proper Dih. Per. Imp. Dih.          LJ-14
    6.91611e+02    1.54115e+03    2.21024e+03    6.86580e+01    8.85108e+02
     Coulomb-14        LJ (SR)   Coulomb (SR)   Coul. recip.      Potential
    6.66373e+03    7.60529e+03   -1.23936e+05    2.35592e+02   -1.04035e+05
    Kinetic En.   Total Energy  Conserved En.    Temperature Pressure (bar)
    9.63564e+03   -9.43991e+04   -4.13214e+04    3.03616e+02   -7.81393e+02
   Constr. rmsd
    2.47539e-06

           Step           Time
         490000      980.00000

Current ref_t for group System:    301.6

   Energies (kJ/mol)
           Bond          Angle    Proper Dih. Per. Imp. Dih.          LJ-14
    6.34315e+02    1.49448e+03    2.23104e+03    5.50579e+01    9.10054e+02
     Coulomb-14        LJ (SR)   Coulomb (SR)   Coul. recip.      Potential
    6.68231e+03    7.86365e+03   -1.24293e+05    2.38355e+02   -1.04184e+05
    Kinetic En.   Total Energy  Conserved En.    Temperature Pressure (bar)
    9.85084e+03   -9.43334e+04   -4.12608e+04    3.10397e+02    3.31412e+02
   Constr. rmsd
    3.07024e-06

           Step           Time
         491000      982.00000

Current ref_t for group System:    301.4

   Energies (kJ/mol)
           Bond          Angle    Proper Dih. Per. Imp. Dih.          LJ-14
    7.38437e+02    1.44805e+03    2.20622e+03    5.82814e+01    8.80300e+02
     Coulomb-14        LJ (SR)   Coulomb (SR)   Coul. recip.      Potential
    6.68223e+03    7.99133e+03   -1.24538e+05    2.44678e+02   -1.04288e+05
    Kinetic En.   Total Energy  Conserved En.    Temperature Pressure (bar)
    9.64371e+03   -9.46447e+04   -4.11821e+04    3.03870e+02   -2.82278e+02
   Constr. rmsd
    2.62934e-06

           Step           Time
         492000      984.00000

Current ref_t for group System:    301.3

   Energies (kJ/mol)
           Bond          Angle    Proper Dih. Per. Imp. Dih.          LJ-14
    7.38519e+02    1.63407e+03    2.25820e+03    6.79273e+01    8.68173e+02
     Coulomb-14        LJ (SR)   Coulomb (SR)   Coul. recip.      Potential
    6.64915e+03    7.94331e+03   -1.24142e+05    2.29741e+02   -1.03753e+05
    Kinetic En.   Total Energy  Conserved En.    Temperature Pressure (bar)
    9.43626e+03   -9.43166e+04   -4.09986e+04    2.97333e+02   -9.65458e+02
   Constr. rmsd
    2.87118e-06

           Step           Time
         493000      986.00000

Current ref_t for group System:    301.1

   Energies (kJ/mol)
           Bond          Angle    Proper Dih. Per. Imp. Dih.          LJ-14
    7.71301e+02    1.46294e+03    2.22893e+03    6.19338e+01    8.48289e+02
     Coulomb-14        LJ (SR)   Coulomb (SR)   Coul. recip.      Potential
    6.62532e+03    7.99518e+03   -1.24257e+05    2.18445e+02   -1.04044e+05
    Kinetic En.   Total Energy  Conserved En.    Temperature Pressure (bar)
    9.54410e+03   -9.45002e+04   -4.08910e+04    3.00731e+02   -1.41342e+03
   Constr. rmsd
    2.86043e-06

           Step           Time
         494000      988.00000

Current ref_t for group System:    301.0

   Energies (kJ/mol)
           Bond          Angle    Proper Dih. Per. Imp. Dih.          LJ-14
    7.01786e+02    1.46428e+03    2.22144e+03    6.43309e+01    8.52053e+02
     Coulomb-14        LJ (SR)   Coulomb (SR)   Coul. recip.      Potential
    6.65418e+03    8.02904e+03   -1.24412e+05    2.29499e+02   -1.04196e+05
    Kinetic En.   Total Energy  Conserved En.    Temperature Pressure (bar)
    9.69131e+03   -9.45043e+04   -4.08283e+04    3.05370e+02   -4.88759e+02
   Constr. rmsd
    1.97288e-06

           Step           Time
         495000      990.00000

Current ref_t for group System:    300.8

   Energies (kJ/mol)
           Bond          Angle    Proper Dih. Per. Imp. Dih.          LJ-14
    7.00833e+02    1.36930e+03    2.26482e+03    5.26358e+01    8.75767e+02
     Coulomb-14        LJ (SR)   Coulomb (SR)   Coul. recip.      Potential
    6.65644e+03    7.60959e+03   -1.23918e+05    2.06682e+02   -1.04182e+05
    Kinetic En.   Total Energy  Conserved En.    Temperature Pressure (bar)
    9.34037e+03   -9.48416e+04   -4.08010e+04    2.94312e+02   -8.09129e+02
   Constr. rmsd
    2.61169e-06

           Step           Time
         496000      992.00000

Current ref_t for group System:    300.6

   Energies (kJ/mol)
           Bond          Angle    Proper Dih. Per. Imp. Dih.          LJ-14
    6.49608e+02    1.45533e+03    2.25614e+03    6.75086e+01    9.12170e+02
     Coulomb-14        LJ (SR)   Coulomb (SR)   Coul. recip.      Potential
    6.66044e+03    8.42984e+03   -1.25341e+05    2.14456e+02   -1.04695e+05
    Kinetic En.   Total Energy  Conserved En.    Temperature Pressure (bar)
    9.37223e+03   -9.53230e+04   -4.07238e+04    2.95316e+02    8.32402e+02
   Constr. rmsd
    2.81679e-06

           Step           Time
         497000      994.00000

Current ref_t for group System:    300.5

   Energies (kJ/mol)
           Bond          Angle    Proper Dih. Per. Imp. Dih.          LJ-14
    6.80519e+02    1.55151e+03    2.28327e+03    6.95773e+01    8.90594e+02
     Coulomb-14        LJ (SR)   Coulomb (SR)   Coul. recip.      Potential
    6.66592e+03    8.02712e+03   -1.24452e+05    2.09161e+02   -1.04074e+05
    Kinetic En.   Total Energy  Conserved En.    Temperature Pressure (bar)
    9.42309e+03   -9.46512e+04   -4.06366e+04    2.96918e+02    2.80719e+02
   Constr. rmsd
    2.58438e-06

