                :-) GROMACS - gmx mdrun, 2025.2-conda_forge (-:

Copyright 1991-2025 The GROMACS Authors.
GROMACS is free software; you can redistribute it and/or modify it
under the terms of the GNU Lesser General Public License
as published by the Free Software Foundation; either version 2.1
of the License, or (at your option) any later version.

                         Current GROMACS contributors:
       Mark Abraham           Andrey Alekseenko           Brian Andrews       
      Vladimir Basov              Paul Bauer                Hugh Bird         
      Eliane Briand               Ania Brown              Mahesh Doijade      
      Giacomo Fiorin          Stefan Fleischmann          Sergey Gorelov      
   Gilles Gouaillardet            Alan Gray              M. Eric Irrgang      
   Farzaneh Jalalypour         Petter Johansson          Carsten Kutzner      
    Grzegorz Łazarski         Justin A. Lemkul          Magnus Lundborg      
       Pascal Merz             Vedran Miletić            Dmitry Morozov      
     Lukas Müllender            Julien Nabet             Szilárd Páll      
 Andrea Pasquadibisceglie     Michele Pellegrino         Nicola Piasentin     
     Daniele Rapetti         Muhammad Umair Sadiq         Hubert Santuz       
      Roland Schulz             Michael Shirts           Tatiana Shugaeva     
     Alexey Shvetsov            Philip Turner            Alessandra Villa     
 Sebastian Wingbermühle  

                         Previous GROMACS contributors:
        Emile Apol             Rossen Apostolov           James Barnett       
  Herman J.C. Berendsen         Cathrine Bergh             Par Bjelkmar       
      Christian Blau          Viacheslav Bolnykh            Kevin Boyd        
    Aldert van Buuren          Carlo Camilloni           Rudi van Drunen      
      Anton Feenstra           Oliver Fleetwood            Vytas Gapsys       
       Gaurav Garg             Gerrit Groenhof            Bert de Groot       
      Anca Hamuraru           Vincent Hindriksen          Victor Holanda      
     Aleksei Iupinov              Joe Jordan            Christoph Junghans    
    Prashanth Kanduri        Dimitrios Karkoulis           Peter Kasson       
      Sebastian Kehl           Sebastian Keller             Jiri Kraus        
       Per Larsson              Viveca Lindahl            Erik Marklund       
    Pieter Meulenhoff           Teemu Murtola              Sander Pronk       
      Alfons Sijbers            Balint Soproni         David van der Spoel    
      Peter Tieleman            Carsten Uphoff             Jon Vincent        
     Teemu Virolainen         Christian Wennberg           Maarten Wolf       
      Artem Zhmurov       

                  Coordinated by the GROMACS project leaders:
                           Berk Hess and Erik Lindahl

GROMACS:      gmx mdrun, version 2025.2-conda_forge
Executable:   /Users/harish/miniconda3/envs/polymer_md/bin.ARM_NEON_ASIMD/gmx
Data prefix:  /Users/harish/miniconda3/envs/polymer_md
Working dir:  /Users/harish/Documents/Work_folder/MetaChem-workshops/polymermd-workshop/Day4-gmx-md-formats/simulations/PEO25_PET25_random
Process ID:   46394
Command line:
  gmx mdrun -s preeq.tpr -deffnm polymer-relax -v

GROMACS version:     2025.2-conda_forge
Precision:           mixed
Memory model:        64 bit
MPI library:         thread_mpi
OpenMP support:      enabled (GMX_OPENMP_MAX_THREADS = 128)
GPU support:         disabled
SIMD instructions:   ARM_NEON_ASIMD
CPU FFT library:     fftw-3.3.10
GPU FFT library:     none
Multi-GPU FFT:       none
TNG support:         enabled
Hwloc support:       disabled
Tracing support:     disabled
C compiler:          /Users/runner/miniforge3/conda-bld/gromacs_1751870947258/_build_env/bin/arm64-apple-darwin20.0.0-clang Clang 18.1.8
C compiler flags:    -Wno-missing-field-initializers -O3 -DNDEBUG
C++ compiler:        /Users/runner/miniforge3/conda-bld/gromacs_1751870947258/_build_env/bin/arm64-apple-darwin20.0.0-clang++ Clang 18.1.8
C++ compiler flags:  -Wno-reserved-identifier -Wno-missing-field-initializers -Weverything -Wno-c++98-compat -Wno-c++98-compat-pedantic -Wno-source-uses-openmp -Wno-c++17-extensions -Wno-documentation-unknown-command -Wno-covered-switch-default -Wno-switch-enum -Wno-switch-default -Wno-extra-semi-stmt -Wno-weak-vtables -Wno-shadow -Wno-padded -Wno-reserved-id-macro -Wno-double-promotion -Wno-exit-time-destructors -Wno-global-constructors -Wno-documentation -Wno-format-nonliteral -Wno-used-but-marked-unused -Wno-float-equal -Wno-conditional-uninitialized -Wno-conversion -Wno-disabled-macro-expansion -Wno-unused-macros -Wno-unsafe-buffer-usage -Wno-cast-function-type-strict SHELL:-fopenmp=libomp -O3 -DNDEBUG
BLAS library:        External - detected on the system
LAPACK library:      External - detected on the system


Running on 1 node with total 0 processing units
Hardware detected on host Mac.lan:
  CPU info:
    Vendor: ARM
    Brand:  Unknown CPU brand
    Family: 0   Model: 0   Stepping: 0
    Features: neon neon_asimd
  Hardware topology: Only logical processor count
    CPU limit set by OS: -1   Recommended max number of threads: 8


++++ PLEASE READ AND CITE THE FOLLOWING REFERENCE ++++
M. J. Abraham, T. Murtola, R. Schulz, S. Páll, J. C. Smith, B. Hess, E.
Lindahl
GROMACS: High performance molecular simulations through multi-level
parallelism from laptops to supercomputers
SoftwareX (2015)
DOI: 10.1016/j.softx.2015.06.001
-------- -------- --- Thank You --- -------- --------


++++ PLEASE READ AND CITE THE FOLLOWING REFERENCE ++++
S. Páll, M. J. Abraham, C. Kutzner, B. Hess, E. Lindahl
Tackling Exascale Software Challenges in Molecular Dynamics Simulations with
GROMACS
In S. Markidis & E. Laure (Eds.), Solving Software Challenges for Exascale (2015)
DOI: 10.1007/978-3-319-15976-8_1
-------- -------- --- Thank You --- -------- --------


++++ PLEASE READ AND CITE THE FOLLOWING REFERENCE ++++
S. Pronk, S. Páll, R. Schulz, P. Larsson, P. Bjelkmar, R. Apostolov, M. R.
Shirts, J. C. Smith, P. M. Kasson, D. van der Spoel, B. Hess, E. Lindahl
GROMACS 4.5: a high-throughput and highly parallel open source molecular
simulation toolkit
Bioinformatics (2013)
DOI: 10.1093/bioinformatics/btt055
-------- -------- --- Thank You --- -------- --------


++++ PLEASE READ AND CITE THE FOLLOWING REFERENCE ++++
B. Hess, C. Kutzner, D. van der Spoel, E. Lindahl
GROMACS 4: Algorithms for highly efficient, load-balanced, and scalable
molecular simulation
J. Chem. Theory Comput. (2008)
DOI: 10.1021/ct700301q
-------- -------- --- Thank You --- -------- --------


++++ PLEASE READ AND CITE THE FOLLOWING REFERENCE ++++
D. van der Spoel, E. Lindahl, B. Hess, G. Groenhof, A. E. Mark, H. J. C.
Berendsen
GROMACS: Fast, Flexible and Free
J. Comp. Chem. (2005)
DOI: 10.1002/jcc.20291
-------- -------- --- Thank You --- -------- --------


++++ PLEASE READ AND CITE THE FOLLOWING REFERENCE ++++
E. Lindahl, B. Hess, D. van der Spoel
GROMACS 3.0: A package for molecular simulation and trajectory analysis
J. Mol. Mod. (2001)
DOI: 10.1007/s008940100045
-------- -------- --- Thank You --- -------- --------


++++ PLEASE READ AND CITE THE FOLLOWING REFERENCE ++++
H. J. C. Berendsen, D. van der Spoel and R. van Drunen
GROMACS: A message-passing parallel molecular dynamics implementation
Comp. Phys. Comm. (1995)
DOI: 10.1016/0010-4655(95)00042-E
-------- -------- --- Thank You --- -------- --------

Input Parameters:
   integrator                     = md
   tinit                          = 0
   dt                             = 0.001
   nsteps                         = 100000
   init-step                      = 0
   simulation-part                = 1
   mts                            = false
   mass-repartition-factor        = 1
   comm-mode                      = Linear
   nstcomm                        = 100
   bd-fric                        = 0
   ld-seed                        = -301991121
   emtol                          = 10
   emstep                         = 0.01
   niter                          = 20
   fcstep                         = 0
   nstcgsteep                     = 1000
   nbfgscorr                      = 10
   rtpi                           = 0.05
   nstxout                        = 0
   nstvout                        = 0
   nstfout                        = 0
   nstlog                         = 500
   nstcalcenergy                  = 100
   nstenergy                      = 500
   nstxout-compressed             = 500
   compressed-x-precision         = 1000
   cutoff-scheme                  = Verlet
   nstlist                        = 10
   pbc                            = xyz
   periodic-molecules             = false
   verlet-buffer-tolerance        = 0.005
   verlet-buffer-pressure-tolerance = 0.5
   rlist                          = 1.2
   coulombtype                    = PME
   coulomb-modifier               = Potential-shift
   rcoulomb-switch                = 0
   rcoulomb                       = 1.2
   epsilon-r                      = 1
   epsilon-rf                     = inf
   vdw-type                       = Cut-off
   vdw-modifier                   = Potential-shift
   rvdw-switch                    = 0
   rvdw                           = 1.2
   DispCorr                       = No
   table-extension                = 1
   fourierspacing                 = 0.12
   fourier-nx                     = 40
   fourier-ny                     = 128
   fourier-nz                     = 160
   pme-order                      = 4
   ewald-rtol                     = 1e-05
   ewald-rtol-lj                  = 0.001
   lj-pme-comb-rule               = Geometric
   ewald-geometry                 = 3d
   epsilon-surface                = 0
   ensemble-temperature-setting   = constant
   ensemble-temperature           = 400
   tcoupl                         = V-rescale
   nsttcouple                     = 20
   nh-chain-length                = 0
   print-nose-hoover-chain-variables = false
   pcoupl                         = Berendsen
   pcoupltype                     = Isotropic
   nstpcouple                     = 100
   tau-p                          = 2
   compressibility (3x3):
      compressibility[    0]={ 4.50000e-05,  0.00000e+00,  0.00000e+00}
      compressibility[    1]={ 0.00000e+00,  4.50000e-05,  0.00000e+00}
      compressibility[    2]={ 0.00000e+00,  0.00000e+00,  4.50000e-05}
   ref-p (3x3):
      ref-p[    0]={ 1.00000e+00,  0.00000e+00,  0.00000e+00}
      ref-p[    1]={ 0.00000e+00,  1.00000e+00,  0.00000e+00}
      ref-p[    2]={ 0.00000e+00,  0.00000e+00,  1.00000e+00}
   refcoord-scaling               = No
   posres-com: not available
   posres-comB: not available
   QMMM                           = false
qm-opts:
   ngQM                           = 0
   constraint-algorithm           = Lincs
   continuation                   = false
   Shake-SOR                      = false
   shake-tol                      = 0.0001
   lincs-order                    = 4
   lincs-iter                     = 1
   lincs-warnangle                = 30
   nwall                          = 0
   wall-type                      = 9-3
   wall-r-linpot                  = -1
   wall-atomtype[0]               = -1
   wall-atomtype[1]               = -1
   wall-density[0]                = 0
   wall-density[1]                = 0
   wall-ewald-zfac                = 3
   pull                           = false
   awh                            = false
   rotation                       = false
   interactiveMD                  = false
   disre                          = No
   disre-weighting                = Conservative
   disre-mixed                    = false
   dr-fc                          = 1000
   dr-tau                         = 0
   nstdisreout                    = 100
   orire-fc                       = 0
   orire-tau                      = 0
   nstorireout                    = 100
   free-energy                    = no
   cos-acceleration               = 0
   deform (3x3):
      deform[    0]={ 0.00000e+00,  0.00000e+00,  0.00000e+00}
      deform[    1]={ 0.00000e+00,  0.00000e+00,  0.00000e+00}
      deform[    2]={ 0.00000e+00,  0.00000e+00,  0.00000e+00}
   simulated-tempering            = false
   swapcoords                     = no
   userint1                       = 0
   userint2                       = 0
   userint3                       = 0
   userint4                       = 0
   userreal1                      = 0
   userreal2                      = 0
   userreal3                      = 0
   userreal4                      = 0
   applied-forces:
     electric-field:
       x:
         E0                       = 0
         omega                    = 0
         t0                       = 0
         sigma                    = 0
       y:
         E0                       = 0
         omega                    = 0
         t0                       = 0
         sigma                    = 0
       z:
         E0                       = 0
         omega                    = 0
         t0                       = 0
         sigma                    = 0
     density-guided-simulation:
       active                     = false
       group                      = protein
       similarity-measure         = inner-product
       atom-spreading-weight      = unity
       force-constant             = 1e+09
       gaussian-transform-spreading-width = 0.2
       gaussian-transform-spreading-range-in-multiples-of-width = 4
       reference-density-filename = reference.mrc
       nst                        = 1
       normalize-densities        = true
       adaptive-force-scaling     = false
       adaptive-force-scaling-time-constant = 4
       shift-vector               = 
       transformation-matrix      = 
     qmmm-cp2k:
       active                     = false
       qmgroup                    = System
       qmmethod                   = PBE
       qmfilenames                = 
       qmcharge                   = 0
       qmmultiplicity             = 1
     colvars:
       active                     = false
       configfile                 = 
       seed                       = -1
     nnpot:
       active                     = false
       modelfile                  = model.pt
       input-group                = System
       model-input1               = 
       model-input2               = 
       model-input3               = 
       model-input4               = 
grpopts:
   nrdf:        2222
   ref-t:         400
   tau-t:         0.1
annealing:          No
annealing-npoints:           0
   acc:	           0           0           0
   nfreeze:           N           N           N
   energygrp-flags[  0]: 0

Changing nstlist from 10 to 100, rlist from 1.2 to 1.2

Update groups can not be used for this system because there are three or more consecutively coupled constraints

Initializing Domain Decomposition on 1 ranks
Dynamic load balancing: auto
Minimum cell size due to atom displacement: 0.501 nm
Initial maximum distances in bonded interactions:
    two-body bonded interactions: 0.381 nm, LJ-14, atoms 243 247
  multi-body bonded interactions: 0.381 nm, Proper Dih., atoms 243 247
Minimum cell size due to bonded interactions: 0.419 nm
Maximum distance for 5 constraints, at 120 deg. angles, all-trans: 0.219 nm
Estimated maximum distance required for P-LINCS: 0.219 nm
Using 0 separate PME ranks because: there are too few total ranks for efficient splitting
Optimizing the DD grid for 1 cells with a minimum initial size of 0.501 nm
The maximum allowed number of cells is: X 9 Y 29 Z 35
Domain decomposition grid 1 x 1 x 1, separate PME ranks 0
PME domain decomposition: 1 x 1 x 1

The initial number of communication pulses is:
The initial domain decomposition cell size is:

The maximum allowed distance for atoms involved in interactions is:
                 non-bonded interactions           1.200 nm
(the following are initial values, they could change due to box deformation)
            two-body bonded interactions  (-rdd)   1.200 nm
          multi-body bonded interactions  (-rdd)   1.200 nm
  atoms separated by up to 5 constraints  (-rcon)  4.519 nm

When dynamic load balancing gets turned on, these settings will change to:
The maximum number of communication pulses is:
The minimum size for domain decomposition cells is 1.200 nm
The requested allowed shrink of DD cells (option -dds) is: 0.80
The allowed shrink of domain decomposition cells is:
The maximum allowed distance for atoms involved in interactions is:
                 non-bonded interactions           1.200 nm
            two-body bonded interactions  (-rdd)   1.200 nm
          multi-body bonded interactions  (-rdd)   1.200 nm
  atoms separated by up to 5 constraints  (-rcon)  1.200 nm

Local state does not use filler particles

Using 1 MPI thread
Using 8 OpenMP threads 

System total charge: 0.000
Will do PME sum in reciprocal space for electrostatic interactions.

++++ PLEASE READ AND CITE THE FOLLOWING REFERENCE ++++
U. Essmann, L. Perera, M. L. Berkowitz, T. Darden, H. Lee, L. G. Pedersen 
A smooth particle mesh Ewald method
J. Chem. Phys. (1995)
DOI: 10.1063/1.470117
-------- -------- --- Thank You --- -------- --------

Using a Gaussian width (1/beta) of 0.384195 nm for Ewald
Potential shift: LJ r^-12: -1.122e-01 r^-6: -3.349e-01, Ewald -8.333e-06
Initialized non-bonded Coulomb Ewald tables, spacing: 1.02e-03 size: 1176

Generated table with 1100 data points for 1-4 COUL.
Tabscale = 500 points/nm
Generated table with 1100 data points for 1-4 LJ6.
Tabscale = 500 points/nm
Generated table with 1100 data points for 1-4 LJ12.
Tabscale = 500 points/nm


Using SIMD4xM 4x4 nonbonded short-range kernels

Using a 4x4 pair-list setup:
  updated every 100 steps, buffer 0.000 nm, rlist 1.200 nm
At tolerance 0.005 kJ/mol/ps per atom, equivalent classical 1x1 list would be:
  updated every 100 steps, buffer 0.046 nm, rlist 1.246 nm

The average pressure is off by at most 0.17 bar due to missing LJ interactions

Using Lorentz-Berthelot Lennard-Jones combination rule
Removing pbc first time

Linking all bonded interactions to atoms


Initializing Parallel LINear Constraint Solver

++++ PLEASE READ AND CITE THE FOLLOWING REFERENCE ++++
B. Hess
P-LINCS: A Parallel Linear Constraint Solver for molecular simulation
J. Chem. Theory Comput. (2008)
DOI: 10.1021/ct700200b
-------- -------- --- Thank You --- -------- --------

The number of constraints is 400
There are constraints between atoms in different decomposition domains,
will communicate selected coordinates each lincs iteration

++++ PLEASE READ AND CITE THE FOLLOWING REFERENCE ++++
G. Bussi, D. Donadio, M. Parrinello
Canonical sampling through velocity rescaling
J. Chem. Phys. (2007)
DOI: 10.1063/1.2408420
-------- -------- --- Thank You --- -------- --------

There are: 875 Atoms

Atom distribution over 1 domains: av 875 stddev 0 min 875 max 875

Constraining the starting coordinates (step 0)

Constraining the coordinates at t0-dt (step 0)
Center of mass motion removal mode is Linear
We have the following groups for center of mass motion removal:
  0:  rest
RMS relative constraint deviation after constraining: 3.34e-06
Initial temperature: 388.25 K

Started mdrun on rank 0 Mon Dec 15 22:58:30 2025

           Step           Time
              0        0.00000

   Energies (kJ/mol)
           Bond          Angle    Proper Dih. Per. Imp. Dih.          LJ-14
    3.26675e+01    2.84254e+02    1.70974e+03    1.56486e+00    1.22972e+03
     Coulomb-14        LJ (SR)   Coulomb (SR)   Coul. recip.      Potential
    6.24564e+03    1.95404e+03   -6.03330e+03    8.20511e+01    5.50637e+03
    Kinetic En.   Total Energy  Conserved En.    Temperature Pressure (bar)
    3.68090e+03    9.18727e+03    9.20307e+03    3.98479e+02    3.31241e+02
   Constr. rmsd
    3.15715e-06

           Step           Time
            500        0.50000

   Energies (kJ/mol)
           Bond          Angle    Proper Dih. Per. Imp. Dih.          LJ-14
    8.19211e+02    1.81408e+03    2.71617e+03    5.60540e+01    8.71479e+02
     Coulomb-14        LJ (SR)   Coulomb (SR)   Coul. recip.      Potential
    6.28471e+03   -1.94578e+02   -5.97216e+03    9.11702e+01    6.48614e+03
    Kinetic En.   Total Energy  Conserved En.    Temperature Pressure (bar)
    3.77339e+03    1.02595e+04    9.14128e+03    4.08491e+02    1.32710e+01
   Constr. rmsd
    3.16234e-06

           Step           Time
           1000        1.00000

   Energies (kJ/mol)
           Bond          Angle    Proper Dih. Per. Imp. Dih.          LJ-14
    9.58823e+02    1.80852e+03    2.98250e+03    7.39277e+01    8.98704e+02
     Coulomb-14        LJ (SR)   Coulomb (SR)   Coul. recip.      Potential
    6.34901e+03   -2.17080e+02   -6.08227e+03    8.30046e+01    6.85514e+03
    Kinetic En.   Total Energy  Conserved En.    Temperature Pressure (bar)
    3.76400e+03    1.06191e+04    9.14398e+03    4.07475e+02   -6.77984e+00
   Constr. rmsd
    3.40706e-06

           Step           Time
           1500        1.50000

   Energies (kJ/mol)
           Bond          Angle    Proper Dih. Per. Imp. Dih.          LJ-14
    8.24735e+02    1.77996e+03    2.60396e+03    5.73480e+01    9.16754e+02
     Coulomb-14        LJ (SR)   Coulomb (SR)   Coul. recip.      Potential
    6.40340e+03   -1.21882e+02   -6.10660e+03    8.86125e+01    6.44629e+03
    Kinetic En.   Total Energy  Conserved En.    Temperature Pressure (bar)
    3.73662e+03    1.01829e+04    9.14129e+03    4.04511e+02    8.05252e+00
   Constr. rmsd
    3.68975e-06

           Step           Time
           2000        2.00000

   Energies (kJ/mol)
           Bond          Angle    Proper Dih. Per. Imp. Dih.          LJ-14
    8.73441e+02    1.76260e+03    2.61393e+03    7.12458e+01    9.04103e+02
     Coulomb-14        LJ (SR)   Coulomb (SR)   Coul. recip.      Potential
    6.43120e+03   -2.03047e+02   -6.14011e+03    9.66557e+01    6.41001e+03
    Kinetic En.   Total Energy  Conserved En.    Temperature Pressure (bar)
    3.51919e+03    9.92921e+03    9.14427e+03    3.80974e+02   -1.05463e+01
   Constr. rmsd
    3.50084e-06

           Step           Time
           2500        2.50000

   Energies (kJ/mol)
           Bond          Angle    Proper Dih. Per. Imp. Dih.          LJ-14
    8.61365e+02    1.90728e+03    2.56462e+03    9.13371e+01    9.38438e+02
     Coulomb-14        LJ (SR)   Coulomb (SR)   Coul. recip.      Potential
    6.43604e+03   -1.45122e+02   -6.17010e+03    9.21504e+01    6.57601e+03
    Kinetic En.   Total Energy  Conserved En.    Temperature Pressure (bar)
    3.72235e+03    1.02984e+04    9.14437e+03    4.02967e+02   -4.52592e-01
   Constr. rmsd
    3.53144e-06

           Step           Time
           3000        3.00000

   Energies (kJ/mol)
           Bond          Angle    Proper Dih. Per. Imp. Dih.          LJ-14
    9.05445e+02    1.78942e+03    2.61046e+03    9.07632e+01    8.70535e+02
     Coulomb-14        LJ (SR)   Coulomb (SR)   Coul. recip.      Potential
    6.48104e+03   -2.04572e+02   -6.18542e+03    9.32180e+01    6.45088e+03
    Kinetic En.   Total Energy  Conserved En.    Temperature Pressure (bar)
    3.80157e+03    1.02524e+04    9.14540e+03    4.11543e+02   -3.91905e+01
   Constr. rmsd
    3.50463e-06

           Step           Time
           3500        3.50000

   Energies (kJ/mol)
           Bond          Angle    Proper Dih. Per. Imp. Dih.          LJ-14
    8.33216e+02    1.77451e+03    2.52258e+03    9.37740e+01    8.99385e+02
     Coulomb-14        LJ (SR)   Coulomb (SR)   Coul. recip.      Potential
    6.53407e+03   -2.12824e+02   -6.21739e+03    1.00381e+02    6.32770e+03
    Kinetic En.   Total Energy  Conserved En.    Temperature Pressure (bar)
    3.66570e+03    9.99339e+03    9.14716e+03    3.96834e+02    1.98813e+00
   Constr. rmsd
    3.53219e-06

           Step           Time
           4000        4.00000

   Energies (kJ/mol)
           Bond          Angle    Proper Dih. Per. Imp. Dih.          LJ-14
    8.99234e+02    1.82002e+03    2.60890e+03    8.44721e+01    9.14265e+02
     Coulomb-14        LJ (SR)   Coulomb (SR)   Coul. recip.      Potential
    6.54304e+03   -2.31211e+02   -6.24009e+03    9.71369e+01    6.49578e+03
    Kinetic En.   Total Energy  Conserved En.    Temperature Pressure (bar)
    3.61607e+03    1.01118e+04    9.14903e+03    3.91461e+02    2.17162e+00
   Constr. rmsd
    3.41240e-06

           Step           Time
           4500        4.50000

   Energies (kJ/mol)
           Bond          Angle    Proper Dih. Per. Imp. Dih.          LJ-14
    8.64459e+02    1.90457e+03    2.64054e+03    1.19594e+02    8.92661e+02
     Coulomb-14        LJ (SR)   Coulomb (SR)   Coul. recip.      Potential
    6.53270e+03   -2.38478e+02   -6.24969e+03    9.88708e+01    6.56523e+03
    Kinetic En.   Total Energy  Conserved En.    Temperature Pressure (bar)
    3.88002e+03    1.04453e+04    9.14653e+03    4.20036e+02    2.08016e+00
   Constr. rmsd
    3.35148e-06

           Step           Time
           5000        5.00000

   Energies (kJ/mol)
           Bond          Angle    Proper Dih. Per. Imp. Dih.          LJ-14
    8.83758e+02    1.82466e+03    2.68349e+03    9.13579e+01    9.08644e+02
     Coulomb-14        LJ (SR)   Coulomb (SR)   Coul. recip.      Potential
    6.47719e+03   -2.58782e+02   -6.13892e+03    1.04376e+02    6.57578e+03
    Kinetic En.   Total Energy  Conserved En.    Temperature Pressure (bar)
    3.72957e+03    1.03053e+04    9.14520e+03    4.03748e+02    2.31911e+00
   Constr. rmsd
    3.61255e-06

           Step           Time
           5500        5.50000

   Energies (kJ/mol)
           Bond          Angle    Proper Dih. Per. Imp. Dih.          LJ-14
    8.71669e+02    1.83972e+03    2.58842e+03    1.09696e+02    9.61666e+02
     Coulomb-14        LJ (SR)   Coulomb (SR)   Coul. recip.      Potential
    6.47493e+03   -2.02125e+02   -6.21239e+03    8.73976e+01    6.51899e+03
    Kinetic En.   Total Energy  Conserved En.    Temperature Pressure (bar)
    3.74017e+03    1.02592e+04    9.14907e+03    4.04895e+02    2.49240e+01
   Constr. rmsd
    3.45687e-06

           Step           Time
           6000        6.00000

   Energies (kJ/mol)
           Bond          Angle    Proper Dih. Per. Imp. Dih.          LJ-14
    9.33118e+02    1.82667e+03    2.59254e+03    7.92411e+01    9.19943e+02
     Coulomb-14        LJ (SR)   Coulomb (SR)   Coul. recip.      Potential
    6.46614e+03   -2.27658e+02   -6.21985e+03    9.23111e+01    6.46245e+03
    Kinetic En.   Total Energy  Conserved En.    Temperature Pressure (bar)
    3.70680e+03    1.01693e+04    9.14986e+03    4.01283e+02   -2.10685e+01
   Constr. rmsd
    3.44920e-06

           Step           Time
           6500        6.50000

   Energies (kJ/mol)
           Bond          Angle    Proper Dih. Per. Imp. Dih.          LJ-14
    9.71970e+02    1.86901e+03    2.53923e+03    8.81858e+01    8.30426e+02
     Coulomb-14        LJ (SR)   Coulomb (SR)   Coul. recip.      Potential
    6.46429e+03   -2.55329e+02   -6.18898e+03    1.01544e+02    6.42034e+03
    Kinetic En.   Total Energy  Conserved En.    Temperature Pressure (bar)
    3.77533e+03    1.01957e+04    9.15125e+03    4.08702e+02   -3.43815e+01
   Constr. rmsd
    3.28599e-06

           Step           Time
           7000        7.00000

   Energies (kJ/mol)
           Bond          Angle    Proper Dih. Per. Imp. Dih.          LJ-14
    7.81128e+02    1.89601e+03    2.47947e+03    1.02413e+02    9.42286e+02
     Coulomb-14        LJ (SR)   Coulomb (SR)   Coul. recip.      Potential
    6.54206e+03   -1.60757e+02   -6.29081e+03    9.61031e+01    6.38791e+03
    Kinetic En.   Total Energy  Conserved En.    Temperature Pressure (bar)
    3.69652e+03    1.00844e+04    9.14962e+03    4.00170e+02    2.15950e+01
   Constr. rmsd
    3.20838e-06

           Step           Time
           7500        7.50000

   Energies (kJ/mol)
           Bond          Angle    Proper Dih. Per. Imp. Dih.          LJ-14
    8.79753e+02    1.75828e+03    2.62773e+03    8.03033e+01    8.90084e+02
     Coulomb-14        LJ (SR)   Coulomb (SR)   Coul. recip.      Potential
    6.51325e+03   -2.47142e+02   -6.26355e+03    9.42101e+01    6.33292e+03
    Kinetic En.   Total Energy  Conserved En.    Temperature Pressure (bar)
    3.70914e+03    1.00421e+04    9.14811e+03    4.01537e+02   -1.17443e+01
   Constr. rmsd
    3.51059e-06

           Step           Time
           8000        8.00000

   Energies (kJ/mol)
           Bond          Angle    Proper Dih. Per. Imp. Dih.          LJ-14
    8.99350e+02    1.87635e+03    2.52321e+03    1.21903e+02    9.05159e+02
     Coulomb-14        LJ (SR)   Coulomb (SR)   Coul. recip.      Potential
    6.52338e+03   -2.78548e+02   -6.26118e+03    8.88694e+01    6.39850e+03
    Kinetic En.   Total Energy  Conserved En.    Temperature Pressure (bar)
    3.73160e+03    1.01301e+04    9.15042e+03    4.03968e+02    1.08532e+01
   Constr. rmsd
    3.06060e-06

           Step           Time
           8500        8.50000

   Energies (kJ/mol)
           Bond          Angle    Proper Dih. Per. Imp. Dih.          LJ-14
    8.54533e+02    1.70833e+03    2.51823e+03    9.36569e+01    9.04684e+02
     Coulomb-14        LJ (SR)   Coulomb (SR)   Coul. recip.      Potential
    6.48125e+03   -2.61895e+02   -6.22143e+03    8.63947e+01    6.16375e+03
    Kinetic En.   Total Energy  Conserved En.    Temperature Pressure (bar)
    3.87528e+03    1.00390e+04    9.14608e+03    4.19522e+02   -1.62411e+00
   Constr. rmsd
    3.16782e-06

           Step           Time
           9000        9.00000

   Energies (kJ/mol)
           Bond          Angle    Proper Dih. Per. Imp. Dih.          LJ-14
    8.89488e+02    1.80338e+03    2.51402e+03    8.72956e+01    8.99653e+02
     Coulomb-14        LJ (SR)   Coulomb (SR)   Coul. recip.      Potential
    6.56283e+03   -3.42039e+02   -6.30549e+03    8.82172e+01    6.19735e+03
    Kinetic En.   Total Energy  Conserved En.    Temperature Pressure (bar)
    3.55679e+03    9.75414e+03    9.14849e+03    3.85043e+02   -1.75454e+01
   Constr. rmsd
    3.09419e-06

           Step           Time
           9500        9.50000

   Energies (kJ/mol)
           Bond          Angle    Proper Dih. Per. Imp. Dih.          LJ-14
    8.67972e+02    1.93045e+03    2.55680e+03    6.87605e+01    9.21016e+02
     Coulomb-14        LJ (SR)   Coulomb (SR)   Coul. recip.      Potential
    6.59231e+03   -3.20076e+02   -6.32712e+03    8.94052e+01    6.37953e+03
    Kinetic En.   Total Energy  Conserved En.    Temperature Pressure (bar)
    3.67467e+03    1.00542e+04    9.14811e+03    3.97805e+02    2.36690e+01
   Constr. rmsd
    2.96502e-06

           Step           Time
          10000       10.00000

   Energies (kJ/mol)
           Bond          Angle    Proper Dih. Per. Imp. Dih.          LJ-14
    8.12628e+02    1.86964e+03    2.51240e+03    8.68859e+01    9.12860e+02
     Coulomb-14        LJ (SR)   Coulomb (SR)   Coul. recip.      Potential
    6.59894e+03   -3.46747e+02   -6.32913e+03    9.14102e+01    6.20888e+03
    Kinetic En.   Total Energy  Conserved En.    Temperature Pressure (bar)
    3.79821e+03    1.00071e+04    9.14623e+03    4.11179e+02    1.12912e+01
   Constr. rmsd
    2.88434e-06

           Step           Time
          10500       10.50000

   Energies (kJ/mol)
           Bond          Angle    Proper Dih. Per. Imp. Dih.          LJ-14
    8.94924e+02    1.82846e+03    2.47056e+03    5.65921e+01    8.82688e+02
     Coulomb-14        LJ (SR)   Coulomb (SR)   Coul. recip.      Potential
    6.53419e+03   -3.96077e+02   -6.25865e+03    8.89001e+01    6.10158e+03
    Kinetic En.   Total Energy  Conserved En.    Temperature Pressure (bar)
    3.68820e+03    9.78978e+03    9.14778e+03    3.99269e+02   -2.21410e+01
   Constr. rmsd
    2.85721e-06

           Step           Time
          11000       11.00000

   Energies (kJ/mol)
           Bond          Angle    Proper Dih. Per. Imp. Dih.          LJ-14
    1.03023e+03    1.89855e+03    2.47104e+03    8.11446e+01    8.76417e+02
     Coulomb-14        LJ (SR)   Coulomb (SR)   Coul. recip.      Potential
    6.58167e+03   -3.35513e+02   -6.32352e+03    8.84758e+01    6.36850e+03
    Kinetic En.   Total Energy  Conserved En.    Temperature Pressure (bar)
    3.92106e+03    1.02896e+04    9.14886e+03    4.24478e+02   -2.05769e+01
   Constr. rmsd
    2.82548e-06

           Step           Time
          11500       11.50000

   Energies (kJ/mol)
           Bond          Angle    Proper Dih. Per. Imp. Dih.          LJ-14
    8.72131e+02    1.84860e+03    2.46594e+03    7.57311e+01    8.90755e+02
     Coulomb-14        LJ (SR)   Coulomb (SR)   Coul. recip.      Potential
    6.59519e+03   -4.12222e+02   -6.32717e+03    9.18678e+01    6.10082e+03
    Kinetic En.   Total Energy  Conserved En.    Temperature Pressure (bar)
    3.61803e+03    9.71885e+03    9.14845e+03    3.91674e+02   -1.49245e+01
   Constr. rmsd
    2.57605e-06

           Step           Time
          12000       12.00000

   Energies (kJ/mol)
           Bond          Angle    Proper Dih. Per. Imp. Dih.          LJ-14
    9.63109e+02    1.84705e+03    2.46768e+03    9.94303e+01    9.14477e+02
     Coulomb-14        LJ (SR)   Coulomb (SR)   Coul. recip.      Potential
    6.56688e+03   -3.80694e+02   -6.32306e+03    9.01232e+01    6.24499e+03
    Kinetic En.   Total Energy  Conserved En.    Temperature Pressure (bar)
    3.70190e+03    9.94689e+03    9.14814e+03    4.00753e+02   -2.74424e+01
   Constr. rmsd
    3.03428e-06

           Step           Time
          12500       12.50000

   Energies (kJ/mol)
           Bond          Angle    Proper Dih. Per. Imp. Dih.          LJ-14
    9.12695e+02    1.81741e+03    2.49524e+03    9.22211e+01    9.16807e+02
     Coulomb-14        LJ (SR)   Coulomb (SR)   Coul. recip.      Potential
    6.59116e+03   -3.56032e+02   -6.35262e+03    9.35341e+01    6.21042e+03
    Kinetic En.   Total Energy  Conserved En.    Temperature Pressure (bar)
    3.74694e+03    9.95736e+03    9.15051e+03    4.05629e+02    2.19293e+00
   Constr. rmsd
    2.88834e-06

           Step           Time
          13000       13.00000

   Energies (kJ/mol)
           Bond          Angle    Proper Dih. Per. Imp. Dih.          LJ-14
    8.74140e+02    1.76938e+03    2.43690e+03    6.54529e+01    9.12602e+02
     Coulomb-14        LJ (SR)   Coulomb (SR)   Coul. recip.      Potential
    6.56967e+03   -3.88505e+02   -6.35119e+03    9.59370e+01    5.98439e+03
    Kinetic En.   Total Energy  Conserved En.    Temperature Pressure (bar)
    3.77233e+03    9.75672e+03    9.14756e+03    4.08377e+02   -1.02109e-01
   Constr. rmsd
    2.78922e-06

           Step           Time
          13500       13.50000

   Energies (kJ/mol)
           Bond          Angle    Proper Dih. Per. Imp. Dih.          LJ-14
    8.90306e+02    1.91040e+03    2.47199e+03    1.00305e+02    8.59934e+02
     Coulomb-14        LJ (SR)   Coulomb (SR)   Coul. recip.      Potential
    6.57020e+03   -4.54497e+02   -6.33762e+03    9.14231e+01    6.10244e+03
    Kinetic En.   Total Energy  Conserved En.    Temperature Pressure (bar)
    3.65006e+03    9.75250e+03    9.14999e+03    3.95140e+02   -2.29003e+01
   Constr. rmsd
    2.86044e-06

           Step           Time
          14000       14.00000

   Energies (kJ/mol)
           Bond          Angle    Proper Dih. Per. Imp. Dih.          LJ-14
    8.14498e+02    1.86762e+03    2.42204e+03    9.10217e+01    8.91824e+02
     Coulomb-14        LJ (SR)   Coulomb (SR)   Coul. recip.      Potential
    6.58046e+03   -4.53313e+02   -6.35660e+03    8.76380e+01    5.94519e+03
    Kinetic En.   Total Energy  Conserved En.    Temperature Pressure (bar)
    3.59280e+03    9.53799e+03    9.14941e+03    3.88942e+02   -6.52902e+00
   Constr. rmsd
    2.82873e-06

           Step           Time
          14500       14.50000

   Energies (kJ/mol)
           Bond          Angle    Proper Dih. Per. Imp. Dih.          LJ-14
    8.58452e+02    1.71946e+03    2.48437e+03    7.40645e+01    8.87456e+02
     Coulomb-14        LJ (SR)   Coulomb (SR)   Coul. recip.      Potential
    6.52635e+03   -4.84099e+02   -6.31051e+03    8.34133e+01    5.83895e+03
    Kinetic En.   Total Energy  Conserved En.    Temperature Pressure (bar)
    3.82866e+03    9.66761e+03    9.14695e+03    4.14475e+02   -1.76886e+01
   Constr. rmsd
    2.76416e-06

           Step           Time
          15000       15.00000

   Energies (kJ/mol)
           Bond          Angle    Proper Dih. Per. Imp. Dih.          LJ-14
    8.54171e+02    1.84549e+03    2.50201e+03    7.22894e+01    9.20326e+02
     Coulomb-14        LJ (SR)   Coulomb (SR)   Coul. recip.      Potential
    6.53793e+03   -3.85483e+02   -6.33387e+03    8.69887e+01    6.09985e+03
    Kinetic En.   Total Energy  Conserved En.    Temperature Pressure (bar)
    3.58988e+03    9.68973e+03    9.15455e+03    3.88626e+02    5.94517e+00
   Constr. rmsd
    2.93006e-06

           Step           Time
          15500       15.50000

   Energies (kJ/mol)
           Bond          Angle    Proper Dih. Per. Imp. Dih.          LJ-14
    8.64350e+02    1.82456e+03    2.51917e+03    8.55041e+01    9.56564e+02
     Coulomb-14        LJ (SR)   Coulomb (SR)   Coul. recip.      Potential
    6.53469e+03   -4.01121e+02   -6.32957e+03    7.98167e+01    6.13396e+03
    Kinetic En.   Total Energy  Conserved En.    Temperature Pressure (bar)
    3.88761e+03    1.00216e+04    9.15084e+03    4.20856e+02    1.49513e+01
   Constr. rmsd
    2.95276e-06

           Step           Time
          16000       16.00000

   Energies (kJ/mol)
           Bond          Angle    Proper Dih. Per. Imp. Dih.          LJ-14
    8.98791e+02    1.73367e+03    2.48314e+03    7.99119e+01    9.02599e+02
     Coulomb-14        LJ (SR)   Coulomb (SR)   Coul. recip.      Potential
    6.54552e+03   -4.72126e+02   -6.31374e+03    8.98968e+01    5.94766e+03
    Kinetic En.   Total Energy  Conserved En.    Temperature Pressure (bar)
    3.53985e+03    9.48751e+03    9.15476e+03    3.83210e+02    1.57397e+00
   Constr. rmsd
    2.94677e-06

           Step           Time
          16500       16.50000

   Energies (kJ/mol)
           Bond          Angle    Proper Dih. Per. Imp. Dih.          LJ-14
    7.73714e+02    1.84138e+03    2.56661e+03    8.63302e+01    9.56010e+02
     Coulomb-14        LJ (SR)   Coulomb (SR)   Coul. recip.      Potential
    6.54159e+03   -4.13344e+02   -6.30542e+03    9.17101e+01    6.13859e+03
    Kinetic En.   Total Energy  Conserved En.    Temperature Pressure (bar)
    3.62649e+03    9.76508e+03    9.15337e+03    3.92589e+02    1.37843e+01
   Constr. rmsd
    2.74161e-06

           Step           Time
          17000       17.00000

   Energies (kJ/mol)
           Bond          Angle    Proper Dih. Per. Imp. Dih.          LJ-14
    8.24869e+02    1.70188e+03    2.47021e+03    7.89172e+01    9.40146e+02
     Coulomb-14        LJ (SR)   Coulomb (SR)   Coul. recip.      Potential
    6.59669e+03   -3.95727e+02   -6.38022e+03    8.55065e+01    5.92227e+03
    Kinetic En.   Total Energy  Conserved En.    Temperature Pressure (bar)
    3.55910e+03    9.48137e+03    9.15343e+03    3.85294e+02    8.65875e+00
   Constr. rmsd
    2.86591e-06

           Step           Time
          17500       17.50000

   Energies (kJ/mol)
           Bond          Angle    Proper Dih. Per. Imp. Dih.          LJ-14
    8.74227e+02    1.87221e+03    2.50469e+03    9.00980e+01    8.77466e+02
     Coulomb-14        LJ (SR)   Coulomb (SR)   Coul. recip.      Potential
    6.56554e+03   -5.33217e+02   -6.31054e+03    9.04497e+01    6.03092e+03
    Kinetic En.   Total Energy  Conserved En.    Temperature Pressure (bar)
    3.83055e+03    9.86147e+03    9.15355e+03    4.14680e+02   -1.34573e+01
   Constr. rmsd
    2.51170e-06

           Step           Time
          18000       18.00000

   Energies (kJ/mol)
           Bond          Angle    Proper Dih. Per. Imp. Dih.          LJ-14
    9.37781e+02    1.73580e+03    2.52039e+03    7.24586e+01    9.12176e+02
     Coulomb-14        LJ (SR)   Coulomb (SR)   Coul. recip.      Potential
    6.59949e+03   -3.78815e+02   -6.35163e+03    8.58322e+01    6.13349e+03
    Kinetic En.   Total Energy  Conserved En.    Temperature Pressure (bar)
    3.95780e+03    1.00913e+04    9.15380e+03    4.28455e+02   -8.03376e-01
   Constr. rmsd
    2.95866e-06

           Step           Time
          18500       18.50000

   Energies (kJ/mol)
           Bond          Angle    Proper Dih. Per. Imp. Dih.          LJ-14
    8.71416e+02    1.80880e+03    2.45294e+03    8.39131e+01    8.95015e+02
     Coulomb-14        LJ (SR)   Coulomb (SR)   Coul. recip.      Potential
    6.60961e+03   -3.85234e+02   -6.38234e+03    8.40276e+01    6.03815e+03
    Kinetic En.   Total Energy  Conserved En.    Temperature Pressure (bar)
    3.63975e+03    9.67790e+03    9.15752e+03    3.94025e+02   -2.86614e+01
   Constr. rmsd
    2.96973e-06

           Step           Time
          19000       19.00000

   Energies (kJ/mol)
           Bond          Angle    Proper Dih. Per. Imp. Dih.          LJ-14
    7.78342e+02    1.86509e+03    2.60589e+03    6.36803e+01    8.94877e+02
     Coulomb-14        LJ (SR)   Coulomb (SR)   Coul. recip.      Potential
    6.61848e+03   -4.09827e+02   -6.40394e+03    8.73867e+01    6.09997e+03
    Kinetic En.   Total Energy  Conserved En.    Temperature Pressure (bar)
    3.75147e+03    9.85144e+03    9.15754e+03    4.06119e+02    4.39132e+00
   Constr. rmsd
    2.79716e-06

           Step           Time
          19500       19.50000

   Energies (kJ/mol)
           Bond          Angle    Proper Dih. Per. Imp. Dih.          LJ-14
    8.79832e+02    1.86907e+03    2.39009e+03    1.01042e+02    9.04165e+02
     Coulomb-14        LJ (SR)   Coulomb (SR)   Coul. recip.      Potential
    6.57848e+03   -4.01154e+02   -6.35880e+03    9.05433e+01    6.05327e+03
    Kinetic En.   Total Energy  Conserved En.    Temperature Pressure (bar)
    3.58055e+03    9.63381e+03    9.15780e+03    3.87616e+02   -2.00834e+01
   Constr. rmsd
    2.80188e-06

           Step           Time
          20000       20.00000

   Energies (kJ/mol)
           Bond          Angle    Proper Dih. Per. Imp. Dih.          LJ-14
    7.66107e+02    1.90552e+03    2.46937e+03    8.17513e+01    9.15839e+02
     Coulomb-14        LJ (SR)   Coulomb (SR)   Coul. recip.      Potential
    6.59270e+03   -3.71445e+02   -6.39122e+03    8.43987e+01    6.05302e+03
    Kinetic En.   Total Energy  Conserved En.    Temperature Pressure (bar)
    3.76363e+03    9.81665e+03    9.15509e+03    4.07435e+02    8.81228e+00
   Constr. rmsd
    2.88046e-06

           Step           Time
          20500       20.50000

   Energies (kJ/mol)
           Bond          Angle    Proper Dih. Per. Imp. Dih.          LJ-14
    8.58348e+02    1.81168e+03    2.46974e+03    1.04782e+02    9.21814e+02
     Coulomb-14        LJ (SR)   Coulomb (SR)   Coul. recip.      Potential
    6.67327e+03   -4.36233e+02   -6.46937e+03    8.44997e+01    6.01853e+03
    Kinetic En.   Total Energy  Conserved En.    Temperature Pressure (bar)
    3.84129e+03    9.85982e+03    9.15510e+03    4.15842e+02    2.18644e+00
   Constr. rmsd
    3.03979e-06

           Step           Time
          21000       21.00000

   Energies (kJ/mol)
           Bond          Angle    Proper Dih. Per. Imp. Dih.          LJ-14
    9.60545e+02    1.86528e+03    2.44681e+03    6.98020e+01    8.86765e+02
     Coulomb-14        LJ (SR)   Coulomb (SR)   Coul. recip.      Potential
    6.58678e+03   -4.34514e+02   -6.33812e+03    8.23965e+01    6.12574e+03
    Kinetic En.   Total Energy  Conserved En.    Temperature Pressure (bar)
    3.75340e+03    9.87914e+03    9.15579e+03    4.06328e+02   -2.37159e+01
   Constr. rmsd
    2.86145e-06

           Step           Time
          21500       21.50000

   Energies (kJ/mol)
           Bond          Angle    Proper Dih. Per. Imp. Dih.          LJ-14
    8.65079e+02    1.90071e+03    2.45145e+03    6.60931e+01    9.29942e+02
     Coulomb-14        LJ (SR)   Coulomb (SR)   Coul. recip.      Potential
    6.69846e+03   -3.97247e+02   -6.48710e+03    8.83524e+01    6.11573e+03
    Kinetic En.   Total Energy  Conserved En.    Temperature Pressure (bar)
    3.64279e+03    9.75852e+03    9.15580e+03    3.94353e+02   -1.34869e+01
   Constr. rmsd
    2.88427e-06

           Step           Time
          22000       22.00000

   Energies (kJ/mol)
           Bond          Angle    Proper Dih. Per. Imp. Dih.          LJ-14
    9.14485e+02    1.85743e+03    2.38058e+03    6.53810e+01    9.13077e+02
     Coulomb-14        LJ (SR)   Coulomb (SR)   Coul. recip.      Potential
    6.68792e+03   -4.00467e+02   -6.44611e+03    8.88928e+01    6.06119e+03
    Kinetic En.   Total Energy  Conserved En.    Temperature Pressure (bar)
    3.59815e+03    9.65934e+03    9.15712e+03    3.89521e+02    1.26296e+01
   Constr. rmsd
    2.61244e-06

           Step           Time
          22500       22.50000

   Energies (kJ/mol)
           Bond          Angle    Proper Dih. Per. Imp. Dih.          LJ-14
    9.40271e+02    1.92798e+03    2.44570e+03    5.54826e+01    9.34404e+02
     Coulomb-14        LJ (SR)   Coulomb (SR)   Coul. recip.      Potential
    6.70462e+03   -4.25771e+02   -6.50746e+03    9.18299e+01    6.16707e+03
    Kinetic En.   Total Energy  Conserved En.    Temperature Pressure (bar)
    3.61333e+03    9.78040e+03    9.15780e+03    3.91164e+02    1.07007e+01
   Constr. rmsd
    2.89726e-06

           Step           Time
          23000       23.00000

   Energies (kJ/mol)
           Bond          Angle    Proper Dih. Per. Imp. Dih.          LJ-14
    8.86922e+02    1.83331e+03    2.41786e+03    9.36625e+01    8.73131e+02
     Coulomb-14        LJ (SR)   Coulomb (SR)   Coul. recip.      Potential
    6.66451e+03   -5.36037e+02   -6.39741e+03    8.77925e+01    5.92373e+03
    Kinetic En.   Total Energy  Conserved En.    Temperature Pressure (bar)
    3.76597e+03    9.68971e+03    9.15418e+03    4.07689e+02   -1.04230e+01
   Constr. rmsd
    2.74701e-06

           Step           Time
          23500       23.50000

   Energies (kJ/mol)
           Bond          Angle    Proper Dih. Per. Imp. Dih.          LJ-14
    9.38539e+02    1.78695e+03    2.50831e+03    9.04275e+01    9.10704e+02
     Coulomb-14        LJ (SR)   Coulomb (SR)   Coul. recip.      Potential
    6.71782e+03   -4.84563e+02   -6.50435e+03    9.22159e+01    6.05605e+03
    Kinetic En.   Total Energy  Conserved En.    Temperature Pressure (bar)
    3.67131e+03    9.72736e+03    9.15359e+03    3.97441e+02    9.04383e+00
   Constr. rmsd
    2.72492e-06

           Step           Time
          24000       24.00000

   Energies (kJ/mol)
           Bond          Angle    Proper Dih. Per. Imp. Dih.          LJ-14
    7.01012e+02    1.88539e+03    2.56836e+03    7.34275e+01    9.69719e+02
     Coulomb-14        LJ (SR)   Coulomb (SR)   Coul. recip.      Potential
    6.63134e+03   -5.17420e+02   -6.40540e+03    8.63163e+01    5.99275e+03
    Kinetic En.   Total Energy  Conserved En.    Temperature Pressure (bar)
    3.63629e+03    9.62903e+03    9.15440e+03    3.93650e+02    3.06276e+01
   Constr. rmsd
    2.90278e-06

           Step           Time
          24500       24.50000

   Energies (kJ/mol)
           Bond          Angle    Proper Dih. Per. Imp. Dih.          LJ-14
    8.57672e+02    1.73743e+03    2.57039e+03    8.96742e+01    8.97195e+02
     Coulomb-14        LJ (SR)   Coulomb (SR)   Coul. recip.      Potential
    6.62501e+03   -5.40651e+02   -6.40196e+03    9.07416e+01    5.92550e+03
    Kinetic En.   Total Energy  Conserved En.    Temperature Pressure (bar)
    3.64294e+03    9.56844e+03    9.15320e+03    3.94370e+02   -1.08849e+01
   Constr. rmsd
    2.91013e-06

           Step           Time
          25000       25.00000

   Energies (kJ/mol)
           Bond          Angle    Proper Dih. Per. Imp. Dih.          LJ-14
    8.46432e+02    1.67498e+03    2.47643e+03    8.66998e+01    9.12162e+02
     Coulomb-14        LJ (SR)   Coulomb (SR)   Coul. recip.      Potential
    6.68716e+03   -5.37234e+02   -6.45369e+03    8.95119e+01    5.78244e+03
    Kinetic En.   Total Energy  Conserved En.    Temperature Pressure (bar)
    3.65642e+03    9.43886e+03    9.15275e+03    3.95829e+02    2.00639e+00
   Constr. rmsd
    3.13009e-06

           Step           Time
          25500       25.50000

   Energies (kJ/mol)
           Bond          Angle    Proper Dih. Per. Imp. Dih.          LJ-14
    8.73690e+02    1.87445e+03    2.48326e+03    9.38652e+01    9.24205e+02
     Coulomb-14        LJ (SR)   Coulomb (SR)   Coul. recip.      Potential
    6.67565e+03   -5.64767e+02   -6.44510e+03    8.73475e+01    6.00259e+03
    Kinetic En.   Total Energy  Conserved En.    Temperature Pressure (bar)
    3.79979e+03    9.80239e+03    9.15705e+03    4.11350e+02    1.55353e+01
   Constr. rmsd
    2.78561e-06

           Step           Time
          26000       26.00000

   Energies (kJ/mol)
           Bond          Angle    Proper Dih. Per. Imp. Dih.          LJ-14
    8.62021e+02    1.85163e+03    2.39779e+03    6.89944e+01    9.00881e+02
     Coulomb-14        LJ (SR)   Coulomb (SR)   Coul. recip.      Potential
    6.63935e+03   -5.35023e+02   -6.41675e+03    8.35317e+01    5.85242e+03
    Kinetic En.   Total Energy  Conserved En.    Temperature Pressure (bar)
    3.64333e+03    9.49574e+03    9.15669e+03    3.94412e+02   -1.27829e+01
   Constr. rmsd
    2.68113e-06

           Step           Time
          26500       26.50000

   Energies (kJ/mol)
           Bond          Angle    Proper Dih. Per. Imp. Dih.          LJ-14
    9.55178e+02    1.87257e+03    2.43428e+03    8.34847e+01    9.16842e+02
     Coulomb-14        LJ (SR)   Coulomb (SR)   Coul. recip.      Potential
    6.64848e+03   -5.05289e+02   -6.43242e+03    8.29158e+01    6.05604e+03
    Kinetic En.   Total Energy  Conserved En.    Temperature Pressure (bar)
    3.61397e+03    9.67001e+03    9.15599e+03    3.91234e+02   -3.82952e+00
   Constr. rmsd
    2.77195e-06

           Step           Time
          27000       27.00000

   Energies (kJ/mol)
           Bond          Angle    Proper Dih. Per. Imp. Dih.          LJ-14
    7.79612e+02    1.79511e+03    2.43216e+03    7.12500e+01    9.83026e+02
     Coulomb-14        LJ (SR)   Coulomb (SR)   Coul. recip.      Potential
    6.64665e+03   -5.19734e+02   -6.44954e+03    7.93570e+01    5.81788e+03
    Kinetic En.   Total Energy  Conserved En.    Temperature Pressure (bar)
    3.60544e+03    9.42332e+03    9.15376e+03    3.90310e+02    2.53259e+01
   Constr. rmsd
    2.74836e-06

           Step           Time
          27500       27.50000

   Energies (kJ/mol)
           Bond          Angle    Proper Dih. Per. Imp. Dih.          LJ-14
    8.24446e+02    1.79497e+03    2.36802e+03    7.69302e+01    8.90958e+02
     Coulomb-14        LJ (SR)   Coulomb (SR)   Coul. recip.      Potential
    6.65980e+03   -5.06983e+02   -6.44098e+03    9.49350e+01    5.76210e+03
    Kinetic En.   Total Energy  Conserved En.    Temperature Pressure (bar)
    3.79372e+03    9.55582e+03    9.15017e+03    4.10693e+02    1.13971e+01
   Constr. rmsd
    2.80709e-06

           Step           Time
          28000       28.00000

   Energies (kJ/mol)
           Bond          Angle    Proper Dih. Per. Imp. Dih.          LJ-14
    8.79253e+02    1.68280e+03    2.40145e+03    5.95678e+01    8.94203e+02
     Coulomb-14        LJ (SR)   Coulomb (SR)   Coul. recip.      Potential
    6.68658e+03   -5.57647e+02   -6.46425e+03    8.56380e+01    5.66760e+03
    Kinetic En.   Total Energy  Conserved En.    Temperature Pressure (bar)
    3.60678e+03    9.27438e+03    9.15133e+03    3.90455e+02   -1.63098e+01
   Constr. rmsd
    2.98709e-06

           Step           Time
          28500       28.50000

   Energies (kJ/mol)
           Bond          Angle    Proper Dih. Per. Imp. Dih.          LJ-14
    9.48377e+02    1.75931e+03    2.39998e+03    7.40583e+01    9.52412e+02
     Coulomb-14        LJ (SR)   Coulomb (SR)   Coul. recip.      Potential
    6.66274e+03   -5.90484e+02   -6.44980e+03    8.52396e+01    5.84183e+03
    Kinetic En.   Total Energy  Conserved En.    Temperature Pressure (bar)
    3.45513e+03    9.29697e+03    9.15223e+03    3.74038e+02   -1.34806e+01
   Constr. rmsd
    2.78240e-06

           Step           Time
          29000       29.00000

   Energies (kJ/mol)
           Bond          Angle    Proper Dih. Per. Imp. Dih.          LJ-14
    9.00392e+02    1.87400e+03    2.48731e+03    8.83045e+01    9.15670e+02
     Coulomb-14        LJ (SR)   Coulomb (SR)   Coul. recip.      Potential
    6.64313e+03   -6.31639e+02   -6.38809e+03    8.57637e+01    5.97485e+03
    Kinetic En.   Total Energy  Conserved En.    Temperature Pressure (bar)
    3.63046e+03    9.60531e+03    9.15204e+03    3.93018e+02    3.95680e+00
   Constr. rmsd
    2.81332e-06

           Step           Time
          29500       29.50000

   Energies (kJ/mol)
           Bond          Angle    Proper Dih. Per. Imp. Dih.          LJ-14
    8.86544e+02    1.80527e+03    2.44637e+03    9.55359e+01    9.46870e+02
     Coulomb-14        LJ (SR)   Coulomb (SR)   Coul. recip.      Potential
    6.66721e+03   -5.65563e+02   -6.47026e+03    8.58606e+01    5.89784e+03
    Kinetic En.   Total Energy  Conserved En.    Temperature Pressure (bar)
    3.66352e+03    9.56136e+03    9.15334e+03    3.96598e+02   -1.07677e+00
   Constr. rmsd
    2.79428e-06

           Step           Time
          30000       30.00000

   Energies (kJ/mol)
           Bond          Angle    Proper Dih. Per. Imp. Dih.          LJ-14
    8.38636e+02    1.79784e+03    2.59849e+03    1.02703e+02    9.34176e+02
     Coulomb-14        LJ (SR)   Coulomb (SR)   Coul. recip.      Potential
    6.62375e+03   -5.82825e+02   -6.41489e+03    9.31781e+01    5.99106e+03
    Kinetic En.   Total Energy  Conserved En.    Temperature Pressure (bar)
    3.68494e+03    9.67601e+03    9.15094e+03    3.98917e+02    1.25179e+01
   Constr. rmsd
    2.83373e-06

           Step           Time
          30500       30.50000

   Energies (kJ/mol)
           Bond          Angle    Proper Dih. Per. Imp. Dih.          LJ-14
    9.44256e+02    1.90755e+03    2.53911e+03    5.83477e+01    9.17305e+02
     Coulomb-14        LJ (SR)   Coulomb (SR)   Coul. recip.      Potential
    6.62380e+03   -5.74135e+02   -6.43266e+03    7.98772e+01    6.06345e+03
    Kinetic En.   Total Energy  Conserved En.    Temperature Pressure (bar)
    3.75816e+03    9.82162e+03    9.15025e+03    4.06843e+02   -1.08701e+01
   Constr. rmsd
    2.89474e-06

           Step           Time
          31000       31.00000

   Energies (kJ/mol)
           Bond          Angle    Proper Dih. Per. Imp. Dih.          LJ-14
    8.97394e+02    1.89402e+03    2.51963e+03    8.31041e+01    8.92720e+02
     Coulomb-14        LJ (SR)   Coulomb (SR)   Coul. recip.      Potential
    6.62483e+03   -5.96691e+02   -6.40960e+03    8.30994e+01    5.98850e+03
    Kinetic En.   Total Energy  Conserved En.    Temperature Pressure (bar)
    3.76295e+03    9.75145e+03    9.15140e+03    4.07362e+02   -1.51169e+01
   Constr. rmsd
    2.94654e-06

           Step           Time
          31500       31.50000

   Energies (kJ/mol)
           Bond          Angle    Proper Dih. Per. Imp. Dih.          LJ-14
    8.07697e+02    1.80283e+03    2.37818e+03    7.94924e+01    9.34691e+02
     Coulomb-14        LJ (SR)   Coulomb (SR)   Coul. recip.      Potential
    6.63531e+03   -6.34382e+02   -6.43112e+03    8.56204e+01    5.65832e+03
    Kinetic En.   Total Energy  Conserved En.    Temperature Pressure (bar)
    3.89206e+03    9.55039e+03    9.14840e+03    4.21339e+02    1.86916e+01
   Constr. rmsd
    2.82285e-06

           Step           Time
          32000       32.00000

   Energies (kJ/mol)
           Bond          Angle    Proper Dih. Per. Imp. Dih.          LJ-14
    8.90172e+02    1.74397e+03    2.40496e+03    6.96142e+01    9.11670e+02
     Coulomb-14        LJ (SR)   Coulomb (SR)   Coul. recip.      Potential
    6.67419e+03   -6.27401e+02   -6.44314e+03    8.32634e+01    5.70729e+03
    Kinetic En.   Total Energy  Conserved En.    Temperature Pressure (bar)
    3.77539e+03    9.48268e+03    9.14866e+03    4.08708e+02   -1.40405e+01
   Constr. rmsd
    2.85225e-06

           Step           Time
          32500       32.50000

   Energies (kJ/mol)
           Bond          Angle    Proper Dih. Per. Imp. Dih.          LJ-14
    9.66205e+02    1.93132e+03    2.55107e+03    9.77347e+01    9.04934e+02
     Coulomb-14        LJ (SR)   Coulomb (SR)   Coul. recip.      Potential
    6.65550e+03   -6.34539e+02   -6.44312e+03    8.29300e+01    6.11204e+03
    Kinetic En.   Total Energy  Conserved En.    Temperature Pressure (bar)
    3.70979e+03    9.82183e+03    9.15068e+03    4.01607e+02   -1.07221e+01
   Constr. rmsd
    2.70921e-06

           Step           Time
          33000       33.00000

   Energies (kJ/mol)
           Bond          Angle    Proper Dih. Per. Imp. Dih.          LJ-14
    9.12844e+02    1.77048e+03    2.49405e+03    1.21756e+02    9.62230e+02
     Coulomb-14        LJ (SR)   Coulomb (SR)   Coul. recip.      Potential
    6.59564e+03   -5.88358e+02   -6.40500e+03    8.25378e+01    5.94618e+03
    Kinetic En.   Total Energy  Conserved En.    Temperature Pressure (bar)
    3.68717e+03    9.63336e+03    9.15118e+03    3.99158e+02    2.22371e+00
   Constr. rmsd
    2.89708e-06

           Step           Time
          33500       33.50000

   Energies (kJ/mol)
           Bond          Angle    Proper Dih. Per. Imp. Dih.          LJ-14
    9.02680e+02    1.87094e+03    2.44027e+03    1.12493e+02    8.93576e+02
     Coulomb-14        LJ (SR)   Coulomb (SR)   Coul. recip.      Potential
    6.64713e+03   -5.83667e+02   -6.48785e+03    7.99862e+01    5.87556e+03
    Kinetic En.   Total Energy  Conserved En.    Temperature Pressure (bar)
    3.88565e+03    9.76121e+03    9.14679e+03    4.20645e+02   -1.60213e+01
   Constr. rmsd
    2.85215e-06

           Step           Time
          34000       34.00000

   Energies (kJ/mol)
           Bond          Angle    Proper Dih. Per. Imp. Dih.          LJ-14
    8.46806e+02    1.81018e+03    2.39743e+03    8.48913e+01    9.27760e+02
     Coulomb-14        LJ (SR)   Coulomb (SR)   Coul. recip.      Potential
    6.65239e+03   -6.43961e+02   -6.42794e+03    8.12020e+01    5.72876e+03
    Kinetic En.   Total Energy  Conserved En.    Temperature Pressure (bar)
    3.88470e+03    9.61346e+03    9.14503e+03    4.20542e+02    1.87460e+01
   Constr. rmsd
    2.89218e-06

           Step           Time
          34500       34.50000

   Energies (kJ/mol)
           Bond          Angle    Proper Dih. Per. Imp. Dih.          LJ-14
    9.34704e+02    1.90423e+03    2.42504e+03    8.16586e+01    9.02966e+02
     Coulomb-14        LJ (SR)   Coulomb (SR)   Coul. recip.      Potential
    6.60795e+03   -6.43223e+02   -6.39560e+03    8.20781e+01    5.89979e+03
    Kinetic En.   Total Energy  Conserved En.    Temperature Pressure (bar)
    3.65131e+03    9.55111e+03    9.14776e+03    3.95276e+02    6.54779e+00
   Constr. rmsd
    2.85784e-06

           Step           Time
          35000       35.00000

   Energies (kJ/mol)
           Bond          Angle    Proper Dih. Per. Imp. Dih.          LJ-14
    8.72580e+02    1.80686e+03    2.49142e+03    9.10371e+01    8.84205e+02
     Coulomb-14        LJ (SR)   Coulomb (SR)   Coul. recip.      Potential
    6.63952e+03   -7.10250e+02   -6.42928e+03    8.74827e+01    5.73358e+03
    Kinetic En.   Total Energy  Conserved En.    Temperature Pressure (bar)
    3.80620e+03    9.53978e+03    9.14664e+03    4.12043e+02   -4.70242e+00
   Constr. rmsd
    2.83300e-06

           Step           Time
          35500       35.50000

   Energies (kJ/mol)
           Bond          Angle    Proper Dih. Per. Imp. Dih.          LJ-14
    9.18257e+02    1.84390e+03    2.29319e+03    5.88357e+01    9.24886e+02
     Coulomb-14        LJ (SR)   Coulomb (SR)   Coul. recip.      Potential
    6.65690e+03   -6.94057e+02   -6.48630e+03    8.47078e+01    5.60032e+03
    Kinetic En.   Total Energy  Conserved En.    Temperature Pressure (bar)
    3.55045e+03    9.15076e+03    9.15010e+03    3.84357e+02   -1.29805e+01
   Constr. rmsd
    2.62618e-06

           Step           Time
          36000       36.00000

   Energies (kJ/mol)
           Bond          Angle    Proper Dih. Per. Imp. Dih.          LJ-14
    9.06395e+02    2.00286e+03    2.43693e+03    8.76906e+01    8.64145e+02
     Coulomb-14        LJ (SR)   Coulomb (SR)   Coul. recip.      Potential
    6.64994e+03   -7.39914e+02   -6.43065e+03    9.57410e+01    5.87313e+03
    Kinetic En.   Total Energy  Conserved En.    Temperature Pressure (bar)
    3.74235e+03    9.61549e+03    9.15045e+03    4.05132e+02   -1.70650e+01
   Constr. rmsd
    2.92561e-06

           Step           Time
          36500       36.50000

   Energies (kJ/mol)
           Bond          Angle    Proper Dih. Per. Imp. Dih.          LJ-14
    8.31316e+02    1.80007e+03    2.42607e+03    6.58208e+01    9.29680e+02
     Coulomb-14        LJ (SR)   Coulomb (SR)   Coul. recip.      Potential
    6.67864e+03   -7.68759e+02   -6.46281e+03    9.56716e+01    5.59571e+03
    Kinetic En.   Total Energy  Conserved En.    Temperature Pressure (bar)
    3.65999e+03    9.25570e+03    9.14469e+03    3.96216e+02    2.74848e+01
   Constr. rmsd
    3.01661e-06

           Step           Time
          37000       37.00000

   Energies (kJ/mol)
           Bond          Angle    Proper Dih. Per. Imp. Dih.          LJ-14
    8.43701e+02    1.98657e+03    2.40660e+03    7.18435e+01    9.16498e+02
     Coulomb-14        LJ (SR)   Coulomb (SR)   Coul. recip.      Potential
    6.64980e+03   -7.19808e+02   -6.42815e+03    9.06377e+01    5.81769e+03
    Kinetic En.   Total Energy  Conserved En.    Temperature Pressure (bar)
    3.69336e+03    9.51105e+03    9.14934e+03    3.99829e+02    1.61091e+00
   Constr. rmsd
    2.92197e-06

           Step           Time
          37500       37.50000

   Energies (kJ/mol)
           Bond          Angle    Proper Dih. Per. Imp. Dih.          LJ-14
    9.20269e+02    1.79914e+03    2.53192e+03    9.67022e+01    8.75183e+02
     Coulomb-14        LJ (SR)   Coulomb (SR)   Coul. recip.      Potential
    6.65252e+03   -7.96354e+02   -6.44131e+03    9.12953e+01    5.72936e+03
    Kinetic En.   Total Energy  Conserved En.    Temperature Pressure (bar)
    3.53921e+03    9.26857e+03    9.15038e+03    3.83140e+02   -3.22254e+01
   Constr. rmsd
    2.84510e-06

           Step           Time
          38000       38.00000

   Energies (kJ/mol)
           Bond          Angle    Proper Dih. Per. Imp. Dih.          LJ-14
    9.36628e+02    1.80059e+03    2.42765e+03    7.48897e+01    9.26593e+02
     Coulomb-14        LJ (SR)   Coulomb (SR)   Coul. recip.      Potential
    6.67499e+03   -7.36643e+02   -6.47331e+03    8.71490e+01    5.71854e+03
    Kinetic En.   Total Energy  Conserved En.    Temperature Pressure (bar)
    3.67133e+03    9.38987e+03    9.14788e+03    3.97443e+02   -5.63805e-01
   Constr. rmsd
    2.83592e-06

           Step           Time
          38500       38.50000

   Energies (kJ/mol)
           Bond          Angle    Proper Dih. Per. Imp. Dih.          LJ-14
    8.72594e+02    1.88589e+03    2.43701e+03    9.60234e+01    8.97873e+02
     Coulomb-14        LJ (SR)   Coulomb (SR)   Coul. recip.      Potential
    6.67474e+03   -7.85264e+02   -6.45268e+03    8.91194e+01    5.71530e+03
    Kinetic En.   Total Energy  Conserved En.    Temperature Pressure (bar)
    3.76775e+03    9.48305e+03    9.14863e+03    4.07882e+02   -8.07559e-01
   Constr. rmsd
    2.93234e-06

           Step           Time
          39000       39.00000

   Energies (kJ/mol)
           Bond          Angle    Proper Dih. Per. Imp. Dih.          LJ-14
    8.40254e+02    1.70895e+03    2.44813e+03    8.75399e+01    9.29697e+02
     Coulomb-14        LJ (SR)   Coulomb (SR)   Coul. recip.      Potential
    6.69370e+03   -8.01594e+02   -6.45447e+03    9.10323e+01    5.54325e+03
    Kinetic En.   Total Energy  Conserved En.    Temperature Pressure (bar)
    3.62492e+03    9.16816e+03    9.14706e+03    3.92419e+02    9.88710e+00
   Constr. rmsd
    3.02127e-06

           Step           Time
          39500       39.50000

   Energies (kJ/mol)
           Bond          Angle    Proper Dih. Per. Imp. Dih.          LJ-14
    9.20421e+02    1.83679e+03    2.48336e+03    7.19043e+01    9.03339e+02
     Coulomb-14        LJ (SR)   Coulomb (SR)   Coul. recip.      Potential
    6.60986e+03   -8.17967e+02   -6.41648e+03    7.74243e+01    5.66865e+03
    Kinetic En.   Total Energy  Conserved En.    Temperature Pressure (bar)
    3.63399e+03    9.30264e+03    9.14599e+03    3.93401e+02   -6.42147e+00
   Constr. rmsd
    3.05170e-06

           Step           Time
          40000       40.00000

   Energies (kJ/mol)
           Bond          Angle    Proper Dih. Per. Imp. Dih.          LJ-14
    9.04179e+02    1.90757e+03    2.49440e+03    8.48891e+01    8.67317e+02
     Coulomb-14        LJ (SR)   Coulomb (SR)   Coul. recip.      Potential
    6.62570e+03   -9.27423e+02   -6.40113e+03    9.04060e+01    5.64591e+03
    Kinetic En.   Total Energy  Conserved En.    Temperature Pressure (bar)
    3.60691e+03    9.25282e+03    9.14766e+03    3.90470e+02   -1.41274e+01
   Constr. rmsd
    2.81464e-06

           Step           Time
          40500       40.50000

   Energies (kJ/mol)
           Bond          Angle    Proper Dih. Per. Imp. Dih.          LJ-14
    9.30373e+02    1.84423e+03    2.43347e+03    8.20839e+01    9.81172e+02
     Coulomb-14        LJ (SR)   Coulomb (SR)   Coul. recip.      Potential
    6.64799e+03   -8.25181e+02   -6.45043e+03    8.91399e+01    5.73285e+03
    Kinetic En.   Total Energy  Conserved En.    Temperature Pressure (bar)
    3.73648e+03    9.46934e+03    9.14826e+03    4.04497e+02   -4.26518e+00
   Constr. rmsd
    2.96283e-06

           Step           Time
          41000       41.00000

   Energies (kJ/mol)
           Bond          Angle    Proper Dih. Per. Imp. Dih.          LJ-14
    8.54075e+02    1.88347e+03    2.44724e+03    7.38112e+01    9.08046e+02
     Coulomb-14        LJ (SR)   Coulomb (SR)   Coul. recip.      Potential
    6.65492e+03   -8.68907e+02   -6.48285e+03    8.66032e+01    5.55641e+03
    Kinetic En.   Total Energy  Conserved En.    Temperature Pressure (bar)
    3.71094e+03    9.26735e+03    9.14856e+03    4.01731e+02   -1.07268e+01
   Constr. rmsd
    2.99263e-06

           Step           Time
          41500       41.50000

   Energies (kJ/mol)
           Bond          Angle    Proper Dih. Per. Imp. Dih.          LJ-14
    1.00579e+03    1.86396e+03    2.43411e+03    9.70909e+01    8.53220e+02
     Coulomb-14        LJ (SR)   Coulomb (SR)   Coul. recip.      Potential
    6.65258e+03   -9.40439e+02   -6.43708e+03    8.36833e+01    5.61291e+03
    Kinetic En.   Total Energy  Conserved En.    Temperature Pressure (bar)
    3.88731e+03    9.50022e+03    9.14776e+03    4.20824e+02   -1.38224e+01
   Constr. rmsd
    2.93226e-06

           Step           Time
          42000       42.00000

   Energies (kJ/mol)
           Bond          Angle    Proper Dih. Per. Imp. Dih.          LJ-14
    9.41050e+02    1.90347e+03    2.48962e+03    6.05532e+01    9.23866e+02
     Coulomb-14        LJ (SR)   Coulomb (SR)   Coul. recip.      Potential
    6.67676e+03   -9.48532e+02   -6.44602e+03    8.52671e+01    5.68603e+03
    Kinetic En.   Total Energy  Conserved En.    Temperature Pressure (bar)
    3.46653e+03    9.15256e+03    9.15507e+03    3.75272e+02   -1.40762e+01
   Constr. rmsd
    3.13950e-06

           Step           Time
          42500       42.50000

   Energies (kJ/mol)
           Bond          Angle    Proper Dih. Per. Imp. Dih.          LJ-14
    9.15589e+02    1.84836e+03    2.40398e+03    7.51632e+01    8.98430e+02
     Coulomb-14        LJ (SR)   Coulomb (SR)   Coul. recip.      Potential
    6.60248e+03   -9.66117e+02   -6.42677e+03    8.99421e+01    5.44106e+03
    Kinetic En.   Total Energy  Conserved En.    Temperature Pressure (bar)
    3.84871e+03    9.28977e+03    9.14907e+03    4.16646e+02   -2.30768e+01
   Constr. rmsd
    3.02265e-06

           Step           Time
          43000       43.00000

   Energies (kJ/mol)
           Bond          Angle    Proper Dih. Per. Imp. Dih.          LJ-14
    8.78000e+02    1.91175e+03    2.46837e+03    9.67869e+01    9.47814e+02
     Coulomb-14        LJ (SR)   Coulomb (SR)   Coul. recip.      Potential
    6.71958e+03   -9.37605e+02   -6.48806e+03    9.23571e+01    5.68900e+03
    Kinetic En.   Total Energy  Conserved En.    Temperature Pressure (bar)
    3.80588e+03    9.49488e+03    9.15008e+03    4.12009e+02    2.66102e+01
   Constr. rmsd
    2.92891e-06

           Step           Time
          43500       43.50000

   Energies (kJ/mol)
           Bond          Angle    Proper Dih. Per. Imp. Dih.          LJ-14
    9.04611e+02    1.96584e+03    2.44399e+03    8.53709e+01    9.19415e+02
     Coulomb-14        LJ (SR)   Coulomb (SR)   Coul. recip.      Potential
    6.71992e+03   -9.53637e+02   -6.51222e+03    9.46231e+01    5.66792e+03
    Kinetic En.   Total Energy  Conserved En.    Temperature Pressure (bar)
    3.62067e+03    9.28859e+03    9.15446e+03    3.91959e+02   -5.20851e+00
   Constr. rmsd
    3.11239e-06

           Step           Time
          44000       44.00000

   Energies (kJ/mol)
           Bond          Angle    Proper Dih. Per. Imp. Dih.          LJ-14
    8.82421e+02    1.89147e+03    2.43438e+03    8.32317e+01    9.00753e+02
     Coulomb-14        LJ (SR)   Coulomb (SR)   Coul. recip.      Potential
    6.70621e+03   -9.95190e+02   -6.52081e+03    8.80348e+01    5.47050e+03
    Kinetic En.   Total Energy  Conserved En.    Temperature Pressure (bar)
    3.64535e+03    9.11586e+03    9.15127e+03    3.94631e+02   -1.82908e+01
   Constr. rmsd
    2.91455e-06

           Step           Time
          44500       44.50000

   Energies (kJ/mol)
           Bond          Angle    Proper Dih. Per. Imp. Dih.          LJ-14
    9.27842e+02    1.80465e+03    2.42420e+03    7.28128e+01    9.17225e+02
     Coulomb-14        LJ (SR)   Coulomb (SR)   Coul. recip.      Potential
    6.69699e+03   -1.06426e+03   -6.47451e+03    8.95165e+01    5.39447e+03
    Kinetic En.   Total Energy  Conserved En.    Temperature Pressure (bar)
    3.69414e+03    9.08862e+03    9.14882e+03    3.99913e+02   -1.91812e+01
   Constr. rmsd
    3.01395e-06

           Step           Time
          45000       45.00000

   Energies (kJ/mol)
           Bond          Angle    Proper Dih. Per. Imp. Dih.          LJ-14
    9.21196e+02    1.87203e+03    2.51671e+03    1.16707e+02    9.08980e+02
     Coulomb-14        LJ (SR)   Coulomb (SR)   Coul. recip.      Potential
    6.65587e+03   -1.08866e+03   -6.44544e+03    9.13108e+01    5.54870e+03
    Kinetic En.   Total Energy  Conserved En.    Temperature Pressure (bar)
    3.80570e+03    9.35440e+03    9.15206e+03    4.11989e+02   -4.89327e-02
   Constr. rmsd
    3.10323e-06

           Step           Time
          45500       45.50000

   Energies (kJ/mol)
           Bond          Angle    Proper Dih. Per. Imp. Dih.          LJ-14
    8.86248e+02    1.93234e+03    2.59999e+03    1.13229e+02    9.32672e+02
     Coulomb-14        LJ (SR)   Coulomb (SR)   Coul. recip.      Potential
    6.68470e+03   -1.08324e+03   -6.45325e+03    9.08603e+01    5.70354e+03
    Kinetic En.   Total Energy  Conserved En.    Temperature Pressure (bar)
    3.72340e+03    9.42695e+03    9.15198e+03    4.03081e+02    1.28484e+00
   Constr. rmsd
    3.14435e-06

           Step           Time
          46000       46.00000

   Energies (kJ/mol)
           Bond          Angle    Proper Dih. Per. Imp. Dih.          LJ-14
    1.00184e+03    1.80629e+03    2.53465e+03    1.07347e+02    8.88765e+02
     Coulomb-14        LJ (SR)   Coulomb (SR)   Coul. recip.      Potential
    6.68819e+03   -1.10184e+03   -6.51121e+03    8.65786e+01    5.50061e+03
    Kinetic En.   Total Energy  Conserved En.    Temperature Pressure (bar)
    3.66092e+03    9.16153e+03    9.15301e+03    3.96316e+02   -2.98174e+01
   Constr. rmsd
    3.25338e-06

           Step           Time
          46500       46.50000

   Energies (kJ/mol)
           Bond          Angle    Proper Dih. Per. Imp. Dih.          LJ-14
    8.10038e+02    1.85999e+03    2.47093e+03    1.15531e+02    9.36339e+02
     Coulomb-14        LJ (SR)   Coulomb (SR)   Coul. recip.      Potential
    6.65417e+03   -1.06214e+03   -6.48580e+03    8.04213e+01    5.37948e+03
    Kinetic En.   Total Energy  Conserved En.    Temperature Pressure (bar)
    3.60689e+03    8.98638e+03    9.15184e+03    3.90467e+02    9.23010e+00
   Constr. rmsd
    3.15813e-06

           Step           Time
          47000       47.00000

   Energies (kJ/mol)
           Bond          Angle    Proper Dih. Per. Imp. Dih.          LJ-14
    8.71275e+02    1.99239e+03    2.56621e+03    1.31835e+02    9.09900e+02
     Coulomb-14        LJ (SR)   Coulomb (SR)   Coul. recip.      Potential
    6.65212e+03   -1.10272e+03   -6.44624e+03    7.95947e+01    5.65437e+03
    Kinetic En.   Total Energy  Conserved En.    Temperature Pressure (bar)
    3.64205e+03    9.29642e+03    9.15232e+03    3.94274e+02    4.32023e+00
   Constr. rmsd
    3.11336e-06

           Step           Time
          47500       47.50000

   Energies (kJ/mol)
           Bond          Angle    Proper Dih. Per. Imp. Dih.          LJ-14
    9.30456e+02    2.05409e+03    2.56690e+03    6.98428e+01    9.10896e+02
     Coulomb-14        LJ (SR)   Coulomb (SR)   Coul. recip.      Potential
    6.64203e+03   -1.09273e+03   -6.43285e+03    8.35022e+01    5.73214e+03
    Kinetic En.   Total Energy  Conserved En.    Temperature Pressure (bar)
    3.80199e+03    9.53412e+03    9.15493e+03    4.11588e+02    5.61274e+00
   Constr. rmsd
    3.04984e-06

           Step           Time
          48000       48.00000

   Energies (kJ/mol)
           Bond          Angle    Proper Dih. Per. Imp. Dih.          LJ-14
    9.01774e+02    2.03920e+03    2.54816e+03    8.84851e+01    9.04769e+02
     Coulomb-14        LJ (SR)   Coulomb (SR)   Coul. recip.      Potential
    6.63272e+03   -1.12640e+03   -6.42376e+03    8.83570e+01    5.65331e+03
    Kinetic En.   Total Energy  Conserved En.    Temperature Pressure (bar)
    3.66318e+03    9.31648e+03    9.15504e+03    3.96561e+02    1.42887e-01
   Constr. rmsd
    3.31368e-06

           Step           Time
          48500       48.50000

   Energies (kJ/mol)
           Bond          Angle    Proper Dih. Per. Imp. Dih.          LJ-14
    8.55446e+02    1.94770e+03    2.55579e+03    8.42312e+01    9.00251e+02
     Coulomb-14        LJ (SR)   Coulomb (SR)   Coul. recip.      Potential
    6.63385e+03   -1.13388e+03   -6.42189e+03    8.17731e+01    5.50327e+03
    Kinetic En.   Total Energy  Conserved En.    Temperature Pressure (bar)
    3.75932e+03    9.26259e+03    9.15233e+03    4.06969e+02    1.31326e+00
   Constr. rmsd
    3.01904e-06

           Step           Time
          49000       49.00000

   Energies (kJ/mol)
           Bond          Angle    Proper Dih. Per. Imp. Dih.          LJ-14
    8.72992e+02    1.94334e+03    2.53491e+03    7.85612e+01    9.47596e+02
     Coulomb-14        LJ (SR)   Coulomb (SR)   Coul. recip.      Potential
    6.63311e+03   -1.00763e+03   -6.43802e+03    8.69686e+01    5.65182e+03
    Kinetic En.   Total Energy  Conserved En.    Temperature Pressure (bar)
    3.59167e+03    9.24349e+03    9.15563e+03    3.88820e+02   -1.57017e-01
   Constr. rmsd
    3.14502e-06

           Step           Time
          49500       49.50000

   Energies (kJ/mol)
           Bond          Angle    Proper Dih. Per. Imp. Dih.          LJ-14
    9.54028e+02    1.93196e+03    2.61225e+03    6.51612e+01    9.39199e+02
     Coulomb-14        LJ (SR)   Coulomb (SR)   Coul. recip.      Potential
    6.67402e+03   -1.02180e+03   -6.47368e+03    8.14354e+01    5.76258e+03
    Kinetic En.   Total Energy  Conserved En.    Temperature Pressure (bar)
    3.91919e+03    9.68177e+03    9.15159e+03    4.24276e+02    1.08783e+01
   Constr. rmsd
    3.21171e-06

           Step           Time
          50000       50.00000

   Energies (kJ/mol)
           Bond          Angle    Proper Dih. Per. Imp. Dih.          LJ-14
    8.42610e+02    1.92895e+03    2.56320e+03    1.08223e+02    9.45158e+02
     Coulomb-14        LJ (SR)   Coulomb (SR)   Coul. recip.      Potential
    6.62143e+03   -1.01779e+03   -6.44443e+03    8.34128e+01    5.63075e+03
    Kinetic En.   Total Energy  Conserved En.    Temperature Pressure (bar)
    3.59035e+03    9.22111e+03    9.15423e+03    3.88677e+02    1.35888e+01
   Constr. rmsd
    3.17247e-06

           Step           Time
          50500       50.50000

   Energies (kJ/mol)
           Bond          Angle    Proper Dih. Per. Imp. Dih.          LJ-14
    8.83338e+02    1.91047e+03    2.48201e+03    9.68018e+01    9.29079e+02
     Coulomb-14        LJ (SR)   Coulomb (SR)   Coul. recip.      Potential
    6.66934e+03   -9.85507e+02   -6.48975e+03    7.94538e+01    5.57524e+03
    Kinetic En.   Total Energy  Conserved En.    Temperature Pressure (bar)
    3.45126e+03    9.02650e+03    9.15760e+03    3.73619e+02   -2.81176e+00
   Constr. rmsd
    3.03952e-06

           Step           Time
          51000       51.00000

   Energies (kJ/mol)
           Bond          Angle    Proper Dih. Per. Imp. Dih.          LJ-14
    9.46221e+02    1.86755e+03    2.50011e+03    7.19111e+01    8.94264e+02
     Coulomb-14        LJ (SR)   Coulomb (SR)   Coul. recip.      Potential
    6.65543e+03   -1.10543e+03   -6.49265e+03    8.48927e+01    5.42230e+03
    Kinetic En.   Total Energy  Conserved En.    Temperature Pressure (bar)
    3.72410e+03    9.14640e+03    9.15233e+03    4.03156e+02   -2.56510e+01
   Constr. rmsd
    3.29279e-06

           Step           Time
          51500       51.50000

   Energies (kJ/mol)
           Bond          Angle    Proper Dih. Per. Imp. Dih.          LJ-14
    8.53772e+02    1.91739e+03    2.54515e+03    7.54342e+01    9.08239e+02
     Coulomb-14        LJ (SR)   Coulomb (SR)   Coul. recip.      Potential
    6.64776e+03   -1.09243e+03   -6.47586e+03    7.78634e+01    5.45731e+03
    Kinetic En.   Total Energy  Conserved En.    Temperature Pressure (bar)
    3.64750e+03    9.10481e+03    9.15369e+03    3.94864e+02    3.38459e+00
   Constr. rmsd
    3.21514e-06

           Step           Time
          52000       52.00000

   Energies (kJ/mol)
           Bond          Angle    Proper Dih. Per. Imp. Dih.          LJ-14
    8.46062e+02    1.96105e+03    2.37182e+03    9.23901e+01    9.36252e+02
     Coulomb-14        LJ (SR)   Coulomb (SR)   Coul. recip.      Potential
    6.60632e+03   -1.02900e+03   -6.43194e+03    8.05162e+01    5.43346e+03
    Kinetic En.   Total Energy  Conserved En.    Temperature Pressure (bar)
    3.57533e+03    9.00879e+03    9.15565e+03    3.87050e+02    1.04023e+01
   Constr. rmsd
    3.05137e-06

           Step           Time
          52500       52.50000

   Energies (kJ/mol)
           Bond          Angle    Proper Dih. Per. Imp. Dih.          LJ-14
    8.31019e+02    1.83203e+03    2.50930e+03    6.70827e+01    8.99435e+02
     Coulomb-14        LJ (SR)   Coulomb (SR)   Coul. recip.      Potential
    6.66151e+03   -1.10206e+03   -6.47628e+03    9.19967e+01    5.31403e+03
    Kinetic En.   Total Energy  Conserved En.    Temperature Pressure (bar)
    3.61552e+03    8.92954e+03    9.15371e+03    3.91401e+02    1.90574e+00
   Constr. rmsd
    3.08166e-06

           Step           Time
          53000       53.00000

   Energies (kJ/mol)
           Bond          Angle    Proper Dih. Per. Imp. Dih.          LJ-14
    8.14301e+02    1.88352e+03    2.43841e+03    7.38334e+01    9.63703e+02
     Coulomb-14        LJ (SR)   Coulomb (SR)   Coul. recip.      Potential
    6.60525e+03   -1.19068e+03   -6.43414e+03    8.38519e+01    5.23805e+03
    Kinetic En.   Total Energy  Conserved En.    Temperature Pressure (bar)
    3.77254e+03    9.01059e+03    9.15327e+03    4.08399e+02    1.27135e+01
   Constr. rmsd
    3.02384e-06

           Step           Time
          53500       53.50000

   Energies (kJ/mol)
           Bond          Angle    Proper Dih. Per. Imp. Dih.          LJ-14
    8.94150e+02    1.88987e+03    2.43916e+03    7.69578e+01    9.28188e+02
     Coulomb-14        LJ (SR)   Coulomb (SR)   Coul. recip.      Potential
    6.67965e+03   -1.16058e+03   -6.50166e+03    9.05410e+01    5.33628e+03
    Kinetic En.   Total Energy  Conserved En.    Temperature Pressure (bar)
    3.96064e+03    9.29692e+03    9.15467e+03    4.28763e+02    2.50678e+01
   Constr. rmsd
    3.06818e-06

           Step           Time
          54000       54.00000

   Energies (kJ/mol)
           Bond          Angle    Proper Dih. Per. Imp. Dih.          LJ-14
    8.27495e+02    1.94064e+03    2.53505e+03    1.12764e+02    9.24086e+02
     Coulomb-14        LJ (SR)   Coulomb (SR)   Coul. recip.      Potential
    6.71452e+03   -1.16984e+03   -6.50825e+03    9.56417e+01    5.47211e+03
    Kinetic En.   Total Energy  Conserved En.    Temperature Pressure (bar)
    3.76360e+03    9.23572e+03    9.15555e+03    4.07432e+02    3.95983e+00
   Constr. rmsd
    3.24856e-06

           Step           Time
          54500       54.50000

   Energies (kJ/mol)
           Bond          Angle    Proper Dih. Per. Imp. Dih.          LJ-14
    8.66953e+02    2.00837e+03    2.55442e+03    9.40135e+01    9.56957e+02
     Coulomb-14        LJ (SR)   Coulomb (SR)   Coul. recip.      Potential
    6.67240e+03   -1.14282e+03   -6.50780e+03    9.12220e+01    5.59372e+03
    Kinetic En.   Total Energy  Conserved En.    Temperature Pressure (bar)
    3.84539e+03    9.43912e+03    9.15528e+03    4.16287e+02    6.70522e+00
   Constr. rmsd
    2.95043e-06

           Step           Time
          55000       55.00000

   Energies (kJ/mol)
           Bond          Angle    Proper Dih. Per. Imp. Dih.          LJ-14
    9.62276e+02    2.03653e+03    2.48276e+03    7.31905e+01    9.05754e+02
     Coulomb-14        LJ (SR)   Coulomb (SR)   Coul. recip.      Potential
    6.65561e+03   -1.25262e+03   -6.46531e+03    8.35768e+01    5.48176e+03
    Kinetic En.   Total Energy  Conserved En.    Temperature Pressure (bar)
    4.00064e+03    9.48240e+03    9.15612e+03    4.33093e+02    1.68394e+00
   Constr. rmsd
    3.20637e-06

           Step           Time
          55500       55.50000

   Energies (kJ/mol)
           Bond          Angle    Proper Dih. Per. Imp. Dih.          LJ-14
    9.38686e+02    1.91811e+03    2.42659e+03    6.16456e+01    9.26730e+02
     Coulomb-14        LJ (SR)   Coulomb (SR)   Coul. recip.      Potential
    6.67140e+03   -1.21391e+03   -6.46526e+03    7.20440e+01    5.33605e+03
    Kinetic En.   Total Energy  Conserved En.    Temperature Pressure (bar)
    3.67479e+03    9.01083e+03    9.15793e+03    3.97818e+02    1.08325e+01
   Constr. rmsd
    3.14714e-06

           Step           Time
          56000       56.00000

   Energies (kJ/mol)
           Bond          Angle    Proper Dih. Per. Imp. Dih.          LJ-14
    8.95447e+02    1.91129e+03    2.48506e+03    7.33129e+01    8.94148e+02
     Coulomb-14        LJ (SR)   Coulomb (SR)   Coul. recip.      Potential
    6.65378e+03   -1.32556e+03   -6.47291e+03    7.61834e+01    5.19074e+03
    Kinetic En.   Total Energy  Conserved En.    Temperature Pressure (bar)
    3.62121e+03    8.81195e+03    9.15711e+03    3.92018e+02    6.08584e+00
   Constr. rmsd
    3.03103e-06

           Step           Time
          56500       56.50000

   Energies (kJ/mol)
           Bond          Angle    Proper Dih. Per. Imp. Dih.          LJ-14
    8.37368e+02    1.78161e+03    2.54990e+03    9.61580e+01    8.87478e+02
     Coulomb-14        LJ (SR)   Coulomb (SR)   Coul. recip.      Potential
    6.68722e+03   -1.25953e+03   -6.48043e+03    7.99653e+01    5.17974e+03
    Kinetic En.   Total Energy  Conserved En.    Temperature Pressure (bar)
    3.65618e+03    8.83592e+03    9.15560e+03    3.95803e+02   -1.99441e+01
   Constr. rmsd
    3.55966e-06

           Step           Time
          57000       57.00000

   Energies (kJ/mol)
           Bond          Angle    Proper Dih. Per. Imp. Dih.          LJ-14
    8.49013e+02    1.73495e+03    2.44692e+03    7.50259e+01    8.98905e+02
     Coulomb-14        LJ (SR)   Coulomb (SR)   Coul. recip.      Potential
    6.65789e+03   -1.20374e+03   -6.49647e+03    8.15502e+01    5.04405e+03
    Kinetic En.   Total Energy  Conserved En.    Temperature Pressure (bar)
    3.68283e+03    8.72688e+03    9.15457e+03    3.98688e+02   -1.08327e+01
   Constr. rmsd
    3.24900e-06

           Step           Time
          57500       57.50000

   Energies (kJ/mol)
           Bond          Angle    Proper Dih. Per. Imp. Dih.          LJ-14
    8.66117e+02    1.89543e+03    2.60283e+03    9.01752e+01    9.18539e+02
     Coulomb-14        LJ (SR)   Coulomb (SR)   Coul. recip.      Potential
    6.66532e+03   -1.28087e+03   -6.51531e+03    7.41526e+01    5.31638e+03
    Kinetic En.   Total Energy  Conserved En.    Temperature Pressure (bar)
    3.91547e+03    9.23185e+03    9.15808e+03    4.23873e+02    1.58049e+01
   Constr. rmsd
    2.89118e-06

           Step           Time
          58000       58.00000

   Energies (kJ/mol)
           Bond          Angle    Proper Dih. Per. Imp. Dih.          LJ-14
    9.14482e+02    2.01436e+03    2.56219e+03    9.45959e+01    9.30241e+02
     Coulomb-14        LJ (SR)   Coulomb (SR)   Coul. recip.      Potential
    6.65338e+03   -1.28324e+03   -6.49125e+03    7.46334e+01    5.46939e+03
    Kinetic En.   Total Energy  Conserved En.    Temperature Pressure (bar)
    3.65639e+03    9.12578e+03    9.15886e+03    3.95826e+02   -1.38091e+01
   Constr. rmsd
    2.93045e-06

           Step           Time
          58500       58.50000

   Energies (kJ/mol)
           Bond          Angle    Proper Dih. Per. Imp. Dih.          LJ-14
    8.69917e+02    1.87705e+03    2.49055e+03    7.08726e+01    9.36878e+02
     Coulomb-14        LJ (SR)   Coulomb (SR)   Coul. recip.      Potential
    6.63573e+03   -1.28673e+03   -6.47001e+03    7.52209e+01    5.19948e+03
    Kinetic En.   Total Energy  Conserved En.    Temperature Pressure (bar)
    3.63533e+03    8.83481e+03    9.15702e+03    3.93546e+02   -4.61189e+00
   Constr. rmsd
    3.11182e-06

           Step           Time
          59000       59.00000

   Energies (kJ/mol)
           Bond          Angle    Proper Dih. Per. Imp. Dih.          LJ-14
    8.82904e+02    1.98115e+03    2.44188e+03    7.91442e+01    9.55988e+02
     Coulomb-14        LJ (SR)   Coulomb (SR)   Coul. recip.      Potential
    6.67302e+03   -1.21611e+03   -6.51427e+03    7.73373e+01    5.36104e+03
    Kinetic En.   Total Energy  Conserved En.    Temperature Pressure (bar)
    3.78648e+03    9.14751e+03    9.15781e+03    4.09908e+02    5.85407e+00
   Constr. rmsd
    3.02079e-06

           Step           Time
          59500       59.50000

   Energies (kJ/mol)
           Bond          Angle    Proper Dih. Per. Imp. Dih.          LJ-14
    8.77918e+02    1.76686e+03    2.46813e+03    8.66224e+01    9.64065e+02
     Coulomb-14        LJ (SR)   Coulomb (SR)   Coul. recip.      Potential
    6.69409e+03   -1.20845e+03   -6.50188e+03    7.53457e+01    5.22270e+03
    Kinetic En.   Total Energy  Conserved En.    Temperature Pressure (bar)
    3.81846e+03    9.04116e+03    9.15563e+03    4.13371e+02    1.21267e+01
   Constr. rmsd
    3.16432e-06

           Step           Time
          60000       60.00000

   Energies (kJ/mol)
           Bond          Angle    Proper Dih. Per. Imp. Dih.          LJ-14
    8.34245e+02    1.82881e+03    2.44310e+03    9.47921e+01    9.22192e+02
     Coulomb-14        LJ (SR)   Coulomb (SR)   Coul. recip.      Potential
    6.67376e+03   -1.16569e+03   -6.50406e+03    7.61300e+01    5.20328e+03
    Kinetic En.   Total Energy  Conserved En.    Temperature Pressure (bar)
    3.85496e+03    9.05824e+03    9.15387e+03    4.17322e+02   -1.78104e+00
   Constr. rmsd
    3.21744e-06

           Step           Time
          60500       60.50000

   Energies (kJ/mol)
           Bond          Angle    Proper Dih. Per. Imp. Dih.          LJ-14
    8.94658e+02    1.97309e+03    2.54619e+03    9.04681e+01    9.06016e+02
     Coulomb-14        LJ (SR)   Coulomb (SR)   Coul. recip.      Potential
    6.66805e+03   -1.22525e+03   -6.46929e+03    7.93007e+01    5.46324e+03
    Kinetic En.   Total Energy  Conserved En.    Temperature Pressure (bar)
    3.64560e+03    9.10884e+03    9.15848e+03    3.94658e+02   -8.68235e+00
   Constr. rmsd
    3.18351e-06

           Step           Time
          61000       61.00000

   Energies (kJ/mol)
           Bond          Angle    Proper Dih. Per. Imp. Dih.          LJ-14
    8.65141e+02    1.84112e+03    2.54898e+03    8.47201e+01    8.93978e+02
     Coulomb-14        LJ (SR)   Coulomb (SR)   Coul. recip.      Potential
    6.65557e+03   -1.25803e+03   -6.48821e+03    7.38348e+01    5.21711e+03
    Kinetic En.   Total Energy  Conserved En.    Temperature Pressure (bar)
    3.88896e+03    9.10607e+03    9.15436e+03    4.21003e+02   -1.37042e+01
   Constr. rmsd
    3.44277e-06

           Step           Time
          61500       61.50000

   Energies (kJ/mol)
           Bond          Angle    Proper Dih. Per. Imp. Dih.          LJ-14
    9.16229e+02    1.97492e+03    2.63334e+03    1.01659e+02    9.00061e+02
     Coulomb-14        LJ (SR)   Coulomb (SR)   Coul. recip.      Potential
    6.64691e+03   -1.25558e+03   -6.47894e+03    7.65245e+01    5.51512e+03
    Kinetic En.   Total Energy  Conserved En.    Temperature Pressure (bar)
    3.55961e+03    9.07474e+03    9.15752e+03    3.85349e+02   -2.52847e+01
   Constr. rmsd
    2.95397e-06

           Step           Time
          62000       62.00000

   Energies (kJ/mol)
           Bond          Angle    Proper Dih. Per. Imp. Dih.          LJ-14
    8.87933e+02    1.90426e+03    2.58613e+03    8.94265e+01    9.54065e+02
     Coulomb-14        LJ (SR)   Coulomb (SR)   Coul. recip.      Potential
    6.68093e+03   -1.20651e+03   -6.51786e+03    7.14598e+01    5.44983e+03
    Kinetic En.   Total Energy  Conserved En.    Temperature Pressure (bar)
    3.64027e+03    9.09010e+03    9.15644e+03    3.94081e+02    1.63079e+01
   Constr. rmsd
    3.10816e-06

           Step           Time
          62500       62.50000

   Energies (kJ/mol)
           Bond          Angle    Proper Dih. Per. Imp. Dih.          LJ-14
    8.69402e+02    1.90979e+03    2.55004e+03    8.24109e+01    1.00827e+03
     Coulomb-14        LJ (SR)   Coulomb (SR)   Coul. recip.      Potential
    6.59911e+03   -1.25525e+03   -6.48698e+03    6.42374e+01    5.34102e+03
    Kinetic En.   Total Energy  Conserved En.    Temperature Pressure (bar)
    3.65934e+03    9.00036e+03    9.15867e+03    3.96145e+02    2.79915e+01
   Constr. rmsd
    3.14974e-06

           Step           Time
          63000       63.00000

   Energies (kJ/mol)
           Bond          Angle    Proper Dih. Per. Imp. Dih.          LJ-14
    9.33371e+02    1.85728e+03    2.54629e+03    1.00649e+02    9.41526e+02
     Coulomb-14        LJ (SR)   Coulomb (SR)   Coul. recip.      Potential
    6.54610e+03   -1.31114e+03   -6.42891e+03    5.99130e+01    5.24508e+03
    Kinetic En.   Total Energy  Conserved En.    Temperature Pressure (bar)
    3.80621e+03    9.05128e+03    9.15540e+03    4.12044e+02   -9.11874e+00
   Constr. rmsd
    3.11405e-06

           Step           Time
          63500       63.50000

   Energies (kJ/mol)
           Bond          Angle    Proper Dih. Per. Imp. Dih.          LJ-14
    8.75316e+02    1.75074e+03    2.50968e+03    8.12753e+01    9.20575e+02
     Coulomb-14        LJ (SR)   Coulomb (SR)   Coul. recip.      Potential
    6.57358e+03   -1.34062e+03   -6.41668e+03    6.51249e+01    5.01900e+03
    Kinetic En.   Total Energy  Conserved En.    Temperature Pressure (bar)
    3.93432e+03    8.95331e+03    9.15245e+03    4.25913e+02   -2.71632e+00
   Constr. rmsd
    3.40889e-06

           Step           Time
          64000       64.00000

   Energies (kJ/mol)
           Bond          Angle    Proper Dih. Per. Imp. Dih.          LJ-14
    9.14353e+02    1.81331e+03    2.44435e+03    8.40247e+01    9.27278e+02
     Coulomb-14        LJ (SR)   Coulomb (SR)   Coul. recip.      Potential
    6.59935e+03   -1.21631e+03   -6.46188e+03    6.70878e+01    5.17157e+03
    Kinetic En.   Total Energy  Conserved En.    Temperature Pressure (bar)
    3.66605e+03    8.83762e+03    9.15471e+03    3.96872e+02   -6.40380e+00
   Constr. rmsd
    2.96844e-06

           Step           Time
          64500       64.50000

   Energies (kJ/mol)
           Bond          Angle    Proper Dih. Per. Imp. Dih.          LJ-14
    9.11102e+02    1.89044e+03    2.42777e+03    8.00439e+01    9.14887e+02
     Coulomb-14        LJ (SR)   Coulomb (SR)   Coul. recip.      Potential
    6.61153e+03   -1.26831e+03   -6.44294e+03    6.58282e+01    5.19034e+03
    Kinetic En.   Total Energy  Conserved En.    Temperature Pressure (bar)
    3.73912e+03    8.92946e+03    9.15529e+03    4.04782e+02    7.87968e+00
   Constr. rmsd
    3.18869e-06

           Step           Time
          65000       65.00000

   Energies (kJ/mol)
           Bond          Angle    Proper Dih. Per. Imp. Dih.          LJ-14
    9.93194e+02    1.93307e+03    2.54449e+03    7.53583e+01    8.72776e+02
     Coulomb-14        LJ (SR)   Coulomb (SR)   Coul. recip.      Potential
    6.60069e+03   -1.28419e+03   -6.41849e+03    7.05146e+01    5.38742e+03
    Kinetic En.   Total Energy  Conserved En.    Temperature Pressure (bar)
    3.86667e+03    9.25408e+03    9.15526e+03    4.18590e+02   -2.82021e+01
   Constr. rmsd
    2.76996e-06

           Step           Time
          65500       65.50000

   Energies (kJ/mol)
           Bond          Angle    Proper Dih. Per. Imp. Dih.          LJ-14
    9.12789e+02    1.98070e+03    2.51615e+03    1.00585e+02    9.16176e+02
     Coulomb-14        LJ (SR)   Coulomb (SR)   Coul. recip.      Potential
    6.61782e+03   -1.31639e+03   -6.45015e+03    8.11486e+01    5.35883e+03
    Kinetic En.   Total Energy  Conserved En.    Temperature Pressure (bar)
    3.88989e+03    9.24873e+03    9.15183e+03    4.21104e+02    2.08835e+00
   Constr. rmsd
    2.88958e-06

           Step           Time
          66000       66.00000

   Energies (kJ/mol)
           Bond          Angle    Proper Dih. Per. Imp. Dih.          LJ-14
    8.41595e+02    1.90988e+03    2.49051e+03    1.00945e+02    9.33277e+02
     Coulomb-14        LJ (SR)   Coulomb (SR)   Coul. recip.      Potential
    6.64704e+03   -1.29534e+03   -6.50103e+03    7.52440e+01    5.20212e+03
    Kinetic En.   Total Energy  Conserved En.    Temperature Pressure (bar)
    3.76003e+03    8.96215e+03    9.15440e+03    4.07046e+02    1.75079e+01
   Constr. rmsd
    3.41631e-06

           Step           Time
          66500       66.50000

   Energies (kJ/mol)
           Bond          Angle    Proper Dih. Per. Imp. Dih.          LJ-14
    9.72771e+02    1.95818e+03    2.47798e+03    8.23775e+01    8.54134e+02
     Coulomb-14        LJ (SR)   Coulomb (SR)   Coul. recip.      Potential
    6.67380e+03   -1.31229e+03   -6.47939e+03    7.50919e+01    5.30266e+03
    Kinetic En.   Total Energy  Conserved En.    Temperature Pressure (bar)
    3.87404e+03    9.17670e+03    9.15402e+03    4.19388e+02   -3.58383e+01
   Constr. rmsd
    3.17887e-06

           Step           Time
          67000       67.00000

   Energies (kJ/mol)
           Bond          Angle    Proper Dih. Per. Imp. Dih.          LJ-14
    8.97272e+02    1.89432e+03    2.48317e+03    1.01642e+02    9.45459e+02
     Coulomb-14        LJ (SR)   Coulomb (SR)   Coul. recip.      Potential
    6.72946e+03   -1.24538e+03   -6.61118e+03    7.80698e+01    5.27283e+03
    Kinetic En.   Total Energy  Conserved En.    Temperature Pressure (bar)
    3.75982e+03    9.03265e+03    9.15614e+03    4.07022e+02    2.54090e+01
   Constr. rmsd
    3.00950e-06

           Step           Time
          67500       67.50000

   Energies (kJ/mol)
           Bond          Angle    Proper Dih. Per. Imp. Dih.          LJ-14
    9.25288e+02    1.81283e+03    2.43000e+03    1.00184e+02    9.56896e+02
     Coulomb-14        LJ (SR)   Coulomb (SR)   Coul. recip.      Potential
    6.71996e+03   -1.27174e+03   -6.61739e+03    7.60375e+01    5.13207e+03
    Kinetic En.   Total Energy  Conserved En.    Temperature Pressure (bar)
    3.47606e+03    8.60813e+03    9.15694e+03    3.76304e+02    6.38352e+00
   Constr. rmsd
    3.04039e-06

           Step           Time
          68000       68.00000

   Energies (kJ/mol)
           Bond          Angle    Proper Dih. Per. Imp. Dih.          LJ-14
    8.00664e+02    1.93949e+03    2.49813e+03    1.06500e+02    9.03727e+02
     Coulomb-14        LJ (SR)   Coulomb (SR)   Coul. recip.      Potential
    6.68692e+03   -1.19312e+03   -6.53320e+03    6.95334e+01    5.27865e+03
    Kinetic En.   Total Energy  Conserved En.    Temperature Pressure (bar)
    3.67664e+03    8.95529e+03    9.15552e+03    3.98018e+02    8.69028e+00
   Constr. rmsd
    3.10058e-06

           Step           Time
          68500       68.50000

   Energies (kJ/mol)
           Bond          Angle    Proper Dih. Per. Imp. Dih.          LJ-14
    8.98206e+02    1.84106e+03    2.48293e+03    9.76358e+01    9.17335e+02
     Coulomb-14        LJ (SR)   Coulomb (SR)   Coul. recip.      Potential
    6.72340e+03   -1.24563e+03   -6.57762e+03    7.10402e+01    5.20835e+03
    Kinetic En.   Total Energy  Conserved En.    Temperature Pressure (bar)
    3.90220e+03    9.11055e+03    9.15370e+03    4.22436e+02   -3.86486e+00
   Constr. rmsd
    3.11207e-06

           Step           Time
          69000       69.00000

   Energies (kJ/mol)
           Bond          Angle    Proper Dih. Per. Imp. Dih.          LJ-14
    8.91145e+02    1.84072e+03    2.53348e+03    1.00550e+02    9.53031e+02
     Coulomb-14        LJ (SR)   Coulomb (SR)   Coul. recip.      Potential
    6.71128e+03   -1.24477e+03   -6.59109e+03    7.75291e+01    5.27187e+03
    Kinetic En.   Total Energy  Conserved En.    Temperature Pressure (bar)
    3.72373e+03    8.99560e+03    9.15291e+03    4.03116e+02    1.11884e+01
   Constr. rmsd
    3.13299e-06

           Step           Time
          69500       69.50000

   Energies (kJ/mol)
           Bond          Angle    Proper Dih. Per. Imp. Dih.          LJ-14
    9.45033e+02    1.92025e+03    2.49326e+03    8.28007e+01    8.94202e+02
     Coulomb-14        LJ (SR)   Coulomb (SR)   Coul. recip.      Potential
    6.64965e+03   -1.32526e+03   -6.53923e+03    8.12644e+01    5.20197e+03
    Kinetic En.   Total Energy  Conserved En.    Temperature Pressure (bar)
    3.75607e+03    8.95804e+03    9.15560e+03    4.06617e+02   -3.76829e+01
   Constr. rmsd
    3.09543e-06

           Step           Time
          70000       70.00000

   Energies (kJ/mol)
           Bond          Angle    Proper Dih. Per. Imp. Dih.          LJ-14
    8.51319e+02    2.04484e+03    2.47078e+03    7.66594e+01    8.99439e+02
     Coulomb-14        LJ (SR)   Coulomb (SR)   Coul. recip.      Potential
    6.64672e+03   -1.26771e+03   -6.51534e+03    8.29979e+01    5.28971e+03
    Kinetic En.   Total Energy  Conserved En.    Temperature Pressure (bar)
    3.83341e+03    9.12311e+03    9.15323e+03    4.14989e+02    2.31715e+01
   Constr. rmsd
    3.11025e-06

           Step           Time
          70500       70.50000

   Energies (kJ/mol)
           Bond          Angle    Proper Dih. Per. Imp. Dih.          LJ-14
    9.23316e+02    1.99571e+03    2.44393e+03    8.14894e+01    8.96299e+02
     Coulomb-14        LJ (SR)   Coulomb (SR)   Coul. recip.      Potential
    6.65202e+03   -1.32618e+03   -6.50493e+03    6.95698e+01    5.23123e+03
    Kinetic En.   Total Energy  Conserved En.    Temperature Pressure (bar)
    3.61280e+03    8.84403e+03    9.15645e+03    3.91107e+02   -1.35823e+01
   Constr. rmsd
    3.16930e-06

           Step           Time
          71000       71.00000

   Energies (kJ/mol)
           Bond          Angle    Proper Dih. Per. Imp. Dih.          LJ-14
    9.25510e+02    1.92146e+03    2.49336e+03    8.52476e+01    9.12719e+02
     Coulomb-14        LJ (SR)   Coulomb (SR)   Coul. recip.      Potential
    6.63133e+03   -1.28879e+03   -6.49302e+03    7.21308e+01    5.25995e+03
    Kinetic En.   Total Energy  Conserved En.    Temperature Pressure (bar)
    3.86810e+03    9.12804e+03    9.15276e+03    4.18745e+02   -1.65391e+01
   Constr. rmsd
    3.00698e-06

           Step           Time
          71500       71.50000

   Energies (kJ/mol)
           Bond          Angle    Proper Dih. Per. Imp. Dih.          LJ-14
    9.65409e+02    1.86342e+03    2.45480e+03    8.61282e+01    8.87462e+02
     Coulomb-14        LJ (SR)   Coulomb (SR)   Coul. recip.      Potential
    6.70799e+03   -1.27847e+03   -6.56351e+03    7.55151e+01    5.19874e+03
    Kinetic En.   Total Energy  Conserved En.    Temperature Pressure (bar)
    3.70090e+03    8.89963e+03    9.15678e+03    4.00644e+02   -3.56409e+01
   Constr. rmsd
    3.43403e-06

           Step           Time
          72000       72.00000

   Energies (kJ/mol)
           Bond          Angle    Proper Dih. Per. Imp. Dih.          LJ-14
    9.43139e+02    1.99268e+03    2.47230e+03    8.08130e+01    9.27637e+02
     Coulomb-14        LJ (SR)   Coulomb (SR)   Coul. recip.      Potential
    6.69658e+03   -1.22792e+03   -6.54028e+03    7.35970e+01    5.41854e+03
    Kinetic En.   Total Energy  Conserved En.    Temperature Pressure (bar)
    3.68763e+03    9.10617e+03    9.15894e+03    3.99207e+02   -4.41823e-01
   Constr. rmsd
    3.17844e-06

           Step           Time
          72500       72.50000

   Energies (kJ/mol)
           Bond          Angle    Proper Dih. Per. Imp. Dih.          LJ-14
    9.35793e+02    1.98305e+03    2.43423e+03    1.19415e+02    9.45873e+02
     Coulomb-14        LJ (SR)   Coulomb (SR)   Coul. recip.      Potential
    6.69164e+03   -1.27868e+03   -6.54805e+03    7.25814e+01    5.35586e+03
    Kinetic En.   Total Energy  Conserved En.    Temperature Pressure (bar)
    3.73629e+03    9.09214e+03    9.15734e+03    4.04475e+02    1.00829e+01
   Constr. rmsd
    3.09488e-06

           Step           Time
          73000       73.00000

   Energies (kJ/mol)
           Bond          Angle    Proper Dih. Per. Imp. Dih.          LJ-14
    8.86240e+02    2.09288e+03    2.47587e+03    6.79785e+01    8.98736e+02
     Coulomb-14        LJ (SR)   Coulomb (SR)   Coul. recip.      Potential
    6.63781e+03   -1.34567e+03   -6.50750e+03    8.07146e+01    5.28706e+03
    Kinetic En.   Total Energy  Conserved En.    Temperature Pressure (bar)
    3.65082e+03    8.93788e+03    9.15653e+03    3.95223e+02   -2.28361e+00
   Constr. rmsd
    3.02357e-06

           Step           Time
          73500       73.50000

   Energies (kJ/mol)
           Bond          Angle    Proper Dih. Per. Imp. Dih.          LJ-14
    1.00219e+03    1.84577e+03    2.44372e+03    9.56092e+01    8.96197e+02
     Coulomb-14        LJ (SR)   Coulomb (SR)   Coul. recip.      Potential
    6.64321e+03   -1.25624e+03   -6.51638e+03    6.97565e+01    5.22383e+03
    Kinetic En.   Total Energy  Conserved En.    Temperature Pressure (bar)
    3.71164e+03    8.93547e+03    9.15361e+03    4.01807e+02   -1.42685e+01
   Constr. rmsd
    3.22319e-06

           Step           Time
          74000       74.00000

   Energies (kJ/mol)
           Bond          Angle    Proper Dih. Per. Imp. Dih.          LJ-14
    8.96031e+02    1.92803e+03    2.50798e+03    1.00316e+02    9.40382e+02
     Coulomb-14        LJ (SR)   Coulomb (SR)   Coul. recip.      Potential
    6.66742e+03   -1.19747e+03   -6.53649e+03    7.24704e+01    5.37867e+03
    Kinetic En.   Total Energy  Conserved En.    Temperature Pressure (bar)
    3.71581e+03    9.09448e+03    9.15681e+03    4.02259e+02   -1.19786e+00
   Constr. rmsd
    3.11827e-06

           Step           Time
          74500       74.50000

   Energies (kJ/mol)
           Bond          Angle    Proper Dih. Per. Imp. Dih.          LJ-14
    9.07736e+02    1.89703e+03    2.49792e+03    8.43011e+01    9.11251e+02
     Coulomb-14        LJ (SR)   Coulomb (SR)   Coul. recip.      Potential
    6.65338e+03   -1.28756e+03   -6.48870e+03    7.81192e+01    5.25347e+03
    Kinetic En.   Total Energy  Conserved En.    Temperature Pressure (bar)
    3.81068e+03    9.06416e+03    9.15613e+03    4.12529e+02   -1.01925e+01
   Constr. rmsd
    3.04705e-06

           Step           Time
          75000       75.00000

   Energies (kJ/mol)
           Bond          Angle    Proper Dih. Per. Imp. Dih.          LJ-14
    8.58058e+02    1.71359e+03    2.47820e+03    7.04261e+01    9.12650e+02
     Coulomb-14        LJ (SR)   Coulomb (SR)   Coul. recip.      Potential
    6.68270e+03   -1.24082e+03   -6.50904e+03    7.78584e+01    5.04363e+03
    Kinetic En.   Total Energy  Conserved En.    Temperature Pressure (bar)
    3.61778e+03    8.66140e+03    9.15305e+03    3.91646e+02    2.21339e+00
   Constr. rmsd
    3.28878e-06

           Step           Time
          75500       75.50000

   Energies (kJ/mol)
           Bond          Angle    Proper Dih. Per. Imp. Dih.          LJ-14
    8.42092e+02    1.91879e+03    2.43712e+03    7.70687e+01    9.40769e+02
     Coulomb-14        LJ (SR)   Coulomb (SR)   Coul. recip.      Potential
    6.68371e+03   -1.25976e+03   -6.53712e+03    7.86187e+01    5.18128e+03
    Kinetic En.   Total Energy  Conserved En.    Temperature Pressure (bar)
    3.85203e+03    9.03331e+03    9.15456e+03    4.17005e+02    3.15906e+01
   Constr. rmsd
    2.96508e-06

           Step           Time
          76000       76.00000

   Energies (kJ/mol)
           Bond          Angle    Proper Dih. Per. Imp. Dih.          LJ-14
    1.01457e+03    1.94574e+03    2.39229e+03    9.47153e+01    9.58585e+02
     Coulomb-14        LJ (SR)   Coulomb (SR)   Coul. recip.      Potential
    6.70088e+03   -1.23763e+03   -6.59353e+03    7.62467e+01    5.35186e+03
    Kinetic En.   Total Energy  Conserved En.    Temperature Pressure (bar)
    3.60039e+03    8.95225e+03    9.16140e+03    3.89764e+02    1.94804e-01
   Constr. rmsd
    3.09345e-06

           Step           Time
          76500       76.50000

   Energies (kJ/mol)
           Bond          Angle    Proper Dih. Per. Imp. Dih.          LJ-14
    9.91731e+02    1.82833e+03    2.41901e+03    9.76884e+01    8.94471e+02
     Coulomb-14        LJ (SR)   Coulomb (SR)   Coul. recip.      Potential
    6.71736e+03   -1.27178e+03   -6.54607e+03    7.54855e+01    5.20623e+03
    Kinetic En.   Total Energy  Conserved En.    Temperature Pressure (bar)
    3.49763e+03    8.70386e+03    9.15664e+03    3.78639e+02   -1.73099e+01
   Constr. rmsd
    2.89444e-06

           Step           Time
          77000       77.00000

   Energies (kJ/mol)
           Bond          Angle    Proper Dih. Per. Imp. Dih.          LJ-14
    9.09191e+02    1.83085e+03    2.49791e+03    9.27322e+01    9.48023e+02
     Coulomb-14        LJ (SR)   Coulomb (SR)   Coul. recip.      Potential
    6.72511e+03   -1.25990e+03   -6.58642e+03    7.38199e+01    5.23131e+03
    Kinetic En.   Total Energy  Conserved En.    Temperature Pressure (bar)
    3.71442e+03    8.94574e+03    9.15813e+03    4.02108e+02    8.77999e+00
   Constr. rmsd
    3.33309e-06

           Step           Time
          77500       77.50000

   Energies (kJ/mol)
           Bond          Angle    Proper Dih. Per. Imp. Dih.          LJ-14
    8.35590e+02    1.94070e+03    2.46107e+03    7.02210e+01    9.55058e+02
     Coulomb-14        LJ (SR)   Coulomb (SR)   Coul. recip.      Potential
    6.68651e+03   -1.25663e+03   -6.57323e+03    7.60444e+01    5.19532e+03
    Kinetic En.   Total Energy  Conserved En.    Temperature Pressure (bar)
    3.50432e+03    8.69964e+03    9.15979e+03    3.79363e+02    2.20902e+01
   Constr. rmsd
    3.09622e-06

           Step           Time
          78000       78.00000

   Energies (kJ/mol)
           Bond          Angle    Proper Dih. Per. Imp. Dih.          LJ-14
    9.81899e+02    2.01666e+03    2.44889e+03    5.94075e+01    8.91227e+02
     Coulomb-14        LJ (SR)   Coulomb (SR)   Coul. recip.      Potential
    6.66403e+03   -1.33296e+03   -6.55661e+03    8.01404e+01    5.25267e+03
    Kinetic En.   Total Energy  Conserved En.    Temperature Pressure (bar)
    3.72020e+03    8.97287e+03    9.15930e+03    4.02733e+02   -1.26370e+01
   Constr. rmsd
    2.95509e-06

           Step           Time
          78500       78.50000

   Energies (kJ/mol)
           Bond          Angle    Proper Dih. Per. Imp. Dih.          LJ-14
    9.60952e+02    1.82533e+03    2.41093e+03    8.68602e+01    8.71348e+02
     Coulomb-14        LJ (SR)   Coulomb (SR)   Coul. recip.      Potential
    6.69993e+03   -1.32305e+03   -6.57824e+03    7.62717e+01    5.03032e+03
    Kinetic En.   Total Energy  Conserved En.    Temperature Pressure (bar)
    3.70940e+03    8.73972e+03    9.15811e+03    4.01564e+02   -1.78890e+01
   Constr. rmsd
    3.13709e-06

           Step           Time
          79000       79.00000

   Energies (kJ/mol)
           Bond          Angle    Proper Dih. Per. Imp. Dih.          LJ-14
    1.00534e+03    1.90531e+03    2.42581e+03    9.47342e+01    9.20678e+02
     Coulomb-14        LJ (SR)   Coulomb (SR)   Coul. recip.      Potential
    6.71081e+03   -1.26025e+03   -6.56103e+03    7.62070e+01    5.31762e+03
    Kinetic En.   Total Energy  Conserved En.    Temperature Pressure (bar)
    3.82860e+03    9.14622e+03    9.15997e+03    4.14469e+02    1.44606e+01
   Constr. rmsd
    3.03528e-06

           Step           Time
          79500       79.50000

   Energies (kJ/mol)
           Bond          Angle    Proper Dih. Per. Imp. Dih.          LJ-14
    8.92573e+02    1.94086e+03    2.39608e+03    8.34132e+01    9.20413e+02
     Coulomb-14        LJ (SR)   Coulomb (SR)   Coul. recip.      Potential
    6.70774e+03   -1.26394e+03   -6.57999e+03    8.16828e+01    5.17883e+03
    Kinetic En.   Total Energy  Conserved En.    Temperature Pressure (bar)
    3.88018e+03    9.05901e+03    9.15780e+03    4.20053e+02   -5.03346e+00
   Constr. rmsd
    2.98921e-06

           Step           Time
          80000       80.00000

   Energies (kJ/mol)
           Bond          Angle    Proper Dih. Per. Imp. Dih.          LJ-14
    8.38705e+02    1.84639e+03    2.46525e+03    1.02911e+02    9.37539e+02
     Coulomb-14        LJ (SR)   Coulomb (SR)   Coul. recip.      Potential
    6.76484e+03   -1.29166e+03   -6.64059e+03    7.44625e+01    5.09784e+03
    Kinetic En.   Total Energy  Conserved En.    Temperature Pressure (bar)
    3.70219e+03    8.80003e+03    9.15855e+03    4.00784e+02    1.86090e+01
   Constr. rmsd
    3.05978e-06

           Step           Time
          80500       80.50000

   Energies (kJ/mol)
           Bond          Angle    Proper Dih. Per. Imp. Dih.          LJ-14
    9.81365e+02    1.85506e+03    2.48211e+03    8.35675e+01    9.29670e+02
     Coulomb-14        LJ (SR)   Coulomb (SR)   Coul. recip.      Potential
    6.68560e+03   -1.27993e+03   -6.55043e+03    7.15795e+01    5.25859e+03
    Kinetic En.   Total Energy  Conserved En.    Temperature Pressure (bar)
    3.67488e+03    8.93348e+03    9.15916e+03    3.97828e+02    1.56184e+01
   Constr. rmsd
    3.13917e-06

           Step           Time
          81000       81.00000

   Energies (kJ/mol)
           Bond          Angle    Proper Dih. Per. Imp. Dih.          LJ-14
    8.74356e+02    1.85081e+03    2.52315e+03    7.80868e+01    8.98333e+02
     Coulomb-14        LJ (SR)   Coulomb (SR)   Coul. recip.      Potential
    6.71004e+03   -1.34674e+03   -6.57879e+03    7.05426e+01    5.07979e+03
    Kinetic En.   Total Energy  Conserved En.    Temperature Pressure (bar)
    3.65388e+03    8.73368e+03    9.15855e+03    3.95555e+02   -3.26574e+00
   Constr. rmsd
    3.19654e-06

           Step           Time
          81500       81.50000

   Energies (kJ/mol)
           Bond          Angle    Proper Dih. Per. Imp. Dih.          LJ-14
    9.60887e+02    1.95783e+03    2.45808e+03    9.02241e+01    9.06458e+02
     Coulomb-14        LJ (SR)   Coulomb (SR)   Coul. recip.      Potential
    6.69684e+03   -1.34836e+03   -6.55540e+03    6.34692e+01    5.23002e+03
    Kinetic En.   Total Energy  Conserved En.    Temperature Pressure (bar)
    3.61394e+03    8.84396e+03    9.16182e+03    3.91230e+02   -3.37185e+01
   Constr. rmsd
    3.29286e-06

           Step           Time
          82000       82.00000

   Energies (kJ/mol)
           Bond          Angle    Proper Dih. Per. Imp. Dih.          LJ-14
    9.75404e+02    1.78807e+03    2.46470e+03    8.43001e+01    9.24224e+02
     Coulomb-14        LJ (SR)   Coulomb (SR)   Coul. recip.      Potential
    6.71243e+03   -1.27390e+03   -6.58839e+03    5.96265e+01    5.14647e+03
    Kinetic En.   Total Energy  Conserved En.    Temperature Pressure (bar)
    3.61886e+03    8.76533e+03    9.15975e+03    3.91763e+02    1.81726e+01
   Constr. rmsd
    3.14417e-06

           Step           Time
          82500       82.50000

   Energies (kJ/mol)
           Bond          Angle    Proper Dih. Per. Imp. Dih.          LJ-14
    9.26423e+02    1.95252e+03    2.42749e+03    8.01746e+01    8.97539e+02
     Coulomb-14        LJ (SR)   Coulomb (SR)   Coul. recip.      Potential
    6.69241e+03   -1.21345e+03   -6.57377e+03    6.39039e+01    5.25324e+03
    Kinetic En.   Total Energy  Conserved En.    Temperature Pressure (bar)
    3.81903e+03    9.07227e+03    9.16018e+03    4.13433e+02   -7.60417e+00
   Constr. rmsd
    3.23978e-06

           Step           Time
          83000       83.00000

   Energies (kJ/mol)
           Bond          Angle    Proper Dih. Per. Imp. Dih.          LJ-14
    8.41226e+02    2.00015e+03    2.46474e+03    9.15975e+01    9.39187e+02
     Coulomb-14        LJ (SR)   Coulomb (SR)   Coul. recip.      Potential
    6.69263e+03   -1.29348e+03   -6.60871e+03    6.17692e+01    5.18911e+03
    Kinetic En.   Total Energy  Conserved En.    Temperature Pressure (bar)
    3.76620e+03    8.95532e+03    9.16375e+03    4.07714e+02   -1.65653e+00
   Constr. rmsd
    3.08827e-06

           Step           Time
          83500       83.50000

   Energies (kJ/mol)
           Bond          Angle    Proper Dih. Per. Imp. Dih.          LJ-14
    8.48890e+02    1.95207e+03    2.50675e+03    9.22391e+01    9.48203e+02
     Coulomb-14        LJ (SR)   Coulomb (SR)   Coul. recip.      Potential
    6.69612e+03   -1.29341e+03   -6.61532e+03    6.00038e+01    5.19555e+03
    Kinetic En.   Total Energy  Conserved En.    Temperature Pressure (bar)
    3.69711e+03    8.89267e+03    9.16162e+03    4.00234e+02    1.09844e+01
   Constr. rmsd
    3.08914e-06

           Step           Time
          84000       84.00000

   Energies (kJ/mol)
           Bond          Angle    Proper Dih. Per. Imp. Dih.          LJ-14
    8.28167e+02    1.98016e+03    2.49202e+03    1.08484e+02    9.22213e+02
     Coulomb-14        LJ (SR)   Coulomb (SR)   Coul. recip.      Potential
    6.69388e+03   -1.29806e+03   -6.57913e+03    5.98292e+01    5.20757e+03
    Kinetic En.   Total Energy  Conserved En.    Temperature Pressure (bar)
    3.75885e+03    8.96642e+03    9.16135e+03    4.06918e+02    1.08239e+01
   Constr. rmsd
    3.35931e-06

           Step           Time
          84500       84.50000

   Energies (kJ/mol)
           Bond          Angle    Proper Dih. Per. Imp. Dih.          LJ-14
    9.57248e+02    2.09163e+03    2.47422e+03    8.76250e+01    9.24600e+02
     Coulomb-14        LJ (SR)   Coulomb (SR)   Coul. recip.      Potential
    6.67901e+03   -1.25491e+03   -6.60366e+03    5.81243e+01    5.41389e+03
    Kinetic En.   Total Energy  Conserved En.    Temperature Pressure (bar)
    3.71692e+03    9.13081e+03    9.16036e+03    4.02379e+02    1.94685e+00
   Constr. rmsd
    3.30819e-06

           Step           Time
          85000       85.00000

   Energies (kJ/mol)
           Bond          Angle    Proper Dih. Per. Imp. Dih.          LJ-14
    9.00080e+02    1.89783e+03    2.55490e+03    9.22696e+01    9.63464e+02
     Coulomb-14        LJ (SR)   Coulomb (SR)   Coul. recip.      Potential
    6.64963e+03   -1.30044e+03   -6.57831e+03    5.99995e+01    5.23943e+03
    Kinetic En.   Total Energy  Conserved En.    Temperature Pressure (bar)
    3.88230e+03    9.12173e+03    9.16051e+03    4.20282e+02    2.60904e+01
   Constr. rmsd
    3.37652e-06

           Step           Time
          85500       85.50000

   Energies (kJ/mol)
           Bond          Angle    Proper Dih. Per. Imp. Dih.          LJ-14
    9.08841e+02    1.91976e+03    2.44357e+03    9.29920e+01    9.23389e+02
     Coulomb-14        LJ (SR)   Coulomb (SR)   Coul. recip.      Potential
    6.68112e+03   -1.34176e+03   -6.56548e+03    6.55611e+01    5.12799e+03
    Kinetic En.   Total Energy  Conserved En.    Temperature Pressure (bar)
    3.72575e+03    8.85374e+03    9.16066e+03    4.03334e+02   -5.44211e+00
   Constr. rmsd
    3.29751e-06

           Step           Time
          86000       86.00000

   Energies (kJ/mol)
           Bond          Angle    Proper Dih. Per. Imp. Dih.          LJ-14
    8.91313e+02    1.97436e+03    2.48317e+03    1.03199e+02    8.99786e+02
     Coulomb-14        LJ (SR)   Coulomb (SR)   Coul. recip.      Potential
    6.72816e+03   -1.37696e+03   -6.62783e+03    6.38343e+01    5.13903e+03
    Kinetic En.   Total Energy  Conserved En.    Temperature Pressure (bar)
    3.75779e+03    8.89682e+03    9.16000e+03    4.06803e+02   -1.01273e+01
   Constr. rmsd
    3.26295e-06

           Step           Time
          86500       86.50000

   Energies (kJ/mol)
           Bond          Angle    Proper Dih. Per. Imp. Dih.          LJ-14
    9.11849e+02    1.88848e+03    2.46199e+03    8.65592e+01    9.19943e+02
     Coulomb-14        LJ (SR)   Coulomb (SR)   Coul. recip.      Potential
    6.71993e+03   -1.24008e+03   -6.62829e+03    5.20009e+01    5.17239e+03
    Kinetic En.   Total Energy  Conserved En.    Temperature Pressure (bar)
    3.74017e+03    8.91256e+03    9.16051e+03    4.04896e+02    9.69139e+00
   Constr. rmsd
    3.28146e-06

           Step           Time
          87000       87.00000

   Energies (kJ/mol)
           Bond          Angle    Proper Dih. Per. Imp. Dih.          LJ-14
    1.02111e+03    1.98210e+03    2.37339e+03    8.60798e+01    9.51341e+02
     Coulomb-14        LJ (SR)   Coulomb (SR)   Coul. recip.      Potential
    6.65717e+03   -1.32584e+03   -6.56394e+03    5.62617e+01    5.23766e+03
    Kinetic En.   Total Energy  Conserved En.    Temperature Pressure (bar)
    3.70739e+03    8.94506e+03    9.16264e+03    4.01347e+02    1.43097e-01
   Constr. rmsd
    3.14269e-06

           Step           Time
          87500       87.50000

   Energies (kJ/mol)
           Bond          Angle    Proper Dih. Per. Imp. Dih.          LJ-14
    8.88123e+02    2.20914e+03    2.34181e+03    7.19613e+01    9.16208e+02
     Coulomb-14        LJ (SR)   Coulomb (SR)   Coul. recip.      Potential
    6.66540e+03   -1.22678e+03   -6.57670e+03    5.54537e+01    5.34461e+03
    Kinetic En.   Total Energy  Conserved En.    Temperature Pressure (bar)
    3.70974e+03    9.05435e+03    9.16281e+03    4.01601e+02    5.12594e+00
   Constr. rmsd
    3.47347e-06

           Step           Time
          88000       88.00000

   Energies (kJ/mol)
           Bond          Angle    Proper Dih. Per. Imp. Dih.          LJ-14
    9.04790e+02    2.00927e+03    2.47434e+03    7.04851e+01    9.29037e+02
     Coulomb-14        LJ (SR)   Coulomb (SR)   Coul. recip.      Potential
    6.65501e+03   -1.22522e+03   -6.51528e+03    6.43697e+01    5.36679e+03
    Kinetic En.   Total Energy  Conserved En.    Temperature Pressure (bar)
    3.80090e+03    9.16769e+03    9.15730e+03    4.11470e+02    8.21537e+00
   Constr. rmsd
    3.27976e-06

           Step           Time
          88500       88.50000

   Energies (kJ/mol)
           Bond          Angle    Proper Dih. Per. Imp. Dih.          LJ-14
    9.26824e+02    1.98625e+03    2.47173e+03    8.14985e+01    9.53262e+02
     Coulomb-14        LJ (SR)   Coulomb (SR)   Coul. recip.      Potential
    6.65940e+03   -1.32288e+03   -6.54259e+03    6.10481e+01    5.27456e+03
    Kinetic En.   Total Energy  Conserved En.    Temperature Pressure (bar)
    3.74921e+03    9.02376e+03    9.16196e+03    4.05874e+02   -5.92509e+00
   Constr. rmsd
    3.41532e-06

           Step           Time
          89000       89.00000

   Energies (kJ/mol)
           Bond          Angle    Proper Dih. Per. Imp. Dih.          LJ-14
    9.64201e+02    2.14790e+03    2.40183e+03    7.44151e+01    8.92534e+02
     Coulomb-14        LJ (SR)   Coulomb (SR)   Coul. recip.      Potential
    6.71724e+03   -1.30953e+03   -6.60812e+03    6.09696e+01    5.34144e+03
    Kinetic En.   Total Energy  Conserved En.    Temperature Pressure (bar)
    3.69426e+03    9.03569e+03    9.16261e+03    3.99925e+02   -1.08008e+01
   Constr. rmsd
    3.18153e-06

           Step           Time
          89500       89.50000

   Energies (kJ/mol)
           Bond          Angle    Proper Dih. Per. Imp. Dih.          LJ-14
    8.89324e+02    1.91690e+03    2.47482e+03    9.76193e+01    9.72369e+02
     Coulomb-14        LJ (SR)   Coulomb (SR)   Coul. recip.      Potential
    6.66981e+03   -1.27679e+03   -6.56330e+03    6.61058e+01    5.24685e+03
    Kinetic En.   Total Energy  Conserved En.    Temperature Pressure (bar)
    3.73573e+03    8.98258e+03    9.15774e+03    4.04415e+02    1.73500e+01
   Constr. rmsd
    3.36364e-06

           Step           Time
          90000       90.00000

   Energies (kJ/mol)
           Bond          Angle    Proper Dih. Per. Imp. Dih.          LJ-14
    8.41635e+02    1.90477e+03    2.49926e+03    9.56744e+01    9.14302e+02
     Coulomb-14        LJ (SR)   Coulomb (SR)   Coul. recip.      Potential
    6.66601e+03   -1.26644e+03   -6.58914e+03    5.70368e+01    5.12310e+03
    Kinetic En.   Total Energy  Conserved En.    Temperature Pressure (bar)
    3.74273e+03    8.86583e+03    9.15589e+03    4.05172e+02   -5.25628e-01
   Constr. rmsd
    3.04694e-06

           Step           Time
          90500       90.50000

   Energies (kJ/mol)
           Bond          Angle    Proper Dih. Per. Imp. Dih.          LJ-14
    9.43933e+02    1.85816e+03    2.39251e+03    9.53937e+01    9.24140e+02
     Coulomb-14        LJ (SR)   Coulomb (SR)   Coul. recip.      Potential
    6.63919e+03   -1.27022e+03   -6.55154e+03    6.11693e+01    5.09273e+03
    Kinetic En.   Total Energy  Conserved En.    Temperature Pressure (bar)
    3.65034e+03    8.74308e+03    9.15752e+03    3.95171e+02    3.02455e-02
   Constr. rmsd
    3.07995e-06

           Step           Time
          91000       91.00000

   Energies (kJ/mol)
           Bond          Angle    Proper Dih. Per. Imp. Dih.          LJ-14
    8.77891e+02    1.92620e+03    2.46888e+03    9.46562e+01    9.01272e+02
     Coulomb-14        LJ (SR)   Coulomb (SR)   Coul. recip.      Potential
    6.66206e+03   -1.30228e+03   -6.55955e+03    6.13182e+01    5.13044e+03
    Kinetic En.   Total Energy  Conserved En.    Temperature Pressure (bar)
    3.60976e+03    8.74020e+03    9.15839e+03    3.90778e+02   -1.39693e+01
   Constr. rmsd
    3.41375e-06

           Step           Time
          91500       91.50000

   Energies (kJ/mol)
           Bond          Angle    Proper Dih. Per. Imp. Dih.          LJ-14
    8.24809e+02    1.84187e+03    2.39580e+03    7.77869e+01    9.64299e+02
     Coulomb-14        LJ (SR)   Coulomb (SR)   Coul. recip.      Potential
    6.68436e+03   -1.26170e+03   -6.52449e+03    6.95214e+01    5.07225e+03
    Kinetic En.   Total Energy  Conserved En.    Temperature Pressure (bar)
    3.66005e+03    8.73229e+03    9.15905e+03    3.96222e+02    4.86314e+00
   Constr. rmsd
    3.36814e-06

           Step           Time
          92000       92.00000

   Energies (kJ/mol)
           Bond          Angle    Proper Dih. Per. Imp. Dih.          LJ-14
    1.02632e+03    1.92310e+03    2.50632e+03    8.76226e+01    9.09359e+02
     Coulomb-14        LJ (SR)   Coulomb (SR)   Coul. recip.      Potential
    6.66983e+03   -1.32190e+03   -6.55154e+03    5.94502e+01    5.30855e+03
    Kinetic En.   Total Energy  Conserved En.    Temperature Pressure (bar)
    3.59563e+03    8.90418e+03    9.16099e+03    3.89248e+02   -8.63183e+00
   Constr. rmsd
    3.12781e-06

           Step           Time
          92500       92.50000

   Energies (kJ/mol)
           Bond          Angle    Proper Dih. Per. Imp. Dih.          LJ-14
    8.88455e+02    1.95375e+03    2.51620e+03    1.06062e+02    9.03013e+02
     Coulomb-14        LJ (SR)   Coulomb (SR)   Coul. recip.      Potential
    6.65280e+03   -1.34454e+03   -6.54971e+03    6.23168e+01    5.18834e+03
    Kinetic En.   Total Energy  Conserved En.    Temperature Pressure (bar)
    3.81623e+03    9.00457e+03    9.15740e+03    4.13130e+02   -1.90351e+01
   Constr. rmsd
    3.29592e-06

           Step           Time
          93000       93.00000

   Energies (kJ/mol)
           Bond          Angle    Proper Dih. Per. Imp. Dih.          LJ-14
    8.52343e+02    1.84301e+03    2.45401e+03    7.93763e+01    9.82494e+02
     Coulomb-14        LJ (SR)   Coulomb (SR)   Coul. recip.      Potential
    6.65252e+03   -1.25009e+03   -6.54804e+03    6.32838e+01    5.12891e+03
    Kinetic En.   Total Energy  Conserved En.    Temperature Pressure (bar)
    3.42063e+03    8.54954e+03    9.15973e+03    3.70303e+02    1.93096e+01
   Constr. rmsd
    3.20066e-06

           Step           Time
          93500       93.50000

   Energies (kJ/mol)
           Bond          Angle    Proper Dih. Per. Imp. Dih.          LJ-14
    8.84111e+02    1.83732e+03    2.44797e+03    7.97759e+01    9.43024e+02
     Coulomb-14        LJ (SR)   Coulomb (SR)   Coul. recip.      Potential
    6.65598e+03   -1.26302e+03   -6.53571e+03    6.23410e+01    5.11179e+03
    Kinetic En.   Total Energy  Conserved En.    Temperature Pressure (bar)
    3.65653e+03    8.76832e+03    9.15961e+03    3.95842e+02    1.03932e+01
   Constr. rmsd
    3.30515e-06

           Step           Time
          94000       94.00000

   Energies (kJ/mol)
           Bond          Angle    Proper Dih. Per. Imp. Dih.          LJ-14
    8.08634e+02    1.86057e+03    2.47491e+03    1.03953e+02    9.62104e+02
     Coulomb-14        LJ (SR)   Coulomb (SR)   Coul. recip.      Potential
    6.68696e+03   -1.27384e+03   -6.56860e+03    6.71584e+01    5.12185e+03
    Kinetic En.   Total Energy  Conserved En.    Temperature Pressure (bar)
    3.89553e+03    9.01737e+03    9.15741e+03    4.21714e+02    1.72684e+01
   Constr. rmsd
    3.34314e-06

           Step           Time
          94500       94.50000

   Energies (kJ/mol)
           Bond          Angle    Proper Dih. Per. Imp. Dih.          LJ-14
    8.98542e+02    1.92841e+03    2.36019e+03    1.00236e+02    9.10065e+02
     Coulomb-14        LJ (SR)   Coulomb (SR)   Coul. recip.      Potential
    6.64568e+03   -1.30784e+03   -6.48977e+03    7.64059e+01    5.12191e+03
    Kinetic En.   Total Energy  Conserved En.    Temperature Pressure (bar)
    3.70106e+03    8.82297e+03    9.15790e+03    4.00662e+02    8.59458e+00
   Constr. rmsd
    3.22571e-06

           Step           Time
          95000       95.00000

   Energies (kJ/mol)
           Bond          Angle    Proper Dih. Per. Imp. Dih.          LJ-14
    9.18745e+02    1.90874e+03    2.37827e+03    8.93186e+01    9.27090e+02
     Coulomb-14        LJ (SR)   Coulomb (SR)   Coul. recip.      Potential
    6.64264e+03   -1.29017e+03   -6.50045e+03    7.25097e+01    5.14669e+03
    Kinetic En.   Total Energy  Conserved En.    Temperature Pressure (bar)
    3.72422e+03    8.87092e+03    9.15932e+03    4.03169e+02   -6.35540e+00
   Constr. rmsd
    3.41230e-06

           Step           Time
          95500       95.50000

   Energies (kJ/mol)
           Bond          Angle    Proper Dih. Per. Imp. Dih.          LJ-14
    9.00869e+02    2.02439e+03    2.44838e+03    7.97540e+01    8.89446e+02
     Coulomb-14        LJ (SR)   Coulomb (SR)   Coul. recip.      Potential
    6.67573e+03   -1.35531e+03   -6.55368e+03    6.63580e+01    5.17595e+03
    Kinetic En.   Total Energy  Conserved En.    Temperature Pressure (bar)
    3.64952e+03    8.82547e+03    9.15768e+03    3.95082e+02   -5.21516e+00
   Constr. rmsd
    3.04492e-06

           Step           Time
          96000       96.00000

   Energies (kJ/mol)
           Bond          Angle    Proper Dih. Per. Imp. Dih.          LJ-14
    9.90954e+02    2.00369e+03    2.41805e+03    1.05809e+02    8.92969e+02
     Coulomb-14        LJ (SR)   Coulomb (SR)   Coul. recip.      Potential
    6.60332e+03   -1.34834e+03   -6.49622e+03    6.22416e+01    5.23247e+03
    Kinetic En.   Total Energy  Conserved En.    Temperature Pressure (bar)
    3.71900e+03    8.95147e+03    9.15984e+03    4.02604e+02   -3.45557e+01
   Constr. rmsd
    3.38526e-06

           Step           Time
          96500       96.50000

   Energies (kJ/mol)
           Bond          Angle    Proper Dih. Per. Imp. Dih.          LJ-14
    9.15469e+02    1.85582e+03    2.45335e+03    6.79819e+01    9.39597e+02
     Coulomb-14        LJ (SR)   Coulomb (SR)   Coul. recip.      Potential
    6.65580e+03   -1.40203e+03   -6.53266e+03    7.33050e+01    5.02664e+03
    Kinetic En.   Total Energy  Conserved En.    Temperature Pressure (bar)
    3.75974e+03    8.78639e+03    9.15987e+03    4.07015e+02    7.47760e+00
   Constr. rmsd
    3.17184e-06

           Step           Time
          97000       97.00000

   Energies (kJ/mol)
           Bond          Angle    Proper Dih. Per. Imp. Dih.          LJ-14
    9.08373e+02    1.85235e+03    2.50076e+03    7.35366e+01    9.58383e+02
     Coulomb-14        LJ (SR)   Coulomb (SR)   Coul. recip.      Potential
    6.70734e+03   -1.28645e+03   -6.56635e+03    6.91056e+01    5.21705e+03
    Kinetic En.   Total Energy  Conserved En.    Temperature Pressure (bar)
    3.63496e+03    8.85201e+03    9.16141e+03    3.93507e+02   -1.40072e+01
   Constr. rmsd
    3.31936e-06

           Step           Time
          97500       97.50000

   Energies (kJ/mol)
           Bond          Angle    Proper Dih. Per. Imp. Dih.          LJ-14
    7.94089e+02    1.88125e+03    2.40914e+03    7.50491e+01    9.67188e+02
     Coulomb-14        LJ (SR)   Coulomb (SR)   Coul. recip.      Potential
    6.68029e+03   -1.30078e+03   -6.55158e+03    7.48584e+01    5.02950e+03
    Kinetic En.   Total Energy  Conserved En.    Temperature Pressure (bar)
    3.68821e+03    8.71771e+03    9.15852e+03    3.99270e+02    1.64441e+01
   Constr. rmsd
    3.36841e-06

           Step           Time
          98000       98.00000

   Energies (kJ/mol)
           Bond          Angle    Proper Dih. Per. Imp. Dih.          LJ-14
    7.97498e+02    1.93855e+03    2.44688e+03    8.41330e+01    9.34987e+02
     Coulomb-14        LJ (SR)   Coulomb (SR)   Coul. recip.      Potential
    6.66528e+03   -1.37042e+03   -6.53469e+03    7.03368e+01    5.03256e+03
    Kinetic En.   Total Energy  Conserved En.    Temperature Pressure (bar)
    3.59824e+03    8.63080e+03    9.16086e+03    3.89531e+02    2.15918e+01
   Constr. rmsd
    3.22728e-06

           Step           Time
          98500       98.50000

   Energies (kJ/mol)
           Bond          Angle    Proper Dih. Per. Imp. Dih.          LJ-14
    8.82408e+02    1.98979e+03    2.35506e+03    9.53344e+01    9.35581e+02
     Coulomb-14        LJ (SR)   Coulomb (SR)   Coul. recip.      Potential
    6.69206e+03   -1.39114e+03   -6.55741e+03    6.86435e+01    5.07033e+03
    Kinetic En.   Total Energy  Conserved En.    Temperature Pressure (bar)
    3.61197e+03    8.68230e+03    9.16171e+03    3.91017e+02    1.46983e+01
   Constr. rmsd
    3.32877e-06

           Step           Time
          99000       99.00000

   Energies (kJ/mol)
           Bond          Angle    Proper Dih. Per. Imp. Dih.          LJ-14
    9.85815e+02    1.87479e+03    2.43354e+03    9.41795e+01    8.99336e+02
     Coulomb-14        LJ (SR)   Coulomb (SR)   Coul. recip.      Potential
    6.65657e+03   -1.30295e+03   -6.53717e+03    6.61121e+01    5.17022e+03
    Kinetic En.   Total Energy  Conserved En.    Temperature Pressure (bar)
    3.94304e+03    9.11326e+03    9.15670e+03    4.26858e+02   -3.14302e+01
   Constr. rmsd
    3.21853e-06

           Step           Time
          99500       99.50000

   Energies (kJ/mol)
           Bond          Angle    Proper Dih. Per. Imp. Dih.          LJ-14
    9.13300e+02    1.89940e+03    2.49008e+03    9.27055e+01    8.90586e+02
     Coulomb-14        LJ (SR)   Coulomb (SR)   Coul. recip.      Potential
    6.68018e+03   -1.28801e+03   -6.57389e+03    6.47875e+01    5.16914e+03
    Kinetic En.   Total Energy  Conserved En.    Temperature Pressure (bar)
    3.71572e+03    8.88486e+03    9.15837e+03    4.02249e+02   -1.36983e+01
   Constr. rmsd
    3.05852e-06

           Step           Time
         100000      100.00000

Writing checkpoint, step 100000 at Mon Dec 15 23:01:53 2025


   Energies (kJ/mol)
           Bond          Angle    Proper Dih. Per. Imp. Dih.          LJ-14
    9.02736e+02    1.92911e+03    2.42928e+03    1.29911e+02    9.36019e+02
     Coulomb-14        LJ (SR)   Coulomb (SR)   Coul. recip.      Potential
    6.68639e+03   -1.27619e+03   -6.52927e+03    7.57837e+01    5.28377e+03
    Kinetic En.   Total Energy  Conserved En.    Temperature Pressure (bar)
    3.75449e+03    9.03826e+03    9.16062e+03    4.06446e+02    5.28509e+00
   Constr. rmsd
    3.41518e-06


Energy conservation over simulation part #1 of length 100 ps, time 0 to 100 ps
  Conserved energy drift: -4.85e-04 kJ/mol/ps per atom


	<======  ###############  ==>
	<====  A V E R A G E S  ====>
	<==  ###############  ======>

	Statistics over 100001 steps using 1001 frames

   Energies (kJ/mol)
           Bond          Angle    Proper Dih. Per. Imp. Dih.          LJ-14
    8.93214e+02    1.88147e+03    2.48639e+03    8.62200e+01    9.20202e+02
     Coulomb-14        LJ (SR)   Coulomb (SR)   Coul. recip.      Potential
    6.63765e+03   -9.13505e+02   -6.45379e+03    8.00615e+01    5.61791e+03
    Kinetic En.   Total Energy  Conserved En.    Temperature Pressure (bar)
    3.70221e+03    9.32012e+03    9.15411e+03    4.00786e+02    6.50694e-02
   Constr. rmsd
    0.00000e+00

          Box-X          Box-Y          Box-Z
    4.51783e+00    1.49333e+01    1.76046e+01

   Total Virial (kJ/mol)
    1.22621e+03   -2.79851e+01   -2.11374e+01
   -2.79849e+01    1.23510e+03   -3.86198e-01
   -2.11373e+01   -3.85400e-01    1.23396e+03

   Pressure (bar)
   -1.48793e-01    5.96316e-01    5.49128e-01
    5.96312e-01    7.42288e-02   -1.37152e-01
    5.49127e-01   -1.37174e-01    2.69772e-01


	M E G A - F L O P S   A C C O U N T I N G

 NB=Group-cutoff nonbonded kernels    NxN=N-by-N cluster Verlet kernels
 RF=Reaction-Field  VdW=Van der Waals  QSTab=quadratic-spline table
 W3=SPC/TIP3p  W4=TIP4p (single or pairs)
 V&F=Potential and force  V=Potential only  F=Force only

 Computing:                               M-Number         M-Flops  % Flops
-----------------------------------------------------------------------------
 Pair Search distance check              43.030654         387.276     0.0
 NxN Ewald Elec. + LJ [F]             15727.517784     1038016.174     3.5
 NxN Ewald Elec. + LJ [V&F]             159.096704       17023.347     0.1
 NxN Ewald Elec. [F]                    163.550376        9976.573     0.0
 NxN Ewald Elec. [V&F]                    1.654816         139.005     0.0
 1,4 nonbonded interactions             201.202012       18108.181     0.1
 Calc Weights                           262.502625        9450.094     0.0
 Spread Q Bspline                      5600.056000       11200.112     0.0
 Gather F Bspline                      5600.056000       33600.336     0.1
 3D-FFT                             3218481.384492    25747851.076    86.9
 Solve PME                            41472.414720     2654234.542     9.0
 Reset In Box                             0.875875           2.628     0.0
 CG-CoM                                   0.876750           2.630     0.0
 Bonds                                   49.900499        2944.129     0.0
 Angles                                 156.901569       26359.464     0.1
 Propers                                243.602436       55784.958     0.2
 Impropers                               15.000150        3120.031     0.0
 Virial                                   0.920920          16.577     0.0
 Stop-CM                                  0.876750           8.767     0.0
 P-Coupling                               0.875875           5.255     0.0
 Calc-Ekin                                8.751750         236.297     0.0
 Lincs                                   40.001200        2400.072     0.0
 Lincs-Mat                              180.005400         720.022     0.0
 Constraint-V                            80.001600         720.014     0.0
 Constraint-Vir                           0.400400           9.610     0.0
-----------------------------------------------------------------------------
 Total                                                29632317.170   100.0
-----------------------------------------------------------------------------


    D O M A I N   D E C O M P O S I T I O N   S T A T I S T I C S

 av. #atoms communicated per step for force:  2 x 0.0
 av. #atoms communicated per step for LINCS:  2 x 0.0


      R E A L   C Y C L E   A N D   T I M E   A C C O U N T I N G

On 1 MPI rank, each using 8 OpenMP threads

 Activity:              Num   Num      Call    Wall time         Giga-Cycles
                        Ranks Threads  Count      (s)         total sum    %
--------------------------------------------------------------------------------
 Domain decomp.            1    8       1001       0.535          0.103   0.3
 Neighbor search           1    8       1001       0.174          0.033   0.1
 Force                     1    8     100001      13.923          2.673   6.8
 PME mesh                  1    8     100001     177.931         34.163  87.4
 NB X/F buffer ops.        1    8     200002       5.004          0.961   2.5
 Write traj.               1    8        201       0.027          0.005   0.0
 Update                    1    8     100001       3.353          0.644   1.6
 Constraints               1    8     100003       1.995          0.383   1.0
 Kinetic energy            1    8      10001       0.180          0.035   0.1
 Rest                                              0.392          0.075   0.2
--------------------------------------------------------------------------------
 Total                                           203.514         39.074 100.0
--------------------------------------------------------------------------------
 Breakdown of PME mesh activities
--------------------------------------------------------------------------------
 PME spread                1    8     100001      19.220          3.690   9.4
 PME gather                1    8     100001      26.198          5.030  12.9
 PME 3D-FFT                1    8     200002     126.220         24.234  62.0
 PME solve Elec            1    8     100001       5.915          1.136   2.9
--------------------------------------------------------------------------------

               Core t (s)   Wall t (s)        (%)
       Time:     1628.108      203.514      800.0
                 (ns/day)    (hour/ns)
Performance:       42.455        0.565
Finished mdrun on rank 0 Mon Dec 15 23:01:53 2025

