                  :-) GROMACS - gmx mdrun, 2025.4-Homebrew (-:

Copyright 1991-2025 The GROMACS Authors.
GROMACS is free software; you can redistribute it and/or modify it
under the terms of the GNU Lesser General Public License
as published by the Free Software Foundation; either version 2.1
of the License, or (at your option) any later version.

                         Current GROMACS contributors:
       Mark Abraham           Andrey Alekseenko           Brian Andrews       
      Vladimir Basov              Paul Bauer                Hugh Bird         
      Eliane Briand               Ania Brown              Mahesh Doijade      
      Giacomo Fiorin          Stefan Fleischmann          Sergey Gorelov      
   Gilles Gouaillardet            Alan Gray              M. Eric Irrgang      
   Farzaneh Jalalypour         Petter Johansson          Carsten Kutzner      
    Grzegorz Łazarski         Justin A. Lemkul          Magnus Lundborg      
       Pascal Merz             Vedran Miletić            Dmitry Morozov      
     Lukas Müllender            Julien Nabet             Szilárd Páll      
 Andrea Pasquadibisceglie     Michele Pellegrino         Nicola Piasentin     
     Daniele Rapetti         Muhammad Umair Sadiq         Hubert Santuz       
      Roland Schulz             Michael Shirts           Tatiana Shugaeva     
     Alexey Shvetsov            Philip Turner            Alessandra Villa     
 Sebastian Wingbermühle  

                         Previous GROMACS contributors:
        Emile Apol             Rossen Apostolov           James Barnett       
  Herman J.C. Berendsen         Cathrine Bergh             Par Bjelkmar       
      Christian Blau          Viacheslav Bolnykh            Kevin Boyd        
    Aldert van Buuren          Carlo Camilloni           Rudi van Drunen      
      Anton Feenstra           Oliver Fleetwood            Vytas Gapsys       
       Gaurav Garg             Gerrit Groenhof            Bert de Groot       
      Anca Hamuraru           Vincent Hindriksen          Victor Holanda      
     Aleksei Iupinov              Joe Jordan            Christoph Junghans    
    Prashanth Kanduri        Dimitrios Karkoulis           Peter Kasson       
      Sebastian Kehl           Sebastian Keller             Jiri Kraus        
       Per Larsson              Viveca Lindahl            Erik Marklund       
    Pieter Meulenhoff           Teemu Murtola              Sander Pronk       
      Alfons Sijbers            Balint Soproni         David van der Spoel    
      Peter Tieleman            Carsten Uphoff             Jon Vincent        
     Teemu Virolainen         Christian Wennberg           Maarten Wolf       
      Artem Zhmurov       

                  Coordinated by the GROMACS project leaders:
                           Berk Hess and Erik Lindahl

GROMACS:      gmx mdrun, version 2025.4-Homebrew
Executable:   /opt/homebrew/bin/../Cellar/gromacs/2025.4/bin/gmx
Data prefix:  /opt/homebrew/bin/../Cellar/gromacs/2025.4
Working dir:  /Users/harish/Documents/Work_folder/MetaChem-workshops/polymermd-workshop/Day4,5-gmx-md-simulation-analysis/simulations/PEO25_PET25_random/tg-npt
Process ID:   1091
Command line:
  gmx mdrun -s annealing.tpr -deffnm annealing -v

GROMACS version:     2025.4-Homebrew
Precision:           mixed
Memory model:        64 bit
MPI library:         thread_mpi
OpenMP support:      enabled (GMX_OPENMP_MAX_THREADS = 128)
GPU support:         disabled
SIMD instructions:   ARM_NEON_ASIMD
CPU FFT library:     fftw-3.3.10
GPU FFT library:     none
Multi-GPU FFT:       none
TNG support:         enabled
Hwloc support:       disabled
Tracing support:     disabled
C compiler:          /opt/homebrew/opt/gcc/bin/gcc-15
C compiler flags:    -fexcess-precision=fast -funroll-all-loops -Wno-missing-field-initializers -O3 -DNDEBUG
C++ compiler:        /opt/homebrew/opt/gcc/bin/g++-15
C++ compiler flags:  -fexcess-precision=fast -funroll-all-loops -Wno-missing-field-initializers -Weverything -Wno-c++98-compat -Wno-c++98-compat-pedantic -Wno-return-std-move-in-c++11 -Wno-source-uses-openmp -Wno-c++17-extensions -Wno-documentation-unknown-command -Wno-covered-switch-default -Wno-switch-enum -Wno-switch-default -Wno-extra-semi-stmt -Wno-weak-vtables -Wno-shadow -Wno-padded -Wno-reserved-id-macro -Wno-double-promotion -Wno-exit-time-destructors -Wno-global-constructors -Wno-documentation -Wno-format-nonliteral -Wno-used-but-marked-unused -Wno-float-equal -Wno-conditional-uninitialized -Wno-conversion -Wno-disabled-macro-expansion -Wno-unused-macros -Wno-unsafe-buffer-usage -Wno-cast-function-type-strict SHELL:-fopenmp -O3 -DNDEBUG
BLAS library:        External - detected on the system
LAPACK library:      External - detected on the system


Running on 1 node with total 0 processing units
Hardware detected on host Mac.lan:
  CPU info:
    Vendor: ARM
    Brand:  Unknown CPU brand
    Family: 0   Model: 0   Stepping: 0
    Features: neon neon_asimd
  Hardware topology: Only logical processor count
    CPU limit set by OS: -1   Recommended max number of threads: 8


++++ PLEASE READ AND CITE THE FOLLOWING REFERENCE ++++
M. J. Abraham, T. Murtola, R. Schulz, S. Páll, J. C. Smith, B. Hess, E.
Lindahl
GROMACS: High performance molecular simulations through multi-level
parallelism from laptops to supercomputers
SoftwareX (2015)
DOI: 10.1016/j.softx.2015.06.001
-------- -------- --- Thank You --- -------- --------


++++ PLEASE READ AND CITE THE FOLLOWING REFERENCE ++++
S. Páll, M. J. Abraham, C. Kutzner, B. Hess, E. Lindahl
Tackling Exascale Software Challenges in Molecular Dynamics Simulations with
GROMACS
In S. Markidis & E. Laure (Eds.), Solving Software Challenges for Exascale (2015)
DOI: 10.1007/978-3-319-15976-8_1
-------- -------- --- Thank You --- -------- --------


++++ PLEASE READ AND CITE THE FOLLOWING REFERENCE ++++
S. Pronk, S. Páll, R. Schulz, P. Larsson, P. Bjelkmar, R. Apostolov, M. R.
Shirts, J. C. Smith, P. M. Kasson, D. van der Spoel, B. Hess, E. Lindahl
GROMACS 4.5: a high-throughput and highly parallel open source molecular
simulation toolkit
Bioinformatics (2013)
DOI: 10.1093/bioinformatics/btt055
-------- -------- --- Thank You --- -------- --------


++++ PLEASE READ AND CITE THE FOLLOWING REFERENCE ++++
B. Hess, C. Kutzner, D. van der Spoel, E. Lindahl
GROMACS 4: Algorithms for highly efficient, load-balanced, and scalable
molecular simulation
J. Chem. Theory Comput. (2008)
DOI: 10.1021/ct700301q
-------- -------- --- Thank You --- -------- --------


++++ PLEASE READ AND CITE THE FOLLOWING REFERENCE ++++
D. van der Spoel, E. Lindahl, B. Hess, G. Groenhof, A. E. Mark, H. J. C.
Berendsen
GROMACS: Fast, Flexible and Free
J. Comp. Chem. (2005)
DOI: 10.1002/jcc.20291
-------- -------- --- Thank You --- -------- --------


++++ PLEASE READ AND CITE THE FOLLOWING REFERENCE ++++
E. Lindahl, B. Hess, D. van der Spoel
GROMACS 3.0: A package for molecular simulation and trajectory analysis
J. Mol. Mod. (2001)
DOI: 10.1007/s008940100045
-------- -------- --- Thank You --- -------- --------


++++ PLEASE READ AND CITE THE FOLLOWING REFERENCE ++++
H. J. C. Berendsen, D. van der Spoel and R. van Drunen
GROMACS: A message-passing parallel molecular dynamics implementation
Comp. Phys. Comm. (1995)
DOI: 10.1016/0010-4655(95)00042-E
-------- -------- --- Thank You --- -------- --------

Input Parameters:
   integrator                     = md
   tinit                          = 0
   dt                             = 0.002
   nsteps                         = 1000000
   init-step                      = 0
   simulation-part                = 1
   mts                            = false
   mass-repartition-factor        = 1
   comm-mode                      = Linear
   nstcomm                        = 100
   bd-fric                        = 0
   ld-seed                        = -16810209
   emtol                          = 10
   emstep                         = 0.01
   niter                          = 20
   fcstep                         = 0
   nstcgsteep                     = 1000
   nbfgscorr                      = 10
   rtpi                           = 0.05
   nstxout                        = 0
   nstvout                        = 0
   nstfout                        = 0
   nstlog                         = 5000
   nstcalcenergy                  = 100
   nstenergy                      = 5000
   nstxout-compressed             = 5000
   compressed-x-precision         = 1000
   cutoff-scheme                  = Verlet
   nstlist                        = 10
   pbc                            = xyz
   periodic-molecules             = false
   verlet-buffer-tolerance        = 0.005
   verlet-buffer-pressure-tolerance = 0.5
   rlist                          = 1.2
   coulombtype                    = PME
   coulomb-modifier               = Potential-shift
   rcoulomb-switch                = 0
   rcoulomb                       = 1.2
   epsilon-r                      = 1
   epsilon-rf                     = inf
   vdw-type                       = Cut-off
   vdw-modifier                   = Potential-shift
   rvdw-switch                    = 0
   rvdw                           = 1.2
   DispCorr                       = No
   table-extension                = 1
   fourierspacing                 = 0.12
   fourier-nx                     = 28
   fourier-ny                     = 28
   fourier-nz                     = 28
   pme-order                      = 4
   ewald-rtol                     = 1e-05
   ewald-rtol-lj                  = 0.001
   lj-pme-comb-rule               = Geometric
   ewald-geometry                 = 3d
   epsilon-surface                = 0
   ensemble-temperature-setting   = variable
   tcoupl                         = V-rescale
   nsttcouple                     = 10
   nh-chain-length                = 0
   print-nose-hoover-chain-variables = false
   pcoupl                         = Parrinello-Rahman
   pcoupltype                     = Isotropic
   nstpcouple                     = 50
   tau-p                          = 2
   compressibility (3x3):
      compressibility[    0]={ 4.50000e-05,  0.00000e+00,  0.00000e+00}
      compressibility[    1]={ 0.00000e+00,  4.50000e-05,  0.00000e+00}
      compressibility[    2]={ 0.00000e+00,  0.00000e+00,  4.50000e-05}
   ref-p (3x3):
      ref-p[    0]={ 1.00000e+00,  0.00000e+00,  0.00000e+00}
      ref-p[    1]={ 0.00000e+00,  1.00000e+00,  0.00000e+00}
      ref-p[    2]={ 0.00000e+00,  0.00000e+00,  1.00000e+00}
   refcoord-scaling               = No
   posres-com: not available
   posres-comB: not available
   QMMM                           = false
qm-opts:
   ngQM                           = 0
   constraint-algorithm           = Lincs
   continuation                   = false
   Shake-SOR                      = false
   shake-tol                      = 0.0001
   lincs-order                    = 4
   lincs-iter                     = 1
   lincs-warnangle                = 30
   nwall                          = 0
   wall-type                      = 9-3
   wall-r-linpot                  = -1
   wall-atomtype[0]               = -1
   wall-atomtype[1]               = -1
   wall-density[0]                = 0
   wall-density[1]                = 0
   wall-ewald-zfac                = 3
   pull                           = false
   awh                            = false
   rotation                       = false
   interactiveMD                  = false
   disre                          = No
   disre-weighting                = Conservative
   disre-mixed                    = false
   dr-fc                          = 1000
   dr-tau                         = 0
   nstdisreout                    = 100
   orire-fc                       = 0
   orire-tau                      = 0
   nstorireout                    = 100
   free-energy                    = no
   cos-acceleration               = 0
   deform (3x3):
      deform[    0]={ 0.00000e+00,  0.00000e+00,  0.00000e+00}
      deform[    1]={ 0.00000e+00,  0.00000e+00,  0.00000e+00}
      deform[    2]={ 0.00000e+00,  0.00000e+00,  0.00000e+00}
   simulated-tempering            = false
   swapcoords                     = no
   userint1                       = 0
   userint2                       = 0
   userint3                       = 0
   userint4                       = 0
   userreal1                      = 0
   userreal2                      = 0
   userreal3                      = 0
   userreal4                      = 0
   applied-forces:
     electric-field:
       x:
         E0                       = 0
         omega                    = 0
         t0                       = 0
         sigma                    = 0
       y:
         E0                       = 0
         omega                    = 0
         t0                       = 0
         sigma                    = 0
       z:
         E0                       = 0
         omega                    = 0
         t0                       = 0
         sigma                    = 0
     density-guided-simulation:
       active                     = false
       group                      = protein
       similarity-measure         = inner-product
       atom-spreading-weight      = unity
       force-constant             = 1e+09
       gaussian-transform-spreading-width = 0.2
       gaussian-transform-spreading-range-in-multiples-of-width = 4
       reference-density-filename = reference.mrc
       nst                        = 1
       normalize-densities        = true
       adaptive-force-scaling     = false
       adaptive-force-scaling-time-constant = 4
       shift-vector               = 
       transformation-matrix      = 
     qmmm-cp2k:
       active                     = false
       qmgroup                    = System
       qmmethod                   = PBE
       qmfilenames                = 
       qmcharge                   = 0
       qmmultiplicity             = 1
     colvars:
       active                     = false
       configfile                 = 
       seed                       = -1
     nnpot:
       active                     = false
       modelfile                  = model.pt
       input-group                = System
       model-input1               = 
       model-input2               = 
       model-input3               = 
       model-input4               = 
grpopts:
   nrdf:        7622
   ref-t:         400
   tau-t:         0.1
annealing:      Single
annealing-npoints:           9
annealing-time [0]:	         0.0       250.0       500.0       750.0      1000.0      1250.0      1500.0      1750.0      2000.0
annealing-temp [0]:	       400.0       380.0       340.0       320.0       300.0       280.0       260.0       250.0       240.0
   acc:	           0           0           0
   nfreeze:           N           N           N
   energygrp-flags[  0]: 0

Changing nstlist from 10 to 80, rlist from 1.2 to 1.339

Update groups can not be used for this system because there are three or more consecutively coupled constraints

Initializing Domain Decomposition on 1 ranks
Dynamic load balancing: auto
Minimum cell size due to atom displacement: 0.693 nm
Initial maximum distances in bonded interactions:
    two-body bonded interactions: 0.406 nm, LJ-14, atoms 510 519
  multi-body bonded interactions: 0.406 nm, Proper Dih., atoms 510 519
Minimum cell size due to bonded interactions: 0.447 nm
Maximum distance for 5 constraints, at 120 deg. angles, all-trans: 0.219 nm
Estimated maximum distance required for P-LINCS: 0.219 nm
Using 0 separate PME ranks because: there are too few total ranks for efficient splitting
Optimizing the DD grid for 1 cells with a minimum initial size of 0.693 nm
The maximum allowed number of cells is: X 4 Y 4 Z 4
Domain decomposition grid 1 x 1 x 1, separate PME ranks 0
PME domain decomposition: 1 x 1 x 1

The initial number of communication pulses is:
The initial domain decomposition cell size is:

The maximum allowed distance for atoms involved in interactions is:
                 non-bonded interactions           1.339 nm
(the following are initial values, they could change due to box deformation)
            two-body bonded interactions  (-rdd)   1.339 nm
          multi-body bonded interactions  (-rdd)   1.339 nm
  atoms separated by up to 5 constraints  (-rcon)  3.351 nm

When dynamic load balancing gets turned on, these settings will change to:
The maximum number of communication pulses is:
The minimum size for domain decomposition cells is 1.339 nm
The requested allowed shrink of DD cells (option -dds) is: 0.80
The allowed shrink of domain decomposition cells is:
The maximum allowed distance for atoms involved in interactions is:
                 non-bonded interactions           1.339 nm
            two-body bonded interactions  (-rdd)   1.339 nm
          multi-body bonded interactions  (-rdd)   1.339 nm
  atoms separated by up to 5 constraints  (-rcon)  1.339 nm

Local state does not use filler particles

Using 1 MPI thread
Using 8 OpenMP threads 

System total charge: 0.000
Will do PME sum in reciprocal space for electrostatic interactions.

++++ PLEASE READ AND CITE THE FOLLOWING REFERENCE ++++
U. Essmann, L. Perera, M. L. Berkowitz, T. Darden, H. Lee, L. G. Pedersen 
A smooth particle mesh Ewald method
J. Chem. Phys. (1995)
DOI: 10.1063/1.470117
-------- -------- --- Thank You --- -------- --------

Using a Gaussian width (1/beta) of 0.384195 nm for Ewald
Potential shift: LJ r^-12: -1.122e-01 r^-6: -3.349e-01, Ewald -8.333e-06
Initialized non-bonded Coulomb Ewald tables, spacing: 1.02e-03 size: 1176

Generated table with 1169 data points for 1-4 COUL.
Tabscale = 500 points/nm
Generated table with 1169 data points for 1-4 LJ6.
Tabscale = 500 points/nm
Generated table with 1169 data points for 1-4 LJ12.
Tabscale = 500 points/nm


Using SIMD4xM 4x4 nonbonded short-range kernels

Using a dual 4x4 pair-list setup updated with dynamic pruning:
  outer list: updated every 80 steps, buffer 0.139 nm, rlist 1.339 nm
  inner list: updated every  9 steps, buffer 0.001 nm, rlist 1.201 nm
At tolerance 0.005 kJ/mol/ps per atom, equivalent classical 1x1 list would be:
  outer list: updated every 80 steps, buffer 0.261 nm, rlist 1.461 nm
  inner list: updated every  9 steps, buffer 0.030 nm, rlist 1.230 nm

The average pressure is off by at most 0.48 bar due to missing LJ interactions

Using Lorentz-Berthelot Lennard-Jones combination rule
Removing pbc first time

Linking all bonded interactions to atoms


Initializing Parallel LINear Constraint Solver

++++ PLEASE READ AND CITE THE FOLLOWING REFERENCE ++++
B. Hess
P-LINCS: A Parallel Linear Constraint Solver for molecular simulation
J. Chem. Theory Comput. (2008)
DOI: 10.1021/ct700200b
-------- -------- --- Thank You --- -------- --------

The number of constraints is 400
There are constraints between atoms in different decomposition domains,
will communicate selected coordinates each lincs iteration

++++ PLEASE READ AND CITE THE FOLLOWING REFERENCE ++++
S. Miyamoto, P. A. Kollman
SETTLE: An Analytical Version of the SHAKE and RATTLE Algorithms for Rigid
Water Models
J. Comp. Chem. (1992)
DOI: 10.1002/jcc.540130805
-------- -------- --- Thank You --- -------- --------


++++ PLEASE READ AND CITE THE FOLLOWING REFERENCE ++++
G. Bussi, D. Donadio, M. Parrinello
Canonical sampling through velocity rescaling
J. Chem. Phys. (2007)
DOI: 10.1063/1.2408420
-------- -------- --- Thank You --- -------- --------

There are: 3475 Atoms

Atom distribution over 1 domains: av 3475 stddev 0 min 3475 max 3475

Constraining the starting coordinates (step 0)

Constraining the coordinates at t0-dt (step 0)
Center of mass motion removal mode is Linear
We have the following groups for center of mass motion removal:
  0:  rest
RMS relative constraint deviation after constraining: 2.39e-06
Initial temperature: 303.478 K

Started mdrun on rank 0 Tue Dec 16 20:59:33 2025

           Step           Time
              0        0.00000

Current ref_t for group System:    400.0

   Energies (kJ/mol)
           Bond          Angle    Proper Dih. Per. Imp. Dih.          LJ-14
    6.99911e+02    1.49453e+03    2.18457e+03    6.07960e+01    9.12832e+02
     Coulomb-14        LJ (SR)   Coulomb (SR)   Coul. recip.      Potential
    6.73949e+03    8.43861e+03   -1.27210e+05    2.09820e+02   -1.06469e+05
    Kinetic En.   Total Energy  Conserved En.    Temperature Pressure (bar)
    9.56449e+03   -9.69050e+04   -9.69027e+04    3.01848e+02    9.83114e+02
   Constr. rmsd
    2.14438e-06

           Step           Time
           5000       10.00000

Current ref_t for group System:    399.2

   Energies (kJ/mol)
           Bond          Angle    Proper Dih. Per. Imp. Dih.          LJ-14
    1.01378e+03    2.10719e+03    2.42972e+03    8.85062e+01    9.48828e+02
     Coulomb-14        LJ (SR)   Coulomb (SR)   Coul. recip.      Potential
    6.69295e+03    7.18515e+03   -1.20356e+05    2.90332e+02   -9.96000e+04
    Kinetic En.   Total Energy  Conserved En.    Temperature Pressure (bar)
    1.26814e+04   -8.69186e+04   -9.60263e+04    4.00215e+02    2.27926e+02
   Constr. rmsd
    4.18210e-06

           Step           Time
          10000       20.00000

Current ref_t for group System:    398.4

   Energies (kJ/mol)
           Bond          Angle    Proper Dih. Per. Imp. Dih.          LJ-14
    9.31653e+02    1.96627e+03    2.50673e+03    8.75709e+01    8.84935e+02
     Coulomb-14        LJ (SR)   Coulomb (SR)   Coul. recip.      Potential
    6.69996e+03    7.05922e+03   -1.19879e+05    3.34080e+02   -9.94088e+04
    Kinetic En.   Total Energy  Conserved En.    Temperature Pressure (bar)
    1.26462e+04   -8.67626e+04   -9.53526e+04    3.99106e+02   -5.51338e+02
   Constr. rmsd
    3.48686e-06

           Step           Time
          15000       30.00000

Current ref_t for group System:    397.6

   Energies (kJ/mol)
           Bond          Angle    Proper Dih. Per. Imp. Dih.          LJ-14
    1.01928e+03    1.97898e+03    2.39160e+03    8.58613e+01    9.12442e+02
     Coulomb-14        LJ (SR)   Coulomb (SR)   Coul. recip.      Potential
    6.64883e+03    7.38567e+03   -1.19971e+05    3.11321e+02   -9.92374e+04
    Kinetic En.   Total Energy  Conserved En.    Temperature Pressure (bar)
    1.23984e+04   -8.68391e+04   -9.48445e+04    3.91283e+02   -6.90272e+02
   Constr. rmsd
    3.87987e-06

           Step           Time
          20000       40.00000

Current ref_t for group System:    396.8

   Energies (kJ/mol)
           Bond          Angle    Proper Dih. Per. Imp. Dih.          LJ-14
    9.90956e+02    1.92195e+03    2.33102e+03    7.96950e+01    9.04257e+02
     Coulomb-14        LJ (SR)   Coulomb (SR)   Coul. recip.      Potential
    6.67804e+03    7.23090e+03   -1.20417e+05    2.84091e+02   -9.99965e+04
    Kinetic En.   Total Energy  Conserved En.    Temperature Pressure (bar)
    1.24625e+04   -8.75340e+04   -9.44407e+04    3.93307e+02   -6.29126e+01
   Constr. rmsd
    3.21747e-06

           Step           Time
          25000       50.00000

Current ref_t for group System:    396.0

   Energies (kJ/mol)
           Bond          Angle    Proper Dih. Per. Imp. Dih.          LJ-14
    8.32455e+02    1.72745e+03    2.47487e+03    9.37562e+01    9.27949e+02
     Coulomb-14        LJ (SR)   Coulomb (SR)   Coul. recip.      Potential
    6.69119e+03    7.62133e+03   -1.20896e+05    3.22736e+02   -1.00204e+05
    Kinetic En.   Total Energy  Conserved En.    Temperature Pressure (bar)
    1.24908e+04   -8.77137e+04   -9.41894e+04    3.94199e+02    8.10765e+02
   Constr. rmsd
    3.33242e-06

           Step           Time
          30000       60.00000

Current ref_t for group System:    395.2

   Energies (kJ/mol)
           Bond          Angle    Proper Dih. Per. Imp. Dih.          LJ-14
    9.67065e+02    2.04661e+03    2.42133e+03    1.05758e+02    9.05514e+02
     Coulomb-14        LJ (SR)   Coulomb (SR)   Coul. recip.      Potential
    6.62203e+03    7.39007e+03   -1.19891e+05    3.32313e+02   -9.90999e+04
    Kinetic En.   Total Energy  Conserved En.    Temperature Pressure (bar)
    1.20033e+04   -8.70966e+04   -9.36233e+04    3.78817e+02   -2.54112e+02
   Constr. rmsd
    3.93030e-06

           Step           Time
          35000       70.00000

Current ref_t for group System:    394.4

   Energies (kJ/mol)
           Bond          Angle    Proper Dih. Per. Imp. Dih.          LJ-14
    8.91047e+02    1.99810e+03    2.42327e+03    9.09681e+01    9.84033e+02
     Coulomb-14        LJ (SR)   Coulomb (SR)   Coul. recip.      Potential
    6.71788e+03    7.34213e+03   -1.20696e+05    2.98630e+02   -9.99496e+04
    Kinetic En.   Total Energy  Conserved En.    Temperature Pressure (bar)
    1.23486e+04   -8.76010e+04   -9.28840e+04    3.89714e+02    1.19661e+03
   Constr. rmsd
    3.87287e-06

           Step           Time
          40000       80.00000

Current ref_t for group System:    393.6

   Energies (kJ/mol)
           Bond          Angle    Proper Dih. Per. Imp. Dih.          LJ-14
    8.88582e+02    1.83781e+03    2.51438e+03    7.02912e+01    9.36991e+02
     Coulomb-14        LJ (SR)   Coulomb (SR)   Coul. recip.      Potential
    6.62293e+03    7.12543e+03   -1.20590e+05    3.11167e+02   -1.00282e+05
    Kinetic En.   Total Energy  Conserved En.    Temperature Pressure (bar)
    1.22322e+04   -8.80503e+04   -9.24649e+04    3.86038e+02   -4.48391e+02
   Constr. rmsd
    3.46222e-06

           Step           Time
          45000       90.00000

Current ref_t for group System:    392.8

   Energies (kJ/mol)
           Bond          Angle    Proper Dih. Per. Imp. Dih.          LJ-14
    8.91862e+02    1.83913e+03    2.40579e+03    8.65042e+01    9.61219e+02
     Coulomb-14        LJ (SR)   Coulomb (SR)   Coul. recip.      Potential
    6.73056e+03    7.56206e+03   -1.20830e+05    2.97264e+02   -1.00056e+05
    Kinetic En.   Total Energy  Conserved En.    Temperature Pressure (bar)
    1.22447e+04   -8.78110e+04   -9.21525e+04    3.86433e+02    9.06293e+02
   Constr. rmsd
    3.77912e-06

           Step           Time
          50000      100.00000

Current ref_t for group System:    392.0

   Energies (kJ/mol)
           Bond          Angle    Proper Dih. Per. Imp. Dih.          LJ-14
    9.33667e+02    1.90848e+03    2.42331e+03    8.75931e+01    8.95270e+02
     Coulomb-14        LJ (SR)   Coulomb (SR)   Coul. recip.      Potential
    6.69419e+03    7.67314e+03   -1.21411e+05    2.79722e+02   -1.00515e+05
    Kinetic En.   Total Energy  Conserved En.    Temperature Pressure (bar)
    1.24140e+04   -8.81012e+04   -9.15002e+04    3.91776e+02   -1.32379e+02
   Constr. rmsd
    3.53052e-06

           Step           Time
          55000      110.00000

Current ref_t for group System:    391.2

   Energies (kJ/mol)
           Bond          Angle    Proper Dih. Per. Imp. Dih.          LJ-14
    9.50244e+02    1.91500e+03    2.41692e+03    7.54557e+01    8.67234e+02
     Coulomb-14        LJ (SR)   Coulomb (SR)   Coul. recip.      Potential
    6.72541e+03    6.70582e+03   -1.19849e+05    3.51947e+02   -9.98406e+04
    Kinetic En.   Total Energy  Conserved En.    Temperature Pressure (bar)
    1.24716e+04   -8.73689e+04   -9.06949e+04    3.93596e+02   -1.36209e+03
   Constr. rmsd
    4.11384e-06

           Step           Time
          60000      120.00000

Current ref_t for group System:    390.4

   Energies (kJ/mol)
           Bond          Angle    Proper Dih. Per. Imp. Dih.          LJ-14
    9.45228e+02    2.01044e+03    2.34041e+03    1.20586e+02    8.99176e+02
     Coulomb-14        LJ (SR)   Coulomb (SR)   Coul. recip.      Potential
    6.72426e+03    7.83537e+03   -1.21118e+05    2.95384e+02   -9.99468e+04
    Kinetic En.   Total Energy  Conserved En.    Temperature Pressure (bar)
    1.24045e+04   -8.75423e+04   -9.04290e+04    3.91476e+02    7.65377e+02
   Constr. rmsd
    3.55836e-06

           Step           Time
          65000      130.00000

Current ref_t for group System:    389.6

   Energies (kJ/mol)
           Bond          Angle    Proper Dih. Per. Imp. Dih.          LJ-14
    8.25934e+02    1.87613e+03    2.41207e+03    1.02545e+02    9.54771e+02
     Coulomb-14        LJ (SR)   Coulomb (SR)   Coul. recip.      Potential
    6.78806e+03    7.65466e+03   -1.22030e+05    2.90811e+02   -1.01125e+05
    Kinetic En.   Total Energy  Conserved En.    Temperature Pressure (bar)
    1.23811e+04   -8.87438e+04   -9.00707e+04    3.90739e+02    1.01669e+03
   Constr. rmsd
    3.49607e-06

           Step           Time
          70000      140.00000

Current ref_t for group System:    388.8

   Energies (kJ/mol)
           Bond          Angle    Proper Dih. Per. Imp. Dih.          LJ-14
    9.29338e+02    2.07945e+03    2.43883e+03    6.38865e+01    9.30062e+02
     Coulomb-14        LJ (SR)   Coulomb (SR)   Coul. recip.      Potential
    6.73596e+03    7.93670e+03   -1.21336e+05    2.96107e+02   -9.99260e+04
    Kinetic En.   Total Energy  Conserved En.    Temperature Pressure (bar)
    1.23656e+04   -8.75604e+04   -8.95153e+04    3.90248e+02    1.67300e+03
   Constr. rmsd
    5.25737e-06

           Step           Time
          75000      150.00000

Current ref_t for group System:    388.0

   Energies (kJ/mol)
           Bond          Angle    Proper Dih. Per. Imp. Dih.          LJ-14
    8.29039e+02    1.86131e+03    2.49682e+03    8.37557e+01    9.24483e+02
     Coulomb-14        LJ (SR)   Coulomb (SR)   Coul. recip.      Potential
    6.71835e+03    7.25430e+03   -1.20198e+05    2.96719e+02   -9.97333e+04
    Kinetic En.   Total Energy  Conserved En.    Temperature Pressure (bar)
    1.22913e+04   -8.74419e+04   -8.89672e+04    3.87906e+02   -6.70987e+01
   Constr. rmsd
    3.72110e-06

           Step           Time
          80000      160.00000

Current ref_t for group System:    387.2

   Energies (kJ/mol)
           Bond          Angle    Proper Dih. Per. Imp. Dih.          LJ-14
    9.87771e+02    1.81967e+03    2.41857e+03    9.36036e+01    8.84323e+02
     Coulomb-14        LJ (SR)   Coulomb (SR)   Coul. recip.      Potential
    6.72907e+03    6.93168e+03   -1.20412e+05    3.01864e+02   -1.00246e+05
    Kinetic En.   Total Energy  Conserved En.    Temperature Pressure (bar)
    1.23109e+04   -8.79350e+04   -8.85091e+04    3.88523e+02   -1.01831e+03
   Constr. rmsd
    3.83288e-06

           Step           Time
          85000      170.00000

Current ref_t for group System:    386.4

   Energies (kJ/mol)
           Bond          Angle    Proper Dih. Per. Imp. Dih.          LJ-14
    8.88969e+02    2.04294e+03    2.42571e+03    9.58497e+01    9.47271e+02
     Coulomb-14        LJ (SR)   Coulomb (SR)   Coul. recip.      Potential
    6.67435e+03    7.27628e+03   -1.21021e+05    2.98394e+02   -1.00371e+05
    Kinetic En.   Total Energy  Conserved En.    Temperature Pressure (bar)
    1.21163e+04   -8.82546e+04   -8.80874e+04    3.82382e+02   -3.59247e+02
   Constr. rmsd
    4.07596e-06

           Step           Time
          90000      180.00000

Current ref_t for group System:    385.6

   Energies (kJ/mol)
           Bond          Angle    Proper Dih. Per. Imp. Dih.          LJ-14
    9.46906e+02    1.85669e+03    2.37863e+03    1.04103e+02    9.35272e+02
     Coulomb-14        LJ (SR)   Coulomb (SR)   Coul. recip.      Potential
    6.66644e+03    7.69451e+03   -1.21544e+05    3.11581e+02   -1.00649e+05
    Kinetic En.   Total Energy  Conserved En.    Temperature Pressure (bar)
    1.24980e+04   -8.81513e+04   -8.76976e+04    3.94429e+02    9.97338e+02
   Constr. rmsd
    4.28737e-06

           Step           Time
          95000      190.00000

Current ref_t for group System:    384.8

   Energies (kJ/mol)
           Bond          Angle    Proper Dih. Per. Imp. Dih.          LJ-14
    8.87959e+02    1.91313e+03    2.33908e+03    7.61055e+01    9.51906e+02
     Coulomb-14        LJ (SR)   Coulomb (SR)   Coul. recip.      Potential
    6.70800e+03    7.33725e+03   -1.20583e+05    2.97662e+02   -1.00072e+05
    Kinetic En.   Total Energy  Conserved En.    Temperature Pressure (bar)
    1.23405e+04   -8.77316e+04   -8.74708e+04    3.89457e+02    3.06983e+02
   Constr. rmsd
    3.42812e-06

           Step           Time
         100000      200.00000

Current ref_t for group System:    384.0

   Energies (kJ/mol)
           Bond          Angle    Proper Dih. Per. Imp. Dih.          LJ-14
    8.80256e+02    1.73179e+03    2.42045e+03    9.29737e+01    9.17224e+02
     Coulomb-14        LJ (SR)   Coulomb (SR)   Coul. recip.      Potential
    6.75140e+03    7.32535e+03   -1.21016e+05    2.65124e+02   -1.00632e+05
    Kinetic En.   Total Energy  Conserved En.    Temperature Pressure (bar)
    1.19095e+04   -8.87223e+04   -8.71548e+04    3.75854e+02   -1.29258e+02
   Constr. rmsd
    3.68541e-06

           Step           Time
         105000      210.00000

Current ref_t for group System:    383.2

   Energies (kJ/mol)
           Bond          Angle    Proper Dih. Per. Imp. Dih.          LJ-14
    7.97184e+02    1.89483e+03    2.38315e+03    8.32984e+01    9.37346e+02
     Coulomb-14        LJ (SR)   Coulomb (SR)   Coul. recip.      Potential
    6.75700e+03    7.24316e+03   -1.20864e+05    2.90561e+02   -1.00478e+05
    Kinetic En.   Total Energy  Conserved En.    Temperature Pressure (bar)
    1.20872e+04   -8.83905e+04   -8.63409e+04    3.81464e+02    2.74874e+02
   Constr. rmsd
    3.79238e-06

           Step           Time
         110000      220.00000

Current ref_t for group System:    382.4

   Energies (kJ/mol)
           Bond          Angle    Proper Dih. Per. Imp. Dih.          LJ-14
    8.12173e+02    1.88264e+03    2.41931e+03    7.57308e+01    9.17723e+02
     Coulomb-14        LJ (SR)   Coulomb (SR)   Coul. recip.      Potential
    6.72998e+03    7.45437e+03   -1.20977e+05    2.73930e+02   -1.00411e+05
    Kinetic En.   Total Energy  Conserved En.    Temperature Pressure (bar)
    1.19937e+04   -8.84172e+04   -8.51609e+04    3.78512e+02    2.80203e+02
   Constr. rmsd
    3.37623e-06

           Step           Time
         115000      230.00000

Current ref_t for group System:    381.6

   Energies (kJ/mol)
           Bond          Angle    Proper Dih. Per. Imp. Dih.          LJ-14
    7.38338e+02    1.79099e+03    2.42441e+03    1.11417e+02    9.54303e+02
     Coulomb-14        LJ (SR)   Coulomb (SR)   Coul. recip.      Potential
    6.78383e+03    7.09120e+03   -1.21331e+05    2.75357e+02   -1.01161e+05
    Kinetic En.   Total Energy  Conserved En.    Temperature Pressure (bar)
    1.17387e+04   -8.94228e+04   -8.45191e+04    3.70464e+02    1.32098e+00
   Constr. rmsd
    3.66615e-06

           Step           Time
         120000      240.00000

Current ref_t for group System:    380.8

   Energies (kJ/mol)
           Bond          Angle    Proper Dih. Per. Imp. Dih.          LJ-14
    9.10265e+02    1.78068e+03    2.43259e+03    8.01497e+01    9.54673e+02
     Coulomb-14        LJ (SR)   Coulomb (SR)   Coul. recip.      Potential
    6.75016e+03    7.79789e+03   -1.22161e+05    3.45731e+02   -1.01109e+05
    Kinetic En.   Total Energy  Conserved En.    Temperature Pressure (bar)
    1.26171e+04   -8.84921e+04   -8.37677e+04    3.98188e+02    7.77478e+02
   Constr. rmsd
    3.45928e-06

           Step           Time
         125000      250.00000

Current ref_t for group System:    380.0

   Energies (kJ/mol)
           Bond          Angle    Proper Dih. Per. Imp. Dih.          LJ-14
    8.00320e+02    1.98231e+03    2.47284e+03    7.61798e+01    9.30870e+02
     Coulomb-14        LJ (SR)   Coulomb (SR)   Coul. recip.      Potential
    6.71871e+03    7.46552e+03   -1.20932e+05    3.12312e+02   -1.00173e+05
    Kinetic En.   Total Energy  Conserved En.    Temperature Pressure (bar)
    1.22470e+04   -8.79264e+04   -8.32670e+04    3.86508e+02    7.60392e+02
   Constr. rmsd
    3.32297e-06

           Step           Time
         130000      260.00000

Current ref_t for group System:    378.4

   Energies (kJ/mol)
           Bond          Angle    Proper Dih. Per. Imp. Dih.          LJ-14
    8.60451e+02    1.69170e+03    2.43991e+03    6.85598e+01    9.07213e+02
     Coulomb-14        LJ (SR)   Coulomb (SR)   Coul. recip.      Potential
    6.67326e+03    7.14690e+03   -1.21196e+05    2.69957e+02   -1.01138e+05
    Kinetic En.   Total Energy  Conserved En.    Temperature Pressure (bar)
    1.19681e+04   -8.91700e+04   -8.30667e+04    3.77704e+02   -5.60713e+02
   Constr. rmsd
    3.64125e-06

           Step           Time
         135000      270.00000

Current ref_t for group System:    376.8

   Energies (kJ/mol)
           Bond          Angle    Proper Dih. Per. Imp. Dih.          LJ-14
    9.14009e+02    1.76599e+03    2.29373e+03    7.06220e+01    9.26149e+02
     Coulomb-14        LJ (SR)   Coulomb (SR)   Coul. recip.      Potential
    6.78829e+03    7.50894e+03   -1.21549e+05    2.89551e+02   -1.00992e+05
    Kinetic En.   Total Energy  Conserved En.    Temperature Pressure (bar)
    1.18624e+04   -8.91293e+04   -8.26907e+04    3.74370e+02    5.49407e+02
   Constr. rmsd
    3.66774e-06

           Step           Time
         140000      280.00000

Current ref_t for group System:    375.2

   Energies (kJ/mol)
           Bond          Angle    Proper Dih. Per. Imp. Dih.          LJ-14
    7.86953e+02    1.83241e+03    2.42821e+03    9.23715e+01    8.82273e+02
     Coulomb-14        LJ (SR)   Coulomb (SR)   Coul. recip.      Potential
    6.72099e+03    7.73792e+03   -1.22324e+05    2.78003e+02   -1.01565e+05
    Kinetic En.   Total Energy  Conserved En.    Temperature Pressure (bar)
    1.18736e+04   -8.96914e+04   -8.22819e+04    3.74721e+02    4.11435e+02
   Constr. rmsd
    3.50462e-06

           Step           Time
         145000      290.00000

Current ref_t for group System:    373.6

   Energies (kJ/mol)
           Bond          Angle    Proper Dih. Per. Imp. Dih.          LJ-14
    9.01202e+02    1.80681e+03    2.38262e+03    8.73178e+01    9.49451e+02
     Coulomb-14        LJ (SR)   Coulomb (SR)   Coul. recip.      Potential
    6.78398e+03    7.56110e+03   -1.21698e+05    2.84660e+02   -1.00941e+05
    Kinetic En.   Total Energy  Conserved En.    Temperature Pressure (bar)
    1.16800e+04   -8.92612e+04   -8.16401e+04    3.68611e+02    1.27585e+03
   Constr. rmsd
    3.79556e-06

           Step           Time
         150000      300.00000

Current ref_t for group System:    372.0

   Energies (kJ/mol)
           Bond          Angle    Proper Dih. Per. Imp. Dih.          LJ-14
    8.77539e+02    1.84603e+03    2.30950e+03    8.56269e+01    9.37765e+02
     Coulomb-14        LJ (SR)   Coulomb (SR)   Coul. recip.      Potential
    6.73025e+03    7.72497e+03   -1.22176e+05    3.11287e+02   -1.01353e+05
    Kinetic En.   Total Energy  Conserved En.    Temperature Pressure (bar)
    1.19204e+04   -8.94324e+04   -8.13632e+04    3.76199e+02   -6.81216e+02
   Constr. rmsd
    3.32867e-06

           Step           Time
         155000      310.00000

Current ref_t for group System:    370.4

   Energies (kJ/mol)
           Bond          Angle    Proper Dih. Per. Imp. Dih.          LJ-14
    8.39886e+02    1.82005e+03    2.27203e+03    7.40443e+01    9.65848e+02
     Coulomb-14        LJ (SR)   Coulomb (SR)   Coul. recip.      Potential
    6.74006e+03    7.42097e+03   -1.21510e+05    2.82134e+02   -1.01095e+05
    Kinetic En.   Total Energy  Conserved En.    Temperature Pressure (bar)
    1.18106e+04   -8.92843e+04   -8.09116e+04    3.72734e+02    6.65314e+02
   Constr. rmsd
    3.50662e-06

           Step           Time
         160000      320.00000

Current ref_t for group System:    368.8

   Energies (kJ/mol)
           Bond          Angle    Proper Dih. Per. Imp. Dih.          LJ-14
    8.80416e+02    1.76296e+03    2.30789e+03    6.85318e+01    8.88431e+02
     Coulomb-14        LJ (SR)   Coulomb (SR)   Coul. recip.      Potential
    6.76946e+03    7.85732e+03   -1.22132e+05    2.93384e+02   -1.01304e+05
    Kinetic En.   Total Energy  Conserved En.    Temperature Pressure (bar)
    1.18235e+04   -8.94800e+04   -8.02564e+04    3.73142e+02   -1.26312e+02
   Constr. rmsd
    3.61432e-06

           Step           Time
         165000      330.00000

Current ref_t for group System:    367.2

   Energies (kJ/mol)
           Bond          Angle    Proper Dih. Per. Imp. Dih.          LJ-14
    7.98931e+02    1.82604e+03    2.34871e+03    7.48587e+01    9.58741e+02
     Coulomb-14        LJ (SR)   Coulomb (SR)   Coul. recip.      Potential
    6.74915e+03    7.18837e+03   -1.21752e+05    2.37555e+02   -1.01570e+05
    Kinetic En.   Total Energy  Conserved En.    Temperature Pressure (bar)
    1.14963e+04   -9.00735e+04   -7.97626e+04    3.62814e+02    2.06000e+02
   Constr. rmsd
    3.92570e-06

           Step           Time
         170000      340.00000

Current ref_t for group System:    365.6

   Energies (kJ/mol)
           Bond          Angle    Proper Dih. Per. Imp. Dih.          LJ-14
    9.01021e+02    1.88036e+03    2.36913e+03    9.45949e+01    8.99118e+02
     Coulomb-14        LJ (SR)   Coulomb (SR)   Coul. recip.      Potential
    6.71149e+03    7.44024e+03   -1.22670e+05    2.68387e+02   -1.02106e+05
    Kinetic En.   Total Energy  Conserved En.    Temperature Pressure (bar)
    1.15687e+04   -9.05374e+04   -7.94520e+04    3.65101e+02   -4.24978e+02
   Constr. rmsd
    3.45736e-06

           Step           Time
         175000      350.00000

Current ref_t for group System:    364.0

   Energies (kJ/mol)
           Bond          Angle    Proper Dih. Per. Imp. Dih.          LJ-14
    8.30168e+02    1.79768e+03    2.21891e+03    5.80403e+01    9.24780e+02
     Coulomb-14        LJ (SR)   Coulomb (SR)   Coul. recip.      Potential
    6.69022e+03    7.18471e+03   -1.21727e+05    2.90745e+02   -1.01732e+05
    Kinetic En.   Total Energy  Conserved En.    Temperature Pressure (bar)
    1.13475e+04   -9.03842e+04   -7.91223e+04    3.58118e+02   -5.95737e+02
   Constr. rmsd
    3.31964e-06

           Step           Time
         180000      360.00000

Current ref_t for group System:    362.4

   Energies (kJ/mol)
           Bond          Angle    Proper Dih. Per. Imp. Dih.          LJ-14
    8.05521e+02    1.80752e+03    2.33004e+03    6.84977e+01    9.56096e+02
     Coulomb-14        LJ (SR)   Coulomb (SR)   Coul. recip.      Potential
    6.75214e+03    7.90439e+03   -1.22686e+05    2.57555e+02   -1.01805e+05
    Kinetic En.   Total Energy  Conserved En.    Temperature Pressure (bar)
    1.15745e+04   -9.02301e+04   -7.87698e+04    3.65282e+02    1.51468e+03
   Constr. rmsd
    3.22116e-06

           Step           Time
         185000      370.00000

Current ref_t for group System:    360.8

   Energies (kJ/mol)
           Bond          Angle    Proper Dih. Per. Imp. Dih.          LJ-14
    9.27586e+02    1.70863e+03    2.18381e+03    5.93250e+01    9.05113e+02
     Coulomb-14        LJ (SR)   Coulomb (SR)   Coul. recip.      Potential
    6.72943e+03    7.44882e+03   -1.22093e+05    2.68372e+02   -1.01862e+05
    Kinetic En.   Total Energy  Conserved En.    Temperature Pressure (bar)
    1.14185e+04   -9.04430e+04   -7.81202e+04    3.60360e+02   -9.39897e+02
   Constr. rmsd
    3.63867e-06

           Step           Time
         190000      380.00000

Current ref_t for group System:    359.2

   Energies (kJ/mol)
           Bond          Angle    Proper Dih. Per. Imp. Dih.          LJ-14
    8.19112e+02    1.59993e+03    2.24071e+03    8.07703e+01    9.15519e+02
     Coulomb-14        LJ (SR)   Coulomb (SR)   Coul. recip.      Potential
    6.74095e+03    7.52777e+03   -1.22416e+05    2.55890e+02   -1.02235e+05
    Kinetic En.   Total Energy  Conserved En.    Temperature Pressure (bar)
    1.13139e+04   -9.09211e+04   -7.71238e+04    3.57058e+02   -6.94235e+01
   Constr. rmsd
    2.56040e-06

           Step           Time
         195000      390.00000

Current ref_t for group System:    357.6

   Energies (kJ/mol)
           Bond          Angle    Proper Dih. Per. Imp. Dih.          LJ-14
    8.51724e+02    1.83238e+03    2.22430e+03    5.87558e+01    9.33436e+02
     Coulomb-14        LJ (SR)   Coulomb (SR)   Coul. recip.      Potential
    6.76914e+03    7.86257e+03   -1.23246e+05    2.67970e+02   -1.02446e+05
    Kinetic En.   Total Energy  Conserved En.    Temperature Pressure (bar)
    1.12316e+04   -9.12145e+04   -7.70069e+04    3.54461e+02    6.54686e+02
   Constr. rmsd
    3.07167e-06

           Step           Time
         200000      400.00000

Current ref_t for group System:    356.0

   Energies (kJ/mol)
           Bond          Angle    Proper Dih. Per. Imp. Dih.          LJ-14
    8.15865e+02    1.73979e+03    2.29744e+03    8.98385e+01    9.44597e+02
     Coulomb-14        LJ (SR)   Coulomb (SR)   Coul. recip.      Potential
    6.79204e+03    7.93423e+03   -1.23326e+05    2.72158e+02   -1.02440e+05
    Kinetic En.   Total Energy  Conserved En.    Temperature Pressure (bar)
    1.14003e+04   -9.10400e+04   -7.67200e+04    3.59785e+02    8.44103e+02
   Constr. rmsd
    2.73199e-06

           Step           Time
         205000      410.00000

Current ref_t for group System:    354.4

   Energies (kJ/mol)
           Bond          Angle    Proper Dih. Per. Imp. Dih.          LJ-14
    7.58339e+02    1.70983e+03    2.32476e+03    7.76862e+01    9.53664e+02
     Coulomb-14        LJ (SR)   Coulomb (SR)   Coul. recip.      Potential
    6.67778e+03    7.26191e+03   -1.22578e+05    2.84621e+02   -1.02530e+05
    Kinetic En.   Total Energy  Conserved En.    Temperature Pressure (bar)
    1.14788e+04   -9.10509e+04   -7.62388e+04    3.62261e+02   -7.77771e+01
   Constr. rmsd
    2.73405e-06

           Step           Time
         210000      420.00000

Current ref_t for group System:    352.8

   Energies (kJ/mol)
           Bond          Angle    Proper Dih. Per. Imp. Dih.          LJ-14
    8.61601e+02    1.70854e+03    2.26354e+03    7.03442e+01    9.32833e+02
     Coulomb-14        LJ (SR)   Coulomb (SR)   Coul. recip.      Potential
    6.72430e+03    7.68392e+03   -1.22946e+05    2.68642e+02   -1.02432e+05
    Kinetic En.   Total Energy  Conserved En.    Temperature Pressure (bar)
    1.12096e+04   -9.12228e+04   -7.59454e+04    3.53768e+02   -2.24031e+02
   Constr. rmsd
    3.56178e-06

           Step           Time
         215000      430.00000

Current ref_t for group System:    351.2

   Energies (kJ/mol)
           Bond          Angle    Proper Dih. Per. Imp. Dih.          LJ-14
    8.11039e+02    1.83065e+03    2.29635e+03    7.84260e+01    9.20993e+02
     Coulomb-14        LJ (SR)   Coulomb (SR)   Coul. recip.      Potential
    6.69304e+03    7.89635e+03   -1.23245e+05    2.63218e+02   -1.02455e+05
    Kinetic En.   Total Energy  Conserved En.    Temperature Pressure (bar)
    1.09869e+04   -9.14677e+04   -7.56417e+04    3.46739e+02    7.14518e+02
   Constr. rmsd
    3.46014e-06

           Step           Time
         220000      440.00000

Current ref_t for group System:    349.6

   Energies (kJ/mol)
           Bond          Angle    Proper Dih. Per. Imp. Dih.          LJ-14
    8.27133e+02    1.71863e+03    2.30612e+03    6.73067e+01    9.04314e+02
     Coulomb-14        LJ (SR)   Coulomb (SR)   Coul. recip.      Potential
    6.69134e+03    7.52714e+03   -1.23330e+05    2.77347e+02   -1.03011e+05
    Kinetic En.   Total Energy  Conserved En.    Temperature Pressure (bar)
    1.10033e+04   -9.20073e+04   -7.54423e+04    3.47257e+02   -2.91446e+02
   Constr. rmsd
    3.15089e-06

           Step           Time
         225000      450.00000

Current ref_t for group System:    348.0

   Energies (kJ/mol)
           Bond          Angle    Proper Dih. Per. Imp. Dih.          LJ-14
    8.63806e+02    1.83766e+03    2.38589e+03    7.70245e+01    9.12518e+02
     Coulomb-14        LJ (SR)   Coulomb (SR)   Coul. recip.      Potential
    6.72224e+03    7.45575e+03   -1.22815e+05    2.66847e+02   -1.02294e+05
    Kinetic En.   Total Energy  Conserved En.    Temperature Pressure (bar)
    1.08538e+04   -9.14398e+04   -7.49249e+04    3.42539e+02   -9.14983e+02
   Constr. rmsd
    3.43308e-06

           Step           Time
         230000      460.00000

Current ref_t for group System:    346.4

   Energies (kJ/mol)
           Bond          Angle    Proper Dih. Per. Imp. Dih.          LJ-14
    7.92098e+02    1.70160e+03    2.38852e+03    7.27242e+01    9.05971e+02
     Coulomb-14        LJ (SR)   Coulomb (SR)   Coul. recip.      Potential
    6.74583e+03    7.45711e+03   -1.22873e+05    2.80399e+02   -1.02529e+05
    Kinetic En.   Total Energy  Conserved En.    Temperature Pressure (bar)
    1.10773e+04   -9.14518e+04   -7.45309e+04    3.49593e+02    1.04743e+01
   Constr. rmsd
    3.57874e-06

           Step           Time
         235000      470.00000

Current ref_t for group System:    344.8

   Energies (kJ/mol)
           Bond          Angle    Proper Dih. Per. Imp. Dih.          LJ-14
    8.01128e+02    1.70372e+03    2.34962e+03    1.00510e+02    9.17577e+02
     Coulomb-14        LJ (SR)   Coulomb (SR)   Coul. recip.      Potential
    6.69376e+03    7.87974e+03   -1.23798e+05    2.54756e+02   -1.03097e+05
    Kinetic En.   Total Energy  Conserved En.    Temperature Pressure (bar)
    1.08223e+04   -9.22745e+04   -7.42937e+04    3.41545e+02    5.10906e+02
   Constr. rmsd
    3.30588e-06

           Step           Time
         240000      480.00000

Current ref_t for group System:    343.2

   Energies (kJ/mol)
           Bond          Angle    Proper Dih. Per. Imp. Dih.          LJ-14
    8.30717e+02    1.76577e+03    2.31525e+03    7.04137e+01    9.40579e+02
     Coulomb-14        LJ (SR)   Coulomb (SR)   Coul. recip.      Potential
    6.73139e+03    7.68767e+03   -1.23596e+05    2.66006e+02   -1.02988e+05
    Kinetic En.   Total Energy  Conserved En.    Temperature Pressure (bar)
    1.05412e+04   -9.24472e+04   -7.37323e+04    3.32673e+02   -3.25682e+02
   Constr. rmsd
    2.70566e-06

           Step           Time
         245000      490.00000

Current ref_t for group System:    341.6

   Energies (kJ/mol)
           Bond          Angle    Proper Dih. Per. Imp. Dih.          LJ-14
    6.84738e+02    1.69410e+03    2.35088e+03    8.97227e+01    9.38752e+02
     Coulomb-14        LJ (SR)   Coulomb (SR)   Coul. recip.      Potential
    6.73744e+03    7.46253e+03   -1.23397e+05    2.65533e+02   -1.03173e+05
    Kinetic En.   Total Energy  Conserved En.    Temperature Pressure (bar)
    1.08612e+04   -9.23121e+04   -7.34528e+04    3.42773e+02    2.83413e+02
   Constr. rmsd
    3.31580e-06

           Step           Time
         250000      500.00000

Current ref_t for group System:    340.0

   Energies (kJ/mol)
           Bond          Angle    Proper Dih. Per. Imp. Dih.          LJ-14
    8.22850e+02    1.80102e+03    2.22873e+03    7.12782e+01    9.06719e+02
     Coulomb-14        LJ (SR)   Coulomb (SR)   Coul. recip.      Potential
    6.72549e+03    7.46187e+03   -1.23338e+05    2.37679e+02   -1.03082e+05
    Kinetic En.   Total Energy  Conserved En.    Temperature Pressure (bar)
    1.06826e+04   -9.23997e+04   -7.28678e+04    3.37135e+02    1.66244e+02
   Constr. rmsd
    2.91160e-06

           Step           Time
         255000      510.00000

Current ref_t for group System:    339.2

   Energies (kJ/mol)
           Bond          Angle    Proper Dih. Per. Imp. Dih.          LJ-14
    7.76134e+02    1.85216e+03    2.35067e+03    6.97826e+01    9.03559e+02
     Coulomb-14        LJ (SR)   Coulomb (SR)   Coul. recip.      Potential
    6.72353e+03    7.37590e+03   -1.23346e+05    2.74652e+02   -1.03019e+05
    Kinetic En.   Total Energy  Conserved En.    Temperature Pressure (bar)
    1.10637e+04   -9.19557e+04   -7.23988e+04    3.49163e+02   -1.90690e+02
   Constr. rmsd
    3.51474e-06

           Step           Time
         260000      520.00000

Current ref_t for group System:    338.4

   Energies (kJ/mol)
           Bond          Angle    Proper Dih. Per. Imp. Dih.          LJ-14
    7.15156e+02    1.79565e+03    2.35897e+03    7.04934e+01    8.96560e+02
     Coulomb-14        LJ (SR)   Coulomb (SR)   Coul. recip.      Potential
    6.69522e+03    7.28004e+03   -1.22773e+05    2.93778e+02   -1.02667e+05
    Kinetic En.   Total Energy  Conserved En.    Temperature Pressure (bar)
    1.09892e+04   -9.16782e+04   -7.19146e+04    3.46810e+02   -1.12027e+03
   Constr. rmsd
    3.69450e-06

           Step           Time
         265000      530.00000

Current ref_t for group System:    337.6

   Energies (kJ/mol)
           Bond          Angle    Proper Dih. Per. Imp. Dih.          LJ-14
    8.30882e+02    1.59380e+03    2.20056e+03    9.76247e+01    9.54150e+02
     Coulomb-14        LJ (SR)   Coulomb (SR)   Coul. recip.      Potential
    6.72950e+03    8.18980e+03   -1.24714e+05    2.44049e+02   -1.03874e+05
    Kinetic En.   Total Energy  Conserved En.    Temperature Pressure (bar)
    1.08184e+04   -9.30556e+04   -7.12122e+04    3.41420e+02    1.33241e+03
   Constr. rmsd
    2.94215e-06

           Step           Time
         270000      540.00000

Current ref_t for group System:    336.8

   Energies (kJ/mol)
           Bond          Angle    Proper Dih. Per. Imp. Dih.          LJ-14
    7.88955e+02    1.76640e+03    2.26122e+03    5.32799e+01    9.00008e+02
     Coulomb-14        LJ (SR)   Coulomb (SR)   Coul. recip.      Potential
    6.67853e+03    7.65264e+03   -1.23925e+05    2.48858e+02   -1.03575e+05
    Kinetic En.   Total Energy  Conserved En.    Temperature Pressure (bar)
    1.06120e+04   -9.29628e+04   -7.08914e+04    3.34905e+02    2.35375e+02
   Constr. rmsd
    2.96546e-06

           Step           Time
         275000      550.00000

Current ref_t for group System:    336.0

   Energies (kJ/mol)
           Bond          Angle    Proper Dih. Per. Imp. Dih.          LJ-14
    8.69428e+02    1.74522e+03    2.24374e+03    7.22185e+01    9.00799e+02
     Coulomb-14        LJ (SR)   Coulomb (SR)   Coul. recip.      Potential
    6.73070e+03    7.75714e+03   -1.24336e+05    2.39813e+02   -1.03777e+05
    Kinetic En.   Total Energy  Conserved En.    Temperature Pressure (bar)
    1.09928e+04   -9.27840e+04   -7.05704e+04    3.46926e+02   -7.16873e+02
   Constr. rmsd
    2.77889e-06

           Step           Time
         280000      560.00000

Current ref_t for group System:    335.2

   Energies (kJ/mol)
           Bond          Angle    Proper Dih. Per. Imp. Dih.          LJ-14
    8.24930e+02    1.72425e+03    2.34453e+03    9.79252e+01    9.17478e+02
     Coulomb-14        LJ (SR)   Coulomb (SR)   Coul. recip.      Potential
    6.70001e+03    7.32379e+03   -1.23913e+05    2.33657e+02   -1.03747e+05
    Kinetic En.   Total Energy  Conserved En.    Temperature Pressure (bar)
    1.06645e+04   -9.30822e+04   -7.00715e+04    3.36562e+02   -1.02233e+03
   Constr. rmsd
    3.33330e-06

           Step           Time
         285000      570.00000

Current ref_t for group System:    334.4

   Energies (kJ/mol)
           Bond          Angle    Proper Dih. Per. Imp. Dih.          LJ-14
    7.20549e+02    1.67634e+03    2.27848e+03    6.07876e+01    9.50683e+02
     Coulomb-14        LJ (SR)   Coulomb (SR)   Coul. recip.      Potential
    6.70566e+03    7.69358e+03   -1.24362e+05    2.56519e+02   -1.04020e+05
    Kinetic En.   Total Energy  Conserved En.    Temperature Pressure (bar)
    1.03363e+04   -9.36835e+04   -6.98994e+04    3.26205e+02    3.57837e+02
   Constr. rmsd
    3.06468e-06

           Step           Time
         290000      580.00000

Current ref_t for group System:    333.6

   Energies (kJ/mol)
           Bond          Angle    Proper Dih. Per. Imp. Dih.          LJ-14
    8.43820e+02    1.73216e+03    2.28107e+03    5.47458e+01    9.18245e+02
     Coulomb-14        LJ (SR)   Coulomb (SR)   Coul. recip.      Potential
    6.70326e+03    7.48656e+03   -1.23778e+05    2.69944e+02   -1.03488e+05
    Kinetic En.   Total Energy  Conserved En.    Temperature Pressure (bar)
    1.04957e+04   -9.29922e+04   -6.93540e+04    3.31238e+02   -4.30161e+02
   Constr. rmsd
    2.85051e-06

           Step           Time
         295000      590.00000

Current ref_t for group System:    332.8

   Energies (kJ/mol)
           Bond          Angle    Proper Dih. Per. Imp. Dih.          LJ-14
    8.29870e+02    1.73438e+03    2.31800e+03    6.03703e+01    8.95234e+02
     Coulomb-14        LJ (SR)   Coulomb (SR)   Coul. recip.      Potential
    6.70917e+03    7.76577e+03   -1.23989e+05    2.36891e+02   -1.03439e+05
    Kinetic En.   Total Energy  Conserved En.    Temperature Pressure (bar)
    1.07065e+04   -9.27325e+04   -6.89855e+04    3.37891e+02   -4.04830e+02
   Constr. rmsd
    3.01712e-06

           Step           Time
         300000      600.00000

Current ref_t for group System:    332.0

   Energies (kJ/mol)
           Bond          Angle    Proper Dih. Per. Imp. Dih.          LJ-14
    7.07866e+02    1.71643e+03    2.23854e+03    8.02487e+01    9.22744e+02
     Coulomb-14        LJ (SR)   Coulomb (SR)   Coul. recip.      Potential
    6.75651e+03    7.75833e+03   -1.23982e+05    2.59720e+02   -1.03542e+05
    Kinetic En.   Total Energy  Conserved En.    Temperature Pressure (bar)
    1.06805e+04   -9.28614e+04   -6.87103e+04    3.37069e+02    5.22229e+02
   Constr. rmsd
    3.40908e-06

           Step           Time
         305000      610.00000

Current ref_t for group System:    331.2

   Energies (kJ/mol)
           Bond          Angle    Proper Dih. Per. Imp. Dih.          LJ-14
    7.95317e+02    1.53034e+03    2.25294e+03    6.65971e+01    8.84832e+02
     Coulomb-14        LJ (SR)   Coulomb (SR)   Coul. recip.      Potential
    6.75620e+03    7.94615e+03   -1.24775e+05    2.40415e+02   -1.04302e+05
    Kinetic En.   Total Energy  Conserved En.    Temperature Pressure (bar)
    1.04881e+04   -9.38137e+04   -6.81652e+04    3.30997e+02    3.87038e+02
   Constr. rmsd
    3.52286e-06

           Step           Time
         310000      620.00000

Current ref_t for group System:    330.4

   Energies (kJ/mol)
           Bond          Angle    Proper Dih. Per. Imp. Dih.          LJ-14
    8.11789e+02    1.58998e+03    2.33924e+03    6.04174e+01    9.40108e+02
     Coulomb-14        LJ (SR)   Coulomb (SR)   Coul. recip.      Potential
    6.72737e+03    7.78305e+03   -1.24064e+05    2.48168e+02   -1.03564e+05
    Kinetic En.   Total Energy  Conserved En.    Temperature Pressure (bar)
    1.05089e+04   -9.30555e+04   -6.76050e+04    3.31652e+02    2.88249e+02
   Constr. rmsd
    3.74030e-06

           Step           Time
         315000      630.00000

Current ref_t for group System:    329.6

   Energies (kJ/mol)
           Bond          Angle    Proper Dih. Per. Imp. Dih.          LJ-14
    8.23422e+02    1.57106e+03    2.21965e+03    7.70514e+01    8.58602e+02
     Coulomb-14        LJ (SR)   Coulomb (SR)   Coul. recip.      Potential
    6.79592e+03    7.73581e+03   -1.24343e+05    2.57262e+02   -1.04004e+05
    Kinetic En.   Total Energy  Conserved En.    Temperature Pressure (bar)
    1.02296e+04   -9.37748e+04   -6.70493e+04    3.22840e+02   -9.14734e+02
   Constr. rmsd
    2.99662e-06

           Step           Time
         320000      640.00000

Current ref_t for group System:    328.8

   Energies (kJ/mol)
           Bond          Angle    Proper Dih. Per. Imp. Dih.          LJ-14
    7.42603e+02    1.60747e+03    2.27301e+03    8.12047e+01    9.06426e+02
     Coulomb-14        LJ (SR)   Coulomb (SR)   Coul. recip.      Potential
    6.81761e+03    7.76705e+03   -1.24220e+05    2.37903e+02   -1.03787e+05
    Kinetic En.   Total Energy  Conserved En.    Temperature Pressure (bar)
    1.03249e+04   -9.34619e+04   -6.67547e+04    3.25845e+02    2.96810e+02
   Constr. rmsd
    2.10300e-06

           Step           Time
         325000      650.00000

Current ref_t for group System:    328.0

   Energies (kJ/mol)
           Bond          Angle    Proper Dih. Per. Imp. Dih.          LJ-14
    8.20315e+02    1.63271e+03    2.17508e+03    5.91640e+01    9.10245e+02
     Coulomb-14        LJ (SR)   Coulomb (SR)   Coul. recip.      Potential
    6.81494e+03    7.51486e+03   -1.24215e+05    2.64523e+02   -1.04024e+05
    Kinetic En.   Total Energy  Conserved En.    Temperature Pressure (bar)
    1.05588e+04   -9.34647e+04   -6.63276e+04    3.33229e+02   -3.83331e+02
   Constr. rmsd
    3.01188e-06

           Step           Time
         330000      660.00000

Current ref_t for group System:    327.2

   Energies (kJ/mol)
           Bond          Angle    Proper Dih. Per. Imp. Dih.          LJ-14
    8.82608e+02    1.77678e+03    2.25366e+03    7.20706e+01    9.10926e+02
     Coulomb-14        LJ (SR)   Coulomb (SR)   Coul. recip.      Potential
    6.73009e+03    7.66683e+03   -1.24339e+05    2.34372e+02   -1.03811e+05
    Kinetic En.   Total Energy  Conserved En.    Temperature Pressure (bar)
    1.03405e+04   -9.34709e+04   -6.60894e+04    3.26338e+02   -4.08350e+02
   Constr. rmsd
    3.00602e-06

           Step           Time
         335000      670.00000

Current ref_t for group System:    326.4

   Energies (kJ/mol)
           Bond          Angle    Proper Dih. Per. Imp. Dih.          LJ-14
    7.93217e+02    1.73473e+03    2.22442e+03    5.93494e+01    9.18741e+02
     Coulomb-14        LJ (SR)   Coulomb (SR)   Coul. recip.      Potential
    6.80289e+03    8.25888e+03   -1.25229e+05    2.42766e+02   -1.04194e+05
    Kinetic En.   Total Energy  Conserved En.    Temperature Pressure (bar)
    1.02601e+04   -9.39335e+04   -6.57169e+04    3.23802e+02    6.08421e+02
   Constr. rmsd
    2.89305e-06

           Step           Time
         340000      680.00000

Current ref_t for group System:    325.6

   Energies (kJ/mol)
           Bond          Angle    Proper Dih. Per. Imp. Dih.          LJ-14
    8.37669e+02    1.49668e+03    2.19204e+03    7.49165e+01    9.04553e+02
     Coulomb-14        LJ (SR)   Coulomb (SR)   Coul. recip.      Potential
    6.78719e+03    7.86360e+03   -1.25149e+05    2.27199e+02   -1.04765e+05
    Kinetic En.   Total Energy  Conserved En.    Temperature Pressure (bar)
    1.02408e+04   -9.45246e+04   -6.55006e+04    3.23192e+02   -7.79984e+02
   Constr. rmsd
    3.65991e-06

           Step           Time
         345000      690.00000

Current ref_t for group System:    324.8

   Energies (kJ/mol)
           Bond          Angle    Proper Dih. Per. Imp. Dih.          LJ-14
    6.78256e+02    1.67458e+03    2.24518e+03    7.11666e+01    9.47502e+02
     Coulomb-14        LJ (SR)   Coulomb (SR)   Coul. recip.      Potential
    6.78220e+03    7.78719e+03   -1.24635e+05    2.33936e+02   -1.04215e+05
    Kinetic En.   Total Energy  Conserved En.    Temperature Pressure (bar)
    9.94716e+03   -9.42677e+04   -6.51968e+04    3.13925e+02   -2.39559e+02
   Constr. rmsd
    3.06653e-06

           Step           Time
         350000      700.00000

Current ref_t for group System:    324.0

   Energies (kJ/mol)
           Bond          Angle    Proper Dih. Per. Imp. Dih.          LJ-14
    7.78129e+02    1.54922e+03    2.20169e+03    5.67538e+01    8.94905e+02
     Coulomb-14        LJ (SR)   Coulomb (SR)   Coul. recip.      Potential
    6.73050e+03    7.85156e+03   -1.24645e+05    2.33165e+02   -1.04349e+05
    Kinetic En.   Total Energy  Conserved En.    Temperature Pressure (bar)
    1.01835e+04   -9.41654e+04   -6.47831e+04    3.21383e+02   -4.03131e+02
   Constr. rmsd
    2.88792e-06

           Step           Time
         355000      710.00000

Current ref_t for group System:    323.2

   Energies (kJ/mol)
           Bond          Angle    Proper Dih. Per. Imp. Dih.          LJ-14
    7.73488e+02    1.54991e+03    2.28531e+03    6.48603e+01    9.06511e+02
     Coulomb-14        LJ (SR)   Coulomb (SR)   Coul. recip.      Potential
    6.76665e+03    7.85942e+03   -1.24819e+05    2.39503e+02   -1.04373e+05
    Kinetic En.   Total Energy  Conserved En.    Temperature Pressure (bar)
    1.04112e+04   -9.39617e+04   -6.45114e+04    3.28569e+02    1.49177e+02
   Constr. rmsd
    2.69315e-06

           Step           Time
         360000      720.00000

Current ref_t for group System:    322.4

   Energies (kJ/mol)
           Bond          Angle    Proper Dih. Per. Imp. Dih.          LJ-14
    7.33830e+02    1.57544e+03    2.32162e+03    7.39628e+01    9.01357e+02
     Coulomb-14        LJ (SR)   Coulomb (SR)   Coul. recip.      Potential
    6.73785e+03    8.11599e+03   -1.24915e+05    2.20602e+02   -1.04234e+05
    Kinetic En.   Total Energy  Conserved En.    Temperature Pressure (bar)
    1.03667e+04   -9.38675e+04   -6.42617e+04    3.27166e+02    9.10758e+02
   Constr. rmsd
    2.67174e-06

           Step           Time
         365000      730.00000

Current ref_t for group System:    321.6

   Energies (kJ/mol)
           Bond          Angle    Proper Dih. Per. Imp. Dih.          LJ-14
    7.79556e+02    1.48261e+03    2.28358e+03    7.30717e+01    9.45452e+02
     Coulomb-14        LJ (SR)   Coulomb (SR)   Coul. recip.      Potential
    6.77080e+03    7.95624e+03   -1.24752e+05    2.15250e+02   -1.04245e+05
    Kinetic En.   Total Energy  Conserved En.    Temperature Pressure (bar)
    1.00356e+04   -9.42097e+04   -6.39402e+04    3.16715e+02    3.98854e+02
   Constr. rmsd
    3.09025e-06

           Step           Time
         370000      740.00000

Current ref_t for group System:    320.8

   Energies (kJ/mol)
           Bond          Angle    Proper Dih. Per. Imp. Dih.          LJ-14
    7.69103e+02    1.51843e+03    2.21040e+03    6.26843e+01    9.79386e+02
     Coulomb-14        LJ (SR)   Coulomb (SR)   Coul. recip.      Potential
    6.74417e+03    7.42857e+03   -1.24584e+05    2.37748e+02   -1.04634e+05
    Kinetic En.   Total Energy  Conserved En.    Temperature Pressure (bar)
    9.99524e+03   -9.46387e+04   -6.35512e+04    3.15443e+02   -1.68623e+02
   Constr. rmsd
    2.98737e-06

           Step           Time
         375000      750.00000

Current ref_t for group System:    320.0

   Energies (kJ/mol)
           Bond          Angle    Proper Dih. Per. Imp. Dih.          LJ-14
    8.09604e+02    1.65271e+03    2.27014e+03    8.60533e+01    9.03091e+02
     Coulomb-14        LJ (SR)   Coulomb (SR)   Coul. recip.      Potential
    6.75359e+03    7.79025e+03   -1.24679e+05    2.06808e+02   -1.04206e+05
    Kinetic En.   Total Energy  Conserved En.    Temperature Pressure (bar)
    9.79787e+03   -9.44084e+04   -6.31072e+04    3.09214e+02    5.65542e+01
   Constr. rmsd
    2.96198e-06

           Step           Time
         380000      760.00000

Current ref_t for group System:    319.2

   Energies (kJ/mol)
           Bond          Angle    Proper Dih. Per. Imp. Dih.          LJ-14
    7.61062e+02    1.62352e+03    2.38503e+03    8.44899e+01    9.18993e+02
     Coulomb-14        LJ (SR)   Coulomb (SR)   Coul. recip.      Potential
    6.73837e+03    7.86235e+03   -1.24858e+05    2.36036e+02   -1.04248e+05
    Kinetic En.   Total Energy  Conserved En.    Temperature Pressure (bar)
    9.83810e+03   -9.44103e+04   -6.26805e+04    3.10483e+02   -2.05956e+02
   Constr. rmsd
    2.73538e-06

           Step           Time
         385000      770.00000

Current ref_t for group System:    318.4

   Energies (kJ/mol)
           Bond          Angle    Proper Dih. Per. Imp. Dih.          LJ-14
    7.23679e+02    1.60094e+03    2.24119e+03    6.78839e+01    8.66155e+02
     Coulomb-14        LJ (SR)   Coulomb (SR)   Coul. recip.      Potential
    6.74567e+03    7.83620e+03   -1.25213e+05    2.12560e+02   -1.04919e+05
    Kinetic En.   Total Energy  Conserved En.    Temperature Pressure (bar)
    9.93041e+03   -9.49884e+04   -6.23415e+04    3.13397e+02   -6.01440e+02
   Constr. rmsd
    2.79224e-06

           Step           Time
         390000      780.00000

Current ref_t for group System:    317.6

   Energies (kJ/mol)
           Bond          Angle    Proper Dih. Per. Imp. Dih.          LJ-14
    7.11206e+02    1.57110e+03    2.35909e+03    6.48872e+01    8.96070e+02
     Coulomb-14        LJ (SR)   Coulomb (SR)   Coul. recip.      Potential
    6.70868e+03    7.89650e+03   -1.25129e+05    2.21998e+02   -1.04700e+05
    Kinetic En.   Total Energy  Conserved En.    Temperature Pressure (bar)
    9.76212e+03   -9.49376e+04   -6.19835e+04    3.08085e+02   -3.42690e+02
   Constr. rmsd
    2.40113e-06

           Step           Time
         395000      790.00000

Current ref_t for group System:    316.8

   Energies (kJ/mol)
           Bond          Angle    Proper Dih. Per. Imp. Dih.          LJ-14
    6.44236e+02    1.68860e+03    2.23244e+03    7.95127e+01    8.90985e+02
     Coulomb-14        LJ (SR)   Coulomb (SR)   Coul. recip.      Potential
    6.70077e+03    7.77690e+03   -1.25036e+05    2.36971e+02   -1.04786e+05
    Kinetic En.   Total Energy  Conserved En.    Temperature Pressure (bar)
    1.01410e+04   -9.46448e+04   -6.16981e+04    3.20042e+02    1.74643e+02
   Constr. rmsd
    3.04561e-06

           Step           Time
         400000      800.00000

Current ref_t for group System:    316.0

   Energies (kJ/mol)
           Bond          Angle    Proper Dih. Per. Imp. Dih.          LJ-14
    8.43719e+02    1.54119e+03    2.19887e+03    5.04563e+01    8.81596e+02
     Coulomb-14        LJ (SR)   Coulomb (SR)   Coul. recip.      Potential
    6.73364e+03    8.05162e+03   -1.25638e+05    2.70474e+02   -1.05067e+05
    Kinetic En.   Total Energy  Conserved En.    Temperature Pressure (bar)
    9.82583e+03   -9.52408e+04   -6.08985e+04    3.10096e+02   -8.97010e+01
   Constr. rmsd
    2.94014e-06

           Step           Time
         405000      810.00000

Current ref_t for group System:    315.2

   Energies (kJ/mol)
           Bond          Angle    Proper Dih. Per. Imp. Dih.          LJ-14
    7.59206e+02    1.70048e+03    2.22754e+03    7.88746e+01    9.22502e+02
     Coulomb-14        LJ (SR)   Coulomb (SR)   Coul. recip.      Potential
    6.71155e+03    8.62094e+03   -1.26131e+05    2.07095e+02   -1.04903e+05
    Kinetic En.   Total Energy  Conserved En.    Temperature Pressure (bar)
    1.02392e+04   -9.46641e+04   -6.05132e+04    3.23141e+02    1.51874e+03
   Constr. rmsd
    2.94135e-06

           Step           Time
         410000      820.00000

Current ref_t for group System:    314.4

   Energies (kJ/mol)
           Bond          Angle    Proper Dih. Per. Imp. Dih.          LJ-14
    7.20148e+02    1.64737e+03    2.30424e+03    5.20097e+01    8.94686e+02
     Coulomb-14        LJ (SR)   Coulomb (SR)   Coul. recip.      Potential
    6.74360e+03    7.92408e+03   -1.25719e+05    2.24084e+02   -1.05208e+05
    Kinetic En.   Total Energy  Conserved En.    Temperature Pressure (bar)
    9.83610e+03   -9.53723e+04   -6.02919e+04    3.10420e+02   -3.83031e+02
   Constr. rmsd
    2.85134e-06

           Step           Time
         415000      830.00000

Current ref_t for group System:    313.6

   Energies (kJ/mol)
           Bond          Angle    Proper Dih. Per. Imp. Dih.          LJ-14
    7.25104e+02    1.51868e+03    2.23458e+03    8.00520e+01    9.01079e+02
     Coulomb-14        LJ (SR)   Coulomb (SR)   Coul. recip.      Potential
    6.73788e+03    7.66912e+03   -1.25300e+05    2.24116e+02   -1.05210e+05
    Kinetic En.   Total Energy  Conserved En.    Temperature Pressure (bar)
    9.80763e+03   -9.54019e+04   -6.00509e+04    3.09522e+02    1.80011e+02
   Constr. rmsd
    2.40059e-06

           Step           Time
         420000      840.00000

Current ref_t for group System:    312.8

   Energies (kJ/mol)
           Bond          Angle    Proper Dih. Per. Imp. Dih.          LJ-14
    6.71806e+02    1.54385e+03    2.29005e+03    8.52275e+01    9.02857e+02
     Coulomb-14        LJ (SR)   Coulomb (SR)   Coul. recip.      Potential
    6.70169e+03    7.62061e+03   -1.24950e+05    2.25246e+02   -1.04909e+05
    Kinetic En.   Total Energy  Conserved En.    Temperature Pressure (bar)
    9.90662e+03   -9.50019e+04   -5.96178e+04    3.12646e+02   -2.55388e+02
   Constr. rmsd
    2.83792e-06

           Step           Time
         425000      850.00000

Current ref_t for group System:    312.0

   Energies (kJ/mol)
           Bond          Angle    Proper Dih. Per. Imp. Dih.          LJ-14
    7.41094e+02    1.59236e+03    2.30041e+03    8.42518e+01    9.03374e+02
     Coulomb-14        LJ (SR)   Coulomb (SR)   Coul. recip.      Potential
    6.67539e+03    8.21549e+03   -1.26077e+05    2.29836e+02   -1.05335e+05
    Kinetic En.   Total Energy  Conserved En.    Temperature Pressure (bar)
    1.01642e+04   -9.51707e+04   -5.91712e+04    3.20774e+02    8.13187e+02
   Constr. rmsd
    2.84773e-06

           Step           Time
         430000      860.00000

Current ref_t for group System:    311.2

   Energies (kJ/mol)
           Bond          Angle    Proper Dih. Per. Imp. Dih.          LJ-14
    7.26348e+02    1.59934e+03    2.20908e+03    4.80777e+01    9.03241e+02
     Coulomb-14        LJ (SR)   Coulomb (SR)   Coul. recip.      Potential
    6.70482e+03    8.03483e+03   -1.25646e+05    2.13861e+02   -1.05206e+05
    Kinetic En.   Total Energy  Conserved En.    Temperature Pressure (bar)
    9.73292e+03   -9.54733e+04   -5.86723e+04    3.07164e+02   -2.86976e+02
   Constr. rmsd
    2.54687e-06

           Step           Time
         435000      870.00000

Current ref_t for group System:    310.4

   Energies (kJ/mol)
           Bond          Angle    Proper Dih. Per. Imp. Dih.          LJ-14
    7.81184e+02    1.56463e+03    2.19075e+03    5.88189e+01    8.91087e+02
     Coulomb-14        LJ (SR)   Coulomb (SR)   Coul. recip.      Potential
    6.70789e+03    7.66794e+03   -1.24886e+05    2.40615e+02   -1.04783e+05
    Kinetic En.   Total Energy  Conserved En.    Temperature Pressure (bar)
    9.88583e+03   -9.48971e+04   -5.84097e+04    3.11990e+02   -9.76698e+02
   Constr. rmsd
    2.47237e-06

           Step           Time
         440000      880.00000

Current ref_t for group System:    309.6

   Energies (kJ/mol)
           Bond          Angle    Proper Dih. Per. Imp. Dih.          LJ-14
    7.13694e+02    1.48247e+03    2.31231e+03    6.83474e+01    9.47514e+02
     Coulomb-14        LJ (SR)   Coulomb (SR)   Coul. recip.      Potential
    6.74782e+03    7.86096e+03   -1.25291e+05    2.46861e+02   -1.04911e+05
    Kinetic En.   Total Energy  Conserved En.    Temperature Pressure (bar)
    9.78853e+03   -9.51224e+04   -5.80590e+04    3.08919e+02   -6.67219e+02
   Constr. rmsd
    2.70114e-06

           Step           Time
         445000      890.00000

Current ref_t for group System:    308.8

   Energies (kJ/mol)
           Bond          Angle    Proper Dih. Per. Imp. Dih.          LJ-14
    8.10890e+02    1.48490e+03    2.23440e+03    8.13973e+01    9.30078e+02
     Coulomb-14        LJ (SR)   Coulomb (SR)   Coul. recip.      Potential
    6.71154e+03    8.21917e+03   -1.26343e+05    2.08346e+02   -1.05662e+05
    Kinetic En.   Total Energy  Conserved En.    Temperature Pressure (bar)
    9.93056e+03   -9.57313e+04   -5.76192e+04    3.13401e+02    4.01121e+02
   Constr. rmsd
    2.54544e-06

           Step           Time
         450000      900.00000

Current ref_t for group System:    308.0

   Energies (kJ/mol)
           Bond          Angle    Proper Dih. Per. Imp. Dih.          LJ-14
    6.94179e+02    1.58113e+03    2.26180e+03    7.70445e+01    8.94636e+02
     Coulomb-14        LJ (SR)   Coulomb (SR)   Coul. recip.      Potential
    6.76127e+03    7.78682e+03   -1.25270e+05    2.37984e+02   -1.04976e+05
    Kinetic En.   Total Energy  Conserved En.    Temperature Pressure (bar)
    9.56247e+03   -9.54131e+04   -5.71197e+04    3.01785e+02   -4.89008e+02
   Constr. rmsd
    2.67122e-06

           Step           Time
         455000      910.00000

Current ref_t for group System:    307.2

   Energies (kJ/mol)
           Bond          Angle    Proper Dih. Per. Imp. Dih.          LJ-14
    7.59355e+02    1.46503e+03    2.16516e+03    5.61981e+01    9.11759e+02
     Coulomb-14        LJ (SR)   Coulomb (SR)   Coul. recip.      Potential
    6.77830e+03    7.91837e+03   -1.25892e+05    2.43680e+02   -1.05594e+05
    Kinetic En.   Total Energy  Conserved En.    Temperature Pressure (bar)
    9.68291e+03   -9.59115e+04   -5.67450e+04    3.05585e+02   -4.79337e+02
   Constr. rmsd
    2.77664e-06

           Step           Time
         460000      920.00000

Current ref_t for group System:    306.4

   Energies (kJ/mol)
           Bond          Angle    Proper Dih. Per. Imp. Dih.          LJ-14
    7.55582e+02    1.50361e+03    2.14441e+03    5.22146e+01    8.95837e+02
     Coulomb-14        LJ (SR)   Coulomb (SR)   Coul. recip.      Potential
    6.82244e+03    8.32855e+03   -1.26335e+05    2.29354e+02   -1.05603e+05
    Kinetic En.   Total Energy  Conserved En.    Temperature Pressure (bar)
    9.77300e+03   -9.58296e+04   -5.62442e+04    3.08429e+02   -1.87715e+02
   Constr. rmsd
    2.17431e-06

           Step           Time
         465000      930.00000

Current ref_t for group System:    305.6

   Energies (kJ/mol)
           Bond          Angle    Proper Dih. Per. Imp. Dih.          LJ-14
    8.17846e+02    1.57436e+03    2.20288e+03    6.99226e+01    8.88224e+02
     Coulomb-14        LJ (SR)   Coulomb (SR)   Coul. recip.      Potential
    6.76553e+03    7.88374e+03   -1.25738e+05    2.16069e+02   -1.05320e+05
    Kinetic En.   Total Energy  Conserved En.    Temperature Pressure (bar)
    9.60698e+03   -9.57125e+04   -5.58535e+04    3.03189e+02   -3.39106e+02
   Constr. rmsd
    2.40433e-06

           Step           Time
         470000      940.00000

Current ref_t for group System:    304.8

   Energies (kJ/mol)
           Bond          Angle    Proper Dih. Per. Imp. Dih.          LJ-14
    8.04985e+02    1.62746e+03    2.20240e+03    5.75835e+01    9.29915e+02
     Coulomb-14        LJ (SR)   Coulomb (SR)   Coul. recip.      Potential
    6.77748e+03    7.80441e+03   -1.25851e+05    2.31548e+02   -1.05415e+05
    Kinetic En.   Total Energy  Conserved En.    Temperature Pressure (bar)
    9.74976e+03   -9.56652e+04   -5.56169e+04    3.07695e+02   -8.04885e+02
   Constr. rmsd
    2.90504e-06

           Step           Time
         475000      950.00000

Current ref_t for group System:    304.0

   Energies (kJ/mol)
           Bond          Angle    Proper Dih. Per. Imp. Dih.          LJ-14
    7.12651e+02    1.57086e+03    2.25238e+03    8.16240e+01    9.04184e+02
     Coulomb-14        LJ (SR)   Coulomb (SR)   Coul. recip.      Potential
    6.80148e+03    8.23199e+03   -1.26187e+05    2.42604e+02   -1.05389e+05
    Kinetic En.   Total Energy  Conserved En.    Temperature Pressure (bar)
    9.50875e+03   -9.58803e+04   -5.53789e+04    3.00089e+02    5.62762e+02
   Constr. rmsd
    2.75894e-06

           Step           Time
         480000      960.00000

Current ref_t for group System:    303.2

   Energies (kJ/mol)
           Bond          Angle    Proper Dih. Per. Imp. Dih.          LJ-14
    7.97637e+02    1.56409e+03    2.15105e+03    5.94438e+01    8.90865e+02
     Coulomb-14        LJ (SR)   Coulomb (SR)   Coul. recip.      Potential
    6.77068e+03    7.67404e+03   -1.25545e+05    2.37076e+02   -1.05400e+05
    Kinetic En.   Total Energy  Conserved En.    Temperature Pressure (bar)
    9.44234e+03   -9.59580e+04   -5.50269e+04    2.97993e+02   -1.03419e+03
   Constr. rmsd
    2.46260e-06

           Step           Time
         485000      970.00000

Current ref_t for group System:    302.4

   Energies (kJ/mol)
           Bond          Angle    Proper Dih. Per. Imp. Dih.          LJ-14
    7.59967e+02    1.61572e+03    2.13659e+03    8.05907e+01    8.94758e+02
     Coulomb-14        LJ (SR)   Coulomb (SR)   Coul. recip.      Potential
    6.75010e+03    8.32577e+03   -1.26337e+05    2.37210e+02   -1.05537e+05
    Kinetic En.   Total Energy  Conserved En.    Temperature Pressure (bar)
    9.74906e+03   -9.57875e+04   -5.45914e+04    3.07673e+02    1.61226e+02
   Constr. rmsd
    2.35151e-06

           Step           Time
         490000      980.00000

Current ref_t for group System:    301.6

   Energies (kJ/mol)
           Bond          Angle    Proper Dih. Per. Imp. Dih.          LJ-14
    6.67390e+02    1.58472e+03    2.20097e+03    4.80730e+01    8.80981e+02
     Coulomb-14        LJ (SR)   Coulomb (SR)   Coul. recip.      Potential
    6.76112e+03    8.18832e+03   -1.26438e+05    2.19771e+02   -1.05886e+05
    Kinetic En.   Total Energy  Conserved En.    Temperature Pressure (bar)
    9.37859e+03   -9.65078e+04   -5.42327e+04    2.95981e+02   -2.49172e+02
   Constr. rmsd
    2.55025e-06

           Step           Time
         495000      990.00000

Current ref_t for group System:    300.8

   Energies (kJ/mol)
           Bond          Angle    Proper Dih. Per. Imp. Dih.          LJ-14
    7.19028e+02    1.56966e+03    2.21273e+03    7.46106e+01    9.49799e+02
     Coulomb-14        LJ (SR)   Coulomb (SR)   Coul. recip.      Potential
    6.74030e+03    8.09216e+03   -1.26212e+05    2.33223e+02   -1.05621e+05
    Kinetic En.   Total Energy  Conserved En.    Temperature Pressure (bar)
    9.57563e+03   -9.60450e+04   -5.40802e+04    3.02200e+02    6.07888e+02
   Constr. rmsd
    2.61217e-06

           Step           Time
         500000     1000.00000

Current ref_t for group System:    300.0

   Energies (kJ/mol)
           Bond          Angle    Proper Dih. Per. Imp. Dih.          LJ-14
    6.65695e+02    1.55137e+03    2.24879e+03    8.46175e+01    8.91014e+02
     Coulomb-14        LJ (SR)   Coulomb (SR)   Coul. recip.      Potential
    6.69579e+03    7.74276e+03   -1.26062e+05    2.08198e+02   -1.05974e+05
    Kinetic En.   Total Energy  Conserved En.    Temperature Pressure (bar)
    9.58421e+03   -9.63895e+04   -5.38816e+04    3.02471e+02   -8.20928e+02
   Constr. rmsd
    2.91776e-06

           Step           Time
         505000     1010.00000

Current ref_t for group System:    299.2

   Energies (kJ/mol)
           Bond          Angle    Proper Dih. Per. Imp. Dih.          LJ-14
    7.18063e+02    1.46553e+03    2.25825e+03    4.71496e+01    9.07098e+02
     Coulomb-14        LJ (SR)   Coulomb (SR)   Coul. recip.      Potential
    6.69844e+03    8.47035e+03   -1.26637e+05    2.28784e+02   -1.05844e+05
    Kinetic En.   Total Energy  Conserved En.    Temperature Pressure (bar)
    9.13065e+03   -9.67129e+04   -5.36628e+04    2.88156e+02    1.23503e+02
   Constr. rmsd
    2.64478e-06

           Step           Time
         510000     1020.00000

Current ref_t for group System:    298.4

   Energies (kJ/mol)
           Bond          Angle    Proper Dih. Per. Imp. Dih.          LJ-14
    6.58965e+02    1.47047e+03    2.23168e+03    6.16557e+01    9.35304e+02
     Coulomb-14        LJ (SR)   Coulomb (SR)   Coul. recip.      Potential
    6.74755e+03    8.11099e+03   -1.26614e+05    2.14933e+02   -1.06182e+05
    Kinetic En.   Total Energy  Conserved En.    Temperature Pressure (bar)
    9.48334e+03   -9.66987e+04   -5.30266e+04    2.99287e+02    1.51350e+03
   Constr. rmsd
    2.51719e-06

           Step           Time
         515000     1030.00000

Current ref_t for group System:    297.6

   Energies (kJ/mol)
           Bond          Angle    Proper Dih. Per. Imp. Dih.          LJ-14
    7.50766e+02    1.50450e+03    2.12798e+03    8.26909e+01    8.97015e+02
     Coulomb-14        LJ (SR)   Coulomb (SR)   Coul. recip.      Potential
    6.74239e+03    7.89706e+03   -1.25888e+05    2.30645e+02   -1.05655e+05
    Kinetic En.   Total Energy  Conserved En.    Temperature Pressure (bar)
    9.36755e+03   -9.62877e+04   -5.28289e+04    2.95633e+02   -8.34360e+02
   Constr. rmsd
    2.92407e-06

           Step           Time
         520000     1040.00000

Current ref_t for group System:    296.8

   Energies (kJ/mol)
           Bond          Angle    Proper Dih. Per. Imp. Dih.          LJ-14
    7.80855e+02    1.51526e+03    2.22378e+03    5.68136e+01    9.12733e+02
     Coulomb-14        LJ (SR)   Coulomb (SR)   Coul. recip.      Potential
    6.70643e+03    7.74171e+03   -1.25679e+05    2.45896e+02   -1.05496e+05
    Kinetic En.   Total Energy  Conserved En.    Temperature Pressure (bar)
    9.54237e+03   -9.59535e+04   -5.23285e+04    3.01150e+02   -5.68576e+02
   Constr. rmsd
    2.99406e-06

           Step           Time
         525000     1050.00000

Current ref_t for group System:    296.0

   Energies (kJ/mol)
           Bond          Angle    Proper Dih. Per. Imp. Dih.          LJ-14
    6.66380e+02    1.45051e+03    2.20494e+03    7.26802e+01    9.20977e+02
     Coulomb-14        LJ (SR)   Coulomb (SR)   Coul. recip.      Potential
    6.70203e+03    8.45100e+03   -1.26803e+05    2.34652e+02   -1.06100e+05
    Kinetic En.   Total Energy  Conserved En.    Temperature Pressure (bar)
    9.58807e+03   -9.65115e+04   -5.20517e+04    3.02593e+02    1.23429e+03
   Constr. rmsd
    2.62284e-06

           Step           Time
         530000     1060.00000

Current ref_t for group System:    295.2

   Energies (kJ/mol)
           Bond          Angle    Proper Dih. Per. Imp. Dih.          LJ-14
    8.00110e+02    1.46294e+03    2.22964e+03    6.95630e+01    9.10370e+02
     Coulomb-14        LJ (SR)   Coulomb (SR)   Coul. recip.      Potential
    6.69854e+03    7.85906e+03   -1.26244e+05    1.77291e+02   -1.06036e+05
    Kinetic En.   Total Energy  Conserved En.    Temperature Pressure (bar)
    9.57549e+03   -9.64609e+04   -5.16560e+04    3.02195e+02   -4.66918e+02
   Constr. rmsd
    2.37096e-06

           Step           Time
         535000     1070.00000

Current ref_t for group System:    294.4

   Energies (kJ/mol)
           Bond          Angle    Proper Dih. Per. Imp. Dih.          LJ-14
    7.00325e+02    1.63156e+03    2.24368e+03    6.49909e+01    9.08286e+02
     Coulomb-14        LJ (SR)   Coulomb (SR)   Coul. recip.      Potential
    6.76062e+03    8.04810e+03   -1.26274e+05    2.27311e+02   -1.05689e+05
    Kinetic En.   Total Energy  Conserved En.    Temperature Pressure (bar)
    9.46403e+03   -9.62247e+04   -5.14738e+04    2.98678e+02    4.39479e+02
   Constr. rmsd
    2.82957e-06

           Step           Time
         540000     1080.00000

Current ref_t for group System:    293.6

   Energies (kJ/mol)
           Bond          Angle    Proper Dih. Per. Imp. Dih.          LJ-14
    7.14887e+02    1.38533e+03    2.21699e+03    6.27100e+01    9.05324e+02
     Coulomb-14        LJ (SR)   Coulomb (SR)   Coul. recip.      Potential
    6.69945e+03    8.26511e+03   -1.27173e+05    1.99422e+02   -1.06723e+05
    Kinetic En.   Total Energy  Conserved En.    Temperature Pressure (bar)
    9.11965e+03   -9.76038e+04   -5.10607e+04    2.87810e+02   -3.84888e+02
   Constr. rmsd
    2.62492e-06

           Step           Time
         545000     1090.00000

Current ref_t for group System:    292.8

   Energies (kJ/mol)
           Bond          Angle    Proper Dih. Per. Imp. Dih.          LJ-14
    7.16065e+02    1.45627e+03    2.21528e+03    5.75517e+01    9.11685e+02
     Coulomb-14        LJ (SR)   Coulomb (SR)   Coul. recip.      Potential
    6.74909e+03    8.31984e+03   -1.26979e+05    2.20133e+02   -1.06333e+05
    Kinetic En.   Total Energy  Conserved En.    Temperature Pressure (bar)
    9.34660e+03   -9.69862e+04   -5.07983e+04    2.94972e+02    8.06229e+02
   Constr. rmsd
    2.59996e-06

           Step           Time
         550000     1100.00000

Current ref_t for group System:    292.0

   Energies (kJ/mol)
           Bond          Angle    Proper Dih. Per. Imp. Dih.          LJ-14
    6.55745e+02    1.49820e+03    2.14519e+03    7.60772e+01    9.30507e+02
     Coulomb-14        LJ (SR)   Coulomb (SR)   Coul. recip.      Potential
    6.71623e+03    7.75797e+03   -1.26269e+05    2.27591e+02   -1.06262e+05
    Kinetic En.   Total Energy  Conserved En.    Temperature Pressure (bar)
    9.10265e+03   -9.71590e+04   -5.01938e+04    2.87273e+02   -7.52369e+02
   Constr. rmsd
    2.76018e-06

           Step           Time
         555000     1110.00000

Current ref_t for group System:    291.2

   Energies (kJ/mol)
           Bond          Angle    Proper Dih. Per. Imp. Dih.          LJ-14
    7.31827e+02    1.50271e+03    2.20522e+03    6.05588e+01    9.31208e+02
     Coulomb-14        LJ (SR)   Coulomb (SR)   Coul. recip.      Potential
    6.72200e+03    8.08428e+03   -1.26750e+05    2.09938e+02   -1.06303e+05
    Kinetic En.   Total Energy  Conserved En.    Temperature Pressure (bar)
    9.30760e+03   -9.69949e+04   -4.98617e+04    2.93741e+02   -1.84018e+02
   Constr. rmsd
    2.43109e-06

           Step           Time
         560000     1120.00000

Current ref_t for group System:    290.4

   Energies (kJ/mol)
           Bond          Angle    Proper Dih. Per. Imp. Dih.          LJ-14
    7.92353e+02    1.38322e+03    2.17148e+03    4.62204e+01    9.07077e+02
     Coulomb-14        LJ (SR)   Coulomb (SR)   Coul. recip.      Potential
    6.74273e+03    8.09492e+03   -1.26861e+05    2.16135e+02   -1.06507e+05
    Kinetic En.   Total Energy  Conserved En.    Temperature Pressure (bar)
    9.18513e+03   -9.73222e+04   -4.95394e+04    2.89876e+02   -5.75433e+02
   Constr. rmsd
    2.09093e-06

           Step           Time
         565000     1130.00000

Current ref_t for group System:    289.6

   Energies (kJ/mol)
           Bond          Angle    Proper Dih. Per. Imp. Dih.          LJ-14
    6.86030e+02    1.41727e+03    2.26724e+03    7.26351e+01    8.88518e+02
     Coulomb-14        LJ (SR)   Coulomb (SR)   Coul. recip.      Potential
    6.76342e+03    8.43402e+03   -1.27182e+05    1.82824e+02   -1.06470e+05
    Kinetic En.   Total Energy  Conserved En.    Temperature Pressure (bar)
    9.31886e+03   -9.71509e+04   -4.92160e+04    2.94096e+02    2.83162e+02
   Constr. rmsd
    2.31827e-06

           Step           Time
         570000     1140.00000

Current ref_t for group System:    288.8

   Energies (kJ/mol)
           Bond          Angle    Proper Dih. Per. Imp. Dih.          LJ-14
    6.47939e+02    1.53659e+03    2.16981e+03    6.44720e+01    9.02075e+02
     Coulomb-14        LJ (SR)   Coulomb (SR)   Coul. recip.      Potential
    6.74501e+03    8.13619e+03   -1.27587e+05    2.15849e+02   -1.07169e+05
    Kinetic En.   Total Energy  Conserved En.    Temperature Pressure (bar)
    9.25742e+03   -9.79115e+04   -4.87234e+04    2.92157e+02   -4.99421e+02
   Constr. rmsd
    2.73489e-06

           Step           Time
         575000     1150.00000

Current ref_t for group System:    288.0

   Energies (kJ/mol)
           Bond          Angle    Proper Dih. Per. Imp. Dih.          LJ-14
    6.91327e+02    1.50109e+03    2.17689e+03    5.40965e+01    8.98639e+02
     Coulomb-14        LJ (SR)   Coulomb (SR)   Coul. recip.      Potential
    6.73137e+03    8.28772e+03   -1.27321e+05    1.93163e+02   -1.06787e+05
    Kinetic En.   Total Energy  Conserved En.    Temperature Pressure (bar)
    8.99361e+03   -9.77935e+04   -4.83013e+04    2.83832e+02    3.96923e+02
   Constr. rmsd
    2.68461e-06

           Step           Time
         580000     1160.00000

Current ref_t for group System:    287.2

   Energies (kJ/mol)
           Bond          Angle    Proper Dih. Per. Imp. Dih.          LJ-14
    7.11468e+02    1.39218e+03    2.20395e+03    5.54818e+01    9.13183e+02
     Coulomb-14        LJ (SR)   Coulomb (SR)   Coul. recip.      Potential
    6.70424e+03    8.42712e+03   -1.27426e+05    2.13407e+02   -1.06805e+05
    Kinetic En.   Total Energy  Conserved En.    Temperature Pressure (bar)
    9.35616e+03   -9.74485e+04   -4.78972e+04    2.95273e+02    1.02041e+02
   Constr. rmsd
    1.90247e-06

           Step           Time
         585000     1170.00000

Current ref_t for group System:    286.4

   Energies (kJ/mol)
           Bond          Angle    Proper Dih. Per. Imp. Dih.          LJ-14
    6.85430e+02    1.42967e+03    2.18578e+03    6.14519e+01    9.40561e+02
     Coulomb-14        LJ (SR)   Coulomb (SR)   Coul. recip.      Potential
    6.70820e+03    7.88219e+03   -1.26174e+05    2.11959e+02   -1.06069e+05
    Kinetic En.   Total Energy  Conserved En.    Temperature Pressure (bar)
    9.14783e+03   -9.69209e+04   -4.76327e+04    2.88699e+02   -2.01319e+02
   Constr. rmsd
    2.52728e-06

           Step           Time
         590000     1180.00000

Current ref_t for group System:    285.6

   Energies (kJ/mol)
           Bond          Angle    Proper Dih. Per. Imp. Dih.          LJ-14
    6.20012e+02    1.41581e+03    2.16038e+03    4.77084e+01    9.23861e+02
     Coulomb-14        LJ (SR)   Coulomb (SR)   Coul. recip.      Potential
    6.70834e+03    7.98649e+03   -1.26494e+05    1.88599e+02   -1.06443e+05
    Kinetic En.   Total Energy  Conserved En.    Temperature Pressure (bar)
    9.22789e+03   -9.72149e+04   -4.73424e+04    2.91225e+02   -4.38032e+02
   Constr. rmsd
    2.43540e-06

           Step           Time
         595000     1190.00000

Current ref_t for group System:    284.8

   Energies (kJ/mol)
           Bond          Angle    Proper Dih. Per. Imp. Dih.          LJ-14
    6.92780e+02    1.37604e+03    2.17822e+03    6.96534e+01    8.93068e+02
     Coulomb-14        LJ (SR)   Coulomb (SR)   Coul. recip.      Potential
    6.71131e+03    8.43300e+03   -1.27281e+05    2.02205e+02   -1.06725e+05
    Kinetic En.   Total Energy  Conserved En.    Temperature Pressure (bar)
    8.88385e+03   -9.78410e+04   -4.71270e+04    2.80368e+02   -5.32228e+02
   Constr. rmsd
    2.92731e-06

           Step           Time
         600000     1200.00000

Current ref_t for group System:    284.0

   Energies (kJ/mol)
           Bond          Angle    Proper Dih. Per. Imp. Dih.          LJ-14
    6.25697e+02    1.45879e+03    2.14889e+03    6.31081e+01    9.23341e+02
     Coulomb-14        LJ (SR)   Coulomb (SR)   Coul. recip.      Potential
    6.72743e+03    8.32666e+03   -1.27335e+05    2.26237e+02   -1.06835e+05
    Kinetic En.   Total Energy  Conserved En.    Temperature Pressure (bar)
    9.17904e+03   -9.76559e+04   -4.68327e+04    2.89684e+02    1.18283e+03
   Constr. rmsd
    2.42046e-06

           Step           Time
         605000     1210.00000

Current ref_t for group System:    283.2

   Energies (kJ/mol)
           Bond          Angle    Proper Dih. Per. Imp. Dih.          LJ-14
    6.39173e+02    1.49642e+03    2.10809e+03    5.63381e+01    9.12233e+02
     Coulomb-14        LJ (SR)   Coulomb (SR)   Coul. recip.      Potential
    6.74291e+03    8.42879e+03   -1.27705e+05    2.04461e+02   -1.07117e+05
    Kinetic En.   Total Energy  Conserved En.    Temperature Pressure (bar)
    9.08916e+03   -9.80277e+04   -4.66055e+04    2.86847e+02    6.28872e+02
   Constr. rmsd
    2.17033e-06

           Step           Time
         610000     1220.00000

Current ref_t for group System:    282.4

   Energies (kJ/mol)
           Bond          Angle    Proper Dih. Per. Imp. Dih.          LJ-14
    6.27444e+02    1.42741e+03    2.17938e+03    6.17019e+01    9.00322e+02
     Coulomb-14        LJ (SR)   Coulomb (SR)   Coul. recip.      Potential
    6.75557e+03    8.68560e+03   -1.27851e+05    2.05814e+02   -1.07008e+05
    Kinetic En.   Total Energy  Conserved En.    Temperature Pressure (bar)
    8.60245e+03   -9.84055e+04   -4.63328e+04    2.71487e+02    8.10718e+02
   Constr. rmsd
    1.88640e-06

           Step           Time
         615000     1230.00000

Current ref_t for group System:    281.6

   Energies (kJ/mol)
           Bond          Angle    Proper Dih. Per. Imp. Dih.          LJ-14
    6.52448e+02    1.39836e+03    2.20207e+03    6.16019e+01    9.30167e+02
     Coulomb-14        LJ (SR)   Coulomb (SR)   Coul. recip.      Potential
    6.75674e+03    8.07042e+03   -1.27037e+05    2.26091e+02   -1.06740e+05
    Kinetic En.   Total Energy  Conserved En.    Temperature Pressure (bar)
    8.75219e+03   -9.79873e+04   -4.60257e+04    2.76213e+02   -2.45626e+02
   Constr. rmsd
    1.95211e-06

Writing checkpoint, step 619440 at Tue Dec 16 21:14:33 2025


           Step           Time
         620000     1240.00000

Current ref_t for group System:    280.8

   Energies (kJ/mol)
           Bond          Angle    Proper Dih. Per. Imp. Dih.          LJ-14
    6.47644e+02    1.33407e+03    2.18828e+03    8.03267e+01    9.30371e+02
     Coulomb-14        LJ (SR)   Coulomb (SR)   Coul. recip.      Potential
    6.77346e+03    8.48017e+03   -1.27797e+05    2.25104e+02   -1.07138e+05
    Kinetic En.   Total Energy  Conserved En.    Temperature Pressure (bar)
    8.79465e+03   -9.83432e+04   -4.57689e+04    2.77553e+02    1.79757e+03
   Constr. rmsd
    2.22343e-06

           Step           Time
         625000     1250.00000

Current ref_t for group System:    280.0

   Energies (kJ/mol)
           Bond          Angle    Proper Dih. Per. Imp. Dih.          LJ-14
    6.12904e+02    1.35870e+03    2.18405e+03    6.36856e+01    9.46823e+02
     Coulomb-14        LJ (SR)   Coulomb (SR)   Coul. recip.      Potential
    6.78907e+03    7.54421e+03   -1.26352e+05    2.10130e+02   -1.06642e+05
    Kinetic En.   Total Energy  Conserved En.    Temperature Pressure (bar)
    8.61444e+03   -9.80277e+04   -4.53305e+04    2.71865e+02   -6.54658e+02
   Constr. rmsd
    2.40601e-06

           Step           Time
         630000     1260.00000

Current ref_t for group System:    279.2

   Energies (kJ/mol)
           Bond          Angle    Proper Dih. Per. Imp. Dih.          LJ-14
    6.49917e+02    1.39271e+03    2.17262e+03    7.01428e+01    9.08947e+02
     Coulomb-14        LJ (SR)   Coulomb (SR)   Coul. recip.      Potential
    6.77041e+03    8.27269e+03   -1.27349e+05    2.15647e+02   -1.06896e+05
    Kinetic En.   Total Energy  Conserved En.    Temperature Pressure (bar)
    8.72809e+03   -9.81675e+04   -4.50886e+04    2.75452e+02    4.67640e+01
   Constr. rmsd
    2.01855e-06

           Step           Time
         635000     1270.00000

Current ref_t for group System:    278.4

   Energies (kJ/mol)
           Bond          Angle    Proper Dih. Per. Imp. Dih.          LJ-14
    6.70076e+02    1.36742e+03    2.24138e+03    5.12060e+01    9.18349e+02
     Coulomb-14        LJ (SR)   Coulomb (SR)   Coul. recip.      Potential
    6.77861e+03    8.29861e+03   -1.27636e+05    1.97118e+02   -1.07113e+05
    Kinetic En.   Total Energy  Conserved En.    Temperature Pressure (bar)
    8.94646e+03   -9.81663e+04   -4.47586e+04    2.82344e+02    3.05770e+02
   Constr. rmsd
    2.42056e-06

           Step           Time
         640000     1280.00000

Current ref_t for group System:    277.6

   Energies (kJ/mol)
           Bond          Angle    Proper Dih. Per. Imp. Dih.          LJ-14
    6.51104e+02    1.41333e+03    2.15794e+03    4.86275e+01    9.37528e+02
     Coulomb-14        LJ (SR)   Coulomb (SR)   Coul. recip.      Potential
    6.76896e+03    8.16963e+03   -1.27433e+05    2.01953e+02   -1.07084e+05
    Kinetic En.   Total Energy  Conserved En.    Temperature Pressure (bar)
    8.58242e+03   -9.85015e+04   -4.44122e+04    2.70855e+02    2.62776e+02
   Constr. rmsd
    2.71015e-06

           Step           Time
         645000     1290.00000

Current ref_t for group System:    276.8

   Energies (kJ/mol)
           Bond          Angle    Proper Dih. Per. Imp. Dih.          LJ-14
    6.23983e+02    1.35762e+03    2.17916e+03    5.34194e+01    9.40460e+02
     Coulomb-14        LJ (SR)   Coulomb (SR)   Coul. recip.      Potential
    6.76304e+03    8.17522e+03   -1.27499e+05    1.94867e+02   -1.07212e+05
    Kinetic En.   Total Energy  Conserved En.    Temperature Pressure (bar)
    8.76800e+03   -9.84435e+04   -4.40011e+04    2.76712e+02   -2.55987e+02
   Constr. rmsd
    2.22658e-06

           Step           Time
         650000     1300.00000

Current ref_t for group System:    276.0

   Energies (kJ/mol)
           Bond          Angle    Proper Dih. Per. Imp. Dih.          LJ-14
    6.25455e+02    1.39300e+03    2.15721e+03    4.56289e+01    8.91033e+02
     Coulomb-14        LJ (SR)   Coulomb (SR)   Coul. recip.      Potential
    6.76187e+03    8.28181e+03   -1.27901e+05    1.80677e+02   -1.07565e+05
    Kinetic En.   Total Energy  Conserved En.    Temperature Pressure (bar)
    8.78270e+03   -9.87818e+04   -4.37584e+04    2.77175e+02    2.07707e+02
   Constr. rmsd
    2.11742e-06

           Step           Time
         655000     1310.00000

Current ref_t for group System:    275.2

   Energies (kJ/mol)
           Bond          Angle    Proper Dih. Per. Imp. Dih.          LJ-14
    6.82947e+02    1.44831e+03    2.14654e+03    4.98557e+01    8.70318e+02
     Coulomb-14        LJ (SR)   Coulomb (SR)   Coul. recip.      Potential
    6.72606e+03    8.21302e+03   -1.27566e+05    2.11916e+02   -1.07217e+05
    Kinetic En.   Total Energy  Conserved En.    Temperature Pressure (bar)
    8.75525e+03   -9.84616e+04   -4.35187e+04    2.76309e+02   -5.88638e+02
   Constr. rmsd
    2.14729e-06

           Step           Time
         660000     1320.00000

Current ref_t for group System:    274.4

   Energies (kJ/mol)
           Bond          Angle    Proper Dih. Per. Imp. Dih.          LJ-14
    6.25935e+02    1.48242e+03    2.12340e+03    6.47406e+01    8.89096e+02
     Coulomb-14        LJ (SR)   Coulomb (SR)   Coul. recip.      Potential
    6.76084e+03    8.51900e+03   -1.28047e+05    2.22377e+02   -1.07360e+05
    Kinetic En.   Total Energy  Conserved En.    Temperature Pressure (bar)
    8.88854e+03   -9.84710e+04   -4.30777e+04    2.80516e+02    9.91253e+02
   Constr. rmsd
    1.96154e-06

           Step           Time
         665000     1330.00000

Current ref_t for group System:    273.6

   Energies (kJ/mol)
           Bond          Angle    Proper Dih. Per. Imp. Dih.          LJ-14
    6.19551e+02    1.35401e+03    2.16983e+03    6.79482e+01    9.02679e+02
     Coulomb-14        LJ (SR)   Coulomb (SR)   Coul. recip.      Potential
    6.74292e+03    8.48618e+03   -1.28232e+05    2.05588e+02   -1.07683e+05
    Kinetic En.   Total Energy  Conserved En.    Temperature Pressure (bar)
    8.65290e+03   -9.90300e+04   -4.27681e+04    2.73079e+02    4.85329e+02
   Constr. rmsd
    1.99877e-06

           Step           Time
         670000     1340.00000

Current ref_t for group System:    272.8

   Energies (kJ/mol)
           Bond          Angle    Proper Dih. Per. Imp. Dih.          LJ-14
    6.40504e+02    1.29716e+03    2.09930e+03    5.66218e+01    9.07009e+02
     Coulomb-14        LJ (SR)   Coulomb (SR)   Coul. recip.      Potential
    6.77251e+03    8.24871e+03   -1.28084e+05    2.07323e+02   -1.07855e+05
    Kinetic En.   Total Energy  Conserved En.    Temperature Pressure (bar)
    8.63641e+03   -9.92183e+04   -4.24542e+04    2.72559e+02    1.29424e+02
   Constr. rmsd
    2.42532e-06

           Step           Time
         675000     1350.00000

Current ref_t for group System:    272.0

   Energies (kJ/mol)
           Bond          Angle    Proper Dih. Per. Imp. Dih.          LJ-14
    6.75077e+02    1.36548e+03    2.13118e+03    5.22456e+01    8.76334e+02
     Coulomb-14        LJ (SR)   Coulomb (SR)   Coul. recip.      Potential
    6.77682e+03    8.30174e+03   -1.27967e+05    2.05834e+02   -1.07582e+05
    Kinetic En.   Total Energy  Conserved En.    Temperature Pressure (bar)
    8.59716e+03   -9.89850e+04   -4.20551e+04    2.71320e+02   -3.70321e+02
   Constr. rmsd
    2.84413e-06

           Step           Time
         680000     1360.00000

Current ref_t for group System:    271.2

   Energies (kJ/mol)
           Bond          Angle    Proper Dih. Per. Imp. Dih.          LJ-14
    6.08978e+02    1.38078e+03    2.16539e+03    6.29453e+01    9.24617e+02
     Coulomb-14        LJ (SR)   Coulomb (SR)   Coul. recip.      Potential
    6.78356e+03    7.97429e+03   -1.27942e+05    2.07817e+02   -1.07834e+05
    Kinetic En.   Total Energy  Conserved En.    Temperature Pressure (bar)
    8.66773e+03   -9.91661e+04   -4.17610e+04    2.73547e+02   -1.31280e+03
   Constr. rmsd
    2.33884e-06

           Step           Time
         685000     1370.00000

Current ref_t for group System:    270.4

   Energies (kJ/mol)
           Bond          Angle    Proper Dih. Per. Imp. Dih.          LJ-14
    6.51382e+02    1.34375e+03    2.10759e+03    6.11239e+01    9.09253e+02
     Coulomb-14        LJ (SR)   Coulomb (SR)   Coul. recip.      Potential
    6.79875e+03    8.49567e+03   -1.28261e+05    2.14577e+02   -1.07679e+05
    Kinetic En.   Total Energy  Conserved En.    Temperature Pressure (bar)
    8.78089e+03   -9.88983e+04   -4.15999e+04    2.77118e+02    6.31196e+02
   Constr. rmsd
    2.16320e-06

           Step           Time
         690000     1380.00000

Current ref_t for group System:    269.6

   Energies (kJ/mol)
           Bond          Angle    Proper Dih. Per. Imp. Dih.          LJ-14
    6.82294e+02    1.35180e+03    2.13459e+03    6.51084e+01    9.14740e+02
     Coulomb-14        LJ (SR)   Coulomb (SR)   Coul. recip.      Potential
    6.77092e+03    8.38053e+03   -1.28412e+05    2.12032e+02   -1.07900e+05
    Kinetic En.   Total Energy  Conserved En.    Temperature Pressure (bar)
    8.61098e+03   -9.92886e+04   -4.14473e+04    2.71756e+02    4.88131e+01
   Constr. rmsd
    2.08628e-06

           Step           Time
         695000     1390.00000

Current ref_t for group System:    268.8

   Energies (kJ/mol)
           Bond          Angle    Proper Dih. Per. Imp. Dih.          LJ-14
    5.52081e+02    1.37510e+03    2.09762e+03    4.64458e+01    9.06597e+02
     Coulomb-14        LJ (SR)   Coulomb (SR)   Coul. recip.      Potential
    6.81509e+03    8.85663e+03   -1.28713e+05    2.03359e+02   -1.07860e+05
    Kinetic En.   Total Energy  Conserved En.    Temperature Pressure (bar)
    8.51598e+03   -9.93441e+04   -4.11253e+04    2.68758e+02    1.25378e+03
   Constr. rmsd
    2.16749e-06

           Step           Time
         700000     1400.00000

Current ref_t for group System:    268.0

   Energies (kJ/mol)
           Bond          Angle    Proper Dih. Per. Imp. Dih.          LJ-14
    6.75427e+02    1.37446e+03    2.08700e+03    5.66075e+01    9.16806e+02
     Coulomb-14        LJ (SR)   Coulomb (SR)   Coul. recip.      Potential
    6.79868e+03    8.52327e+03   -1.28323e+05    2.24269e+02   -1.07666e+05
    Kinetic En.   Total Energy  Conserved En.    Temperature Pressure (bar)
    8.42734e+03   -9.92389e+04   -4.06718e+04    2.65961e+02    2.95874e+02
   Constr. rmsd
    2.76419e-06

           Step           Time
         705000     1410.00000

Current ref_t for group System:    267.2

   Energies (kJ/mol)
           Bond          Angle    Proper Dih. Per. Imp. Dih.          LJ-14
    7.20752e+02    1.40542e+03    2.17202e+03    6.67131e+01    8.93911e+02
     Coulomb-14        LJ (SR)   Coulomb (SR)   Coul. recip.      Potential
    6.78057e+03    8.26974e+03   -1.28289e+05    2.35119e+02   -1.07745e+05
    Kinetic En.   Total Energy  Conserved En.    Temperature Pressure (bar)
    8.74820e+03   -9.89967e+04   -4.04681e+04    2.76087e+02   -8.53408e+02
   Constr. rmsd
    2.51094e-06

           Step           Time
         710000     1420.00000

Current ref_t for group System:    266.4

   Energies (kJ/mol)
           Bond          Angle    Proper Dih. Per. Imp. Dih.          LJ-14
    6.66634e+02    1.33984e+03    2.12807e+03    6.47980e+01    9.15873e+02
     Coulomb-14        LJ (SR)   Coulomb (SR)   Coul. recip.      Potential
    6.77740e+03    8.27207e+03   -1.28246e+05    2.11706e+02   -1.07870e+05
    Kinetic En.   Total Energy  Conserved En.    Temperature Pressure (bar)
    8.49157e+03   -9.93784e+04   -4.03025e+04    2.67988e+02    1.77132e+02
   Constr. rmsd
    2.51181e-06

           Step           Time
         715000     1430.00000

Current ref_t for group System:    265.6

   Energies (kJ/mol)
           Bond          Angle    Proper Dih. Per. Imp. Dih.          LJ-14
    6.47886e+02    1.37421e+03    2.14304e+03    4.23936e+01    8.87972e+02
     Coulomb-14        LJ (SR)   Coulomb (SR)   Coul. recip.      Potential
    6.76184e+03    8.37302e+03   -1.28392e+05    2.05127e+02   -1.07956e+05
    Kinetic En.   Total Energy  Conserved En.    Temperature Pressure (bar)
    8.39880e+03   -9.95577e+04   -4.01261e+04    2.65060e+02   -2.28208e+02
   Constr. rmsd
    2.65246e-06

           Step           Time
         720000     1440.00000

Current ref_t for group System:    264.8

   Energies (kJ/mol)
           Bond          Angle    Proper Dih. Per. Imp. Dih.          LJ-14
    6.49282e+02    1.36274e+03    2.09986e+03    4.19691e+01    8.73382e+02
     Coulomb-14        LJ (SR)   Coulomb (SR)   Coul. recip.      Potential
    6.70050e+03    8.41723e+03   -1.28583e+05    2.14725e+02   -1.08223e+05
    Kinetic En.   Total Energy  Conserved En.    Temperature Pressure (bar)
    8.31808e+03   -9.99050e+04   -3.97111e+04    2.62513e+02   -4.41662e+02
   Constr. rmsd
    2.30181e-06

           Step           Time
         725000     1450.00000

Current ref_t for group System:    264.0

   Energies (kJ/mol)
           Bond          Angle    Proper Dih. Per. Imp. Dih.          LJ-14
    6.32079e+02    1.32319e+03    2.13427e+03    5.22401e+01    9.09464e+02
     Coulomb-14        LJ (SR)   Coulomb (SR)   Coul. recip.      Potential
    6.74735e+03    8.63236e+03   -1.28855e+05    2.02443e+02   -1.08222e+05
    Kinetic En.   Total Energy  Conserved En.    Temperature Pressure (bar)
    8.65695e+03   -9.95649e+04   -3.94614e+04    2.73207e+02    2.45489e+02
   Constr. rmsd
    2.25756e-06

           Step           Time
         730000     1460.00000

Current ref_t for group System:    263.2

   Energies (kJ/mol)
           Bond          Angle    Proper Dih. Per. Imp. Dih.          LJ-14
    6.18887e+02    1.35165e+03    2.21982e+03    7.00079e+01    9.11255e+02
     Coulomb-14        LJ (SR)   Coulomb (SR)   Coul. recip.      Potential
    6.76378e+03    8.23952e+03   -1.28249e+05    2.12980e+02   -1.07861e+05
    Kinetic En.   Total Energy  Conserved En.    Temperature Pressure (bar)
    8.33553e+03   -9.95259e+04   -3.92468e+04    2.63063e+02    1.84106e+02
   Constr. rmsd
    2.35397e-06

           Step           Time
         735000     1470.00000

Current ref_t for group System:    262.4

   Energies (kJ/mol)
           Bond          Angle    Proper Dih. Per. Imp. Dih.          LJ-14
    6.81781e+02    1.34203e+03    2.08198e+03    4.40570e+01    8.95103e+02
     Coulomb-14        LJ (SR)   Coulomb (SR)   Coul. recip.      Potential
    6.79291e+03    8.44203e+03   -1.28368e+05    2.06388e+02   -1.07881e+05
    Kinetic En.   Total Energy  Conserved En.    Temperature Pressure (bar)
    8.21552e+03   -9.96658e+04   -3.88986e+04    2.59276e+02   -2.72156e+02
   Constr. rmsd
    2.16500e-06

           Step           Time
         740000     1480.00000

Current ref_t for group System:    261.6

   Energies (kJ/mol)
           Bond          Angle    Proper Dih. Per. Imp. Dih.          LJ-14
    6.52186e+02    1.36626e+03    2.10331e+03    6.05187e+01    8.90146e+02
     Coulomb-14        LJ (SR)   Coulomb (SR)   Coul. recip.      Potential
    6.78069e+03    8.70846e+03   -1.29065e+05    1.98109e+02   -1.08306e+05
    Kinetic En.   Total Energy  Conserved En.    Temperature Pressure (bar)
    8.32703e+03   -9.99786e+04   -3.84858e+04    2.62795e+02   -7.02212e+02
   Constr. rmsd
    3.04337e-06

           Step           Time
         745000     1490.00000

Current ref_t for group System:    260.8

   Energies (kJ/mol)
           Bond          Angle    Proper Dih. Per. Imp. Dih.          LJ-14
    6.40573e+02    1.33491e+03    2.07197e+03    4.72090e+01    8.79153e+02
     Coulomb-14        LJ (SR)   Coulomb (SR)   Coul. recip.      Potential
    6.75252e+03    8.61527e+03   -1.28955e+05    2.03678e+02   -1.08410e+05
    Kinetic En.   Total Energy  Conserved En.    Temperature Pressure (bar)
    8.23833e+03   -1.00172e+05   -3.83885e+04    2.59996e+02   -9.61638e+01
   Constr. rmsd
    2.51949e-06

           Step           Time
         750000     1500.00000

Current ref_t for group System:    260.0

   Energies (kJ/mol)
           Bond          Angle    Proper Dih. Per. Imp. Dih.          LJ-14
    6.29464e+02    1.36695e+03    2.12587e+03    5.38208e+01    9.11900e+02
     Coulomb-14        LJ (SR)   Coulomb (SR)   Coul. recip.      Potential
    6.78407e+03    8.57009e+03   -1.28771e+05    2.41528e+02   -1.08087e+05
    Kinetic En.   Total Energy  Conserved En.    Temperature Pressure (bar)
    8.20302e+03   -9.98839e+04   -3.82803e+04    2.58881e+02    6.52370e+02
   Constr. rmsd
    1.97387e-06

           Step           Time
         755000     1510.00000

Current ref_t for group System:    259.6

   Energies (kJ/mol)
           Bond          Angle    Proper Dih. Per. Imp. Dih.          LJ-14
    6.29301e+02    1.41413e+03    2.02690e+03    7.47489e+01    9.00597e+02
     Coulomb-14        LJ (SR)   Coulomb (SR)   Coul. recip.      Potential
    6.74392e+03    9.07564e+03   -1.29330e+05    2.25615e+02   -1.08239e+05
    Kinetic En.   Total Energy  Conserved En.    Temperature Pressure (bar)
    8.38443e+03   -9.98546e+04   -3.79683e+04    2.64607e+02    9.62722e+02
   Constr. rmsd
    2.06808e-06

           Step           Time
         760000     1520.00000

Current ref_t for group System:    259.2

   Energies (kJ/mol)
           Bond          Angle    Proper Dih. Per. Imp. Dih.          LJ-14
    6.81349e+02    1.29459e+03    2.00487e+03    5.80286e+01    8.82215e+02
     Coulomb-14        LJ (SR)   Coulomb (SR)   Coul. recip.      Potential
    6.72418e+03    8.25536e+03   -1.28300e+05    2.08500e+02   -1.08191e+05
    Kinetic En.   Total Energy  Conserved En.    Temperature Pressure (bar)
    8.47335e+03   -9.97172e+04   -3.78066e+04    2.67413e+02   -1.18454e+03
   Constr. rmsd
    2.30937e-06

           Step           Time
         765000     1530.00000

Current ref_t for group System:    258.8

   Energies (kJ/mol)
           Bond          Angle    Proper Dih. Per. Imp. Dih.          LJ-14
    5.95772e+02    1.36324e+03    2.09583e+03    5.89787e+01    9.15613e+02
     Coulomb-14        LJ (SR)   Coulomb (SR)   Coul. recip.      Potential
    6.80954e+03    8.61542e+03   -1.28998e+05    1.95212e+02   -1.08348e+05
    Kinetic En.   Total Energy  Conserved En.    Temperature Pressure (bar)
    7.99352e+03   -1.00355e+05   -3.75213e+04    2.52270e+02    8.24140e+02
   Constr. rmsd
    1.77617e-06

           Step           Time
         770000     1540.00000

Current ref_t for group System:    258.4

   Energies (kJ/mol)
           Bond          Angle    Proper Dih. Per. Imp. Dih.          LJ-14
    5.94988e+02    1.44206e+03    2.11025e+03    7.52888e+01    9.21493e+02
     Coulomb-14        LJ (SR)   Coulomb (SR)   Coul. recip.      Potential
    6.74805e+03    8.94510e+03   -1.29379e+05    2.33046e+02   -1.08308e+05
    Kinetic En.   Total Energy  Conserved En.    Temperature Pressure (bar)
    8.20253e+03   -1.00106e+05   -3.73267e+04    2.58866e+02    7.91338e+02
   Constr. rmsd
    1.98550e-06

           Step           Time
         775000     1550.00000

Current ref_t for group System:    258.0

   Energies (kJ/mol)
           Bond          Angle    Proper Dih. Per. Imp. Dih.          LJ-14
    6.45573e+02    1.40744e+03    2.06073e+03    3.98907e+01    9.07601e+02
     Coulomb-14        LJ (SR)   Coulomb (SR)   Coul. recip.      Potential
    6.77411e+03    8.44994e+03   -1.28714e+05    2.06215e+02   -1.08222e+05
    Kinetic En.   Total Energy  Conserved En.    Temperature Pressure (bar)
    8.23147e+03   -9.99910e+04   -3.70423e+04    2.59779e+02   -5.30860e+01
   Constr. rmsd
    2.68176e-06

           Step           Time
         780000     1560.00000

Current ref_t for group System:    257.6

   Energies (kJ/mol)
           Bond          Angle    Proper Dih. Per. Imp. Dih.          LJ-14
    6.32244e+02    1.29463e+03    2.13455e+03    5.15331e+01    8.92384e+02
     Coulomb-14        LJ (SR)   Coulomb (SR)   Coul. recip.      Potential
    6.71993e+03    8.32352e+03   -1.28673e+05    1.90107e+02   -1.08434e+05
    Kinetic En.   Total Energy  Conserved En.    Temperature Pressure (bar)
    7.87503e+03   -1.00559e+05   -3.68910e+04    2.48530e+02    1.73126e+02
   Constr. rmsd
    1.96061e-06

           Step           Time
         785000     1570.00000

Current ref_t for group System:    257.2

   Energies (kJ/mol)
           Bond          Angle    Proper Dih. Per. Imp. Dih.          LJ-14
    6.96112e+02    1.34785e+03    2.07476e+03    4.44085e+01    8.70950e+02
     Coulomb-14        LJ (SR)   Coulomb (SR)   Coul. recip.      Potential
    6.69967e+03    8.34962e+03   -1.28371e+05    2.11620e+02   -1.08076e+05
    Kinetic En.   Total Energy  Conserved En.    Temperature Pressure (bar)
    8.11019e+03   -9.99659e+04   -3.63151e+04    2.55952e+02   -7.26431e+02
   Constr. rmsd
    1.88389e-06

           Step           Time
         790000     1580.00000

Current ref_t for group System:    256.8

   Energies (kJ/mol)
           Bond          Angle    Proper Dih. Per. Imp. Dih.          LJ-14
    5.71825e+02    1.30123e+03    2.12948e+03    6.27678e+01    9.22547e+02
     Coulomb-14        LJ (SR)   Coulomb (SR)   Coul. recip.      Potential
    6.76071e+03    8.59077e+03   -1.28756e+05    2.20712e+02   -1.08196e+05
    Kinetic En.   Total Energy  Conserved En.    Temperature Pressure (bar)
    8.26122e+03   -9.99351e+04   -3.60584e+04    2.60718e+02    1.42918e+02
   Constr. rmsd
    2.09475e-06

           Step           Time
         795000     1590.00000

Current ref_t for group System:    256.4

   Energies (kJ/mol)
           Bond          Angle    Proper Dih. Per. Imp. Dih.          LJ-14
    6.06280e+02    1.43708e+03    2.15312e+03    4.97995e+01    8.70018e+02
     Coulomb-14        LJ (SR)   Coulomb (SR)   Coul. recip.      Potential
    6.70453e+03    8.66181e+03   -1.29284e+05    2.04072e+02   -1.08597e+05
    Kinetic En.   Total Energy  Conserved En.    Temperature Pressure (bar)
    8.22444e+03   -1.00373e+05   -3.57543e+04    2.59557e+02   -7.76042e+00
   Constr. rmsd
    2.01047e-06

           Step           Time
         800000     1600.00000

Current ref_t for group System:    256.0

   Energies (kJ/mol)
           Bond          Angle    Proper Dih. Per. Imp. Dih.          LJ-14
    6.24599e+02    1.20775e+03    2.12768e+03    5.38558e+01    9.23103e+02
     Coulomb-14        LJ (SR)   Coulomb (SR)   Coul. recip.      Potential
    6.76026e+03    8.82835e+03   -1.29403e+05    1.93187e+02   -1.08684e+05
    Kinetic En.   Total Energy  Conserved En.    Temperature Pressure (bar)
    8.31556e+03   -1.00369e+05   -3.53887e+04    2.62433e+02    3.52728e+02
   Constr. rmsd
    2.29180e-06

           Step           Time
         805000     1610.00000

Current ref_t for group System:    255.6

   Energies (kJ/mol)
           Bond          Angle    Proper Dih. Per. Imp. Dih.          LJ-14
    6.60441e+02    1.35730e+03    2.15350e+03    4.99113e+01    8.84176e+02
     Coulomb-14        LJ (SR)   Coulomb (SR)   Coul. recip.      Potential
    6.72551e+03    8.75912e+03   -1.29668e+05    1.93877e+02   -1.08885e+05
    Kinetic En.   Total Energy  Conserved En.    Temperature Pressure (bar)
    8.18782e+03   -1.00697e+05   -3.51349e+04    2.58402e+02    2.53805e+02
   Constr. rmsd
    1.79932e-06

           Step           Time
         810000     1620.00000

Current ref_t for group System:    255.2

   Energies (kJ/mol)
           Bond          Angle    Proper Dih. Per. Imp. Dih.          LJ-14
    6.09738e+02    1.32201e+03    2.13259e+03    5.22401e+01    8.93274e+02
     Coulomb-14        LJ (SR)   Coulomb (SR)   Coul. recip.      Potential
    6.77485e+03    8.83447e+03   -1.29420e+05    2.36935e+02   -1.08564e+05
    Kinetic En.   Total Energy  Conserved En.    Temperature Pressure (bar)
    7.92415e+03   -1.00640e+05   -3.49231e+04    2.50080e+02    8.37541e+02
   Constr. rmsd
    2.17273e-06

           Step           Time
         815000     1630.00000

Current ref_t for group System:    254.8

   Energies (kJ/mol)
           Bond          Angle    Proper Dih. Per. Imp. Dih.          LJ-14
    6.01472e+02    1.18908e+03    2.18589e+03    5.29070e+01    8.96375e+02
     Coulomb-14        LJ (SR)   Coulomb (SR)   Coul. recip.      Potential
    6.78406e+03    8.23267e+03   -1.28870e+05    2.01115e+02   -1.08726e+05
    Kinetic En.   Total Energy  Conserved En.    Temperature Pressure (bar)
    8.04292e+03   -1.00683e+05   -3.46958e+04    2.53829e+02   -1.14454e+03
   Constr. rmsd
    1.66950e-06

           Step           Time
         820000     1640.00000

Current ref_t for group System:    254.4

   Energies (kJ/mol)
           Bond          Angle    Proper Dih. Per. Imp. Dih.          LJ-14
    6.49415e+02    1.34357e+03    2.11064e+03    5.57530e+01    8.83625e+02
     Coulomb-14        LJ (SR)   Coulomb (SR)   Coul. recip.      Potential
    6.77210e+03    8.82392e+03   -1.29126e+05    2.02641e+02   -1.08285e+05
    Kinetic En.   Total Energy  Conserved En.    Temperature Pressure (bar)
    8.30765e+03   -9.99770e+04   -3.41996e+04    2.62183e+02   -5.26176e+02
   Constr. rmsd
    2.20327e-06

           Step           Time
         825000     1650.00000

Current ref_t for group System:    254.0

   Energies (kJ/mol)
           Bond          Angle    Proper Dih. Per. Imp. Dih.          LJ-14
    5.83928e+02    1.30844e+03    2.12908e+03    5.10363e+01    8.91245e+02
     Coulomb-14        LJ (SR)   Coulomb (SR)   Coul. recip.      Potential
    6.77691e+03    8.42082e+03   -1.28932e+05    2.01058e+02   -1.08569e+05
    Kinetic En.   Total Energy  Conserved En.    Temperature Pressure (bar)
    8.21230e+03   -1.00357e+05   -3.40173e+04    2.59174e+02   -1.88540e+02
   Constr. rmsd
    2.15308e-06

           Step           Time
         830000     1660.00000

Current ref_t for group System:    253.6

   Energies (kJ/mol)
           Bond          Angle    Proper Dih. Per. Imp. Dih.          LJ-14
    5.73369e+02    1.37512e+03    2.09687e+03    4.93851e+01    8.95628e+02
     Coulomb-14        LJ (SR)   Coulomb (SR)   Coul. recip.      Potential
    6.75652e+03    8.43098e+03   -1.28815e+05    1.88893e+02   -1.08448e+05
    Kinetic En.   Total Energy  Conserved En.    Temperature Pressure (bar)
    8.24678e+03   -1.00201e+05   -3.37914e+04    2.60262e+02    2.34670e+02
   Constr. rmsd
    1.93115e-06

           Step           Time
         835000     1670.00000

Current ref_t for group System:    253.2

   Energies (kJ/mol)
           Bond          Angle    Proper Dih. Per. Imp. Dih.          LJ-14
    6.22704e+02    1.31888e+03    2.15622e+03    5.31889e+01    8.58756e+02
     Coulomb-14        LJ (SR)   Coulomb (SR)   Coul. recip.      Potential
    6.75569e+03    8.38475e+03   -1.29118e+05    2.08143e+02   -1.08760e+05
    Kinetic En.   Total Energy  Conserved En.    Temperature Pressure (bar)
    7.91070e+03   -1.00849e+05   -3.34459e+04    2.49656e+02   -1.53743e+03
   Constr. rmsd
    2.17435e-06

           Step           Time
         840000     1680.00000

Current ref_t for group System:    252.8

   Energies (kJ/mol)
           Bond          Angle    Proper Dih. Per. Imp. Dih.          LJ-14
    6.56806e+02    1.28051e+03    2.13743e+03    6.15947e+01    8.84343e+02
     Coulomb-14        LJ (SR)   Coulomb (SR)   Coul. recip.      Potential
    6.75058e+03    8.93658e+03   -1.29602e+05    1.95351e+02   -1.08699e+05
    Kinetic En.   Total Energy  Conserved En.    Temperature Pressure (bar)
    7.88926e+03   -1.00809e+05   -3.32147e+04    2.48979e+02    1.69538e+02
   Constr. rmsd
    1.67461e-06

           Step           Time
         845000     1690.00000

Current ref_t for group System:    252.4

   Energies (kJ/mol)
           Bond          Angle    Proper Dih. Per. Imp. Dih.          LJ-14
    6.05394e+02    1.28016e+03    2.05696e+03    4.71548e+01    8.88521e+02
     Coulomb-14        LJ (SR)   Coulomb (SR)   Coul. recip.      Potential
    6.75855e+03    8.76695e+03   -1.29582e+05    1.76950e+02   -1.09002e+05
    Kinetic En.   Total Energy  Conserved En.    Temperature Pressure (bar)
    8.10058e+03   -1.00901e+05   -3.27874e+04    2.55648e+02    3.53986e+02
   Constr. rmsd
    2.14763e-06

           Step           Time
         850000     1700.00000

Current ref_t for group System:    252.0

   Energies (kJ/mol)
           Bond          Angle    Proper Dih. Per. Imp. Dih.          LJ-14
    6.39834e+02    1.33263e+03    2.10145e+03    7.09418e+01    9.01538e+02
     Coulomb-14        LJ (SR)   Coulomb (SR)   Coul. recip.      Potential
    6.74694e+03    8.80856e+03   -1.29335e+05    1.96167e+02   -1.08537e+05
    Kinetic En.   Total Energy  Conserved En.    Temperature Pressure (bar)
    7.76118e+03   -1.00776e+05   -3.26126e+04    2.44937e+02    4.52490e+02
   Constr. rmsd
    1.77260e-06

           Step           Time
         855000     1710.00000

Current ref_t for group System:    251.6

   Energies (kJ/mol)
           Bond          Angle    Proper Dih. Per. Imp. Dih.          LJ-14
    7.32200e+02    1.29546e+03    2.07133e+03    6.85008e+01    8.96892e+02
     Coulomb-14        LJ (SR)   Coulomb (SR)   Coul. recip.      Potential
    6.72390e+03    8.20791e+03   -1.28920e+05    2.03689e+02   -1.08720e+05
    Kinetic En.   Total Energy  Conserved En.    Temperature Pressure (bar)
    7.81771e+03   -1.00902e+05   -3.23644e+04    2.46721e+02   -1.58601e+03
   Constr. rmsd
    1.54236e-06

           Step           Time
         860000     1720.00000

Current ref_t for group System:    251.2

   Energies (kJ/mol)
           Bond          Angle    Proper Dih. Per. Imp. Dih.          LJ-14
    5.96894e+02    1.20268e+03    2.11728e+03    6.71940e+01    9.15139e+02
     Coulomb-14        LJ (SR)   Coulomb (SR)   Coul. recip.      Potential
    6.76317e+03    8.74142e+03   -1.29348e+05    2.36723e+02   -1.08708e+05
    Kinetic En.   Total Energy  Conserved En.    Temperature Pressure (bar)
    7.88011e+03   -1.00828e+05   -3.22123e+04    2.48690e+02    5.01178e+02
   Constr. rmsd
    2.07967e-06

           Step           Time
         865000     1730.00000

Current ref_t for group System:    250.8

   Energies (kJ/mol)
           Bond          Angle    Proper Dih. Per. Imp. Dih.          LJ-14
    5.67909e+02    1.20902e+03    2.10332e+03    5.71852e+01    9.10843e+02
     Coulomb-14        LJ (SR)   Coulomb (SR)   Coul. recip.      Potential
    6.78697e+03    8.88359e+03   -1.29884e+05    1.98979e+02   -1.09166e+05
    Kinetic En.   Total Energy  Conserved En.    Temperature Pressure (bar)
    7.89922e+03   -1.01267e+05   -3.19560e+04    2.49293e+02    6.09836e+02
   Constr. rmsd
    1.65988e-06

           Step           Time
         870000     1740.00000

Current ref_t for group System:    250.4

   Energies (kJ/mol)
           Bond          Angle    Proper Dih. Per. Imp. Dih.          LJ-14
    6.40370e+02    1.17215e+03    2.10775e+03    4.50785e+01    8.59156e+02
     Coulomb-14        LJ (SR)   Coulomb (SR)   Coul. recip.      Potential
    6.75601e+03    8.74919e+03   -1.29506e+05    2.00309e+02   -1.08976e+05
    Kinetic En.   Total Energy  Conserved En.    Temperature Pressure (bar)
    7.92084e+03   -1.01055e+05   -3.18135e+04    2.49976e+02   -3.25462e+02
   Constr. rmsd
    1.66699e-06

           Step           Time
         875000     1750.00000

Current ref_t for group System:    250.0

   Energies (kJ/mol)
           Bond          Angle    Proper Dih. Per. Imp. Dih.          LJ-14
    6.20450e+02    1.30664e+03    2.14868e+03    5.04198e+01    8.69096e+02
     Coulomb-14        LJ (SR)   Coulomb (SR)   Coul. recip.      Potential
    6.79312e+03    8.80601e+03   -1.29668e+05    2.04399e+02   -1.08869e+05
    Kinetic En.   Total Energy  Conserved En.    Temperature Pressure (bar)
    7.89608e+03   -1.00973e+05   -3.15525e+04    2.49195e+02   -1.74637e+02
   Constr. rmsd
    1.95735e-06

           Step           Time
         880000     1760.00000

Current ref_t for group System:    249.6

   Energies (kJ/mol)
           Bond          Angle    Proper Dih. Per. Imp. Dih.          LJ-14
    5.92078e+02    1.22729e+03    2.09333e+03    8.45141e+01    8.71562e+02
     Coulomb-14        LJ (SR)   Coulomb (SR)   Coul. recip.      Potential
    6.80153e+03    8.73867e+03   -1.29749e+05    1.95900e+02   -1.09144e+05
    Kinetic En.   Total Energy  Conserved En.    Temperature Pressure (bar)
    8.05071e+03   -1.01094e+05   -3.12680e+04    2.54075e+02   -9.29237e+01
   Constr. rmsd
    2.17340e-06

           Step           Time
         885000     1770.00000

Current ref_t for group System:    249.2

   Energies (kJ/mol)
           Bond          Angle    Proper Dih. Per. Imp. Dih.          LJ-14
    5.63614e+02    1.26924e+03    2.08332e+03    4.80678e+01    8.95996e+02
     Coulomb-14        LJ (SR)   Coulomb (SR)   Coul. recip.      Potential
    6.79304e+03    8.95409e+03   -1.29748e+05    2.03949e+02   -1.08937e+05
    Kinetic En.   Total Energy  Conserved En.    Temperature Pressure (bar)
    8.01334e+03   -1.00924e+05   -3.08431e+04    2.52895e+02    8.62755e+02
   Constr. rmsd
    1.59627e-06

           Step           Time
         890000     1780.00000

Current ref_t for group System:    248.8

   Energies (kJ/mol)
           Bond          Angle    Proper Dih. Per. Imp. Dih.          LJ-14
    6.32237e+02    1.35301e+03    2.06972e+03    6.59283e+01    8.93048e+02
     Coulomb-14        LJ (SR)   Coulomb (SR)   Coul. recip.      Potential
    6.77182e+03    8.83491e+03   -1.29431e+05    2.05680e+02   -1.08604e+05
    Kinetic En.   Total Energy  Conserved En.    Temperature Pressure (bar)
    7.98653e+03   -1.00618e+05   -3.06831e+04    2.52049e+02    3.59771e+02
   Constr. rmsd
    1.67573e-06

           Step           Time
         895000     1790.00000

Current ref_t for group System:    248.4

   Energies (kJ/mol)
           Bond          Angle    Proper Dih. Per. Imp. Dih.          LJ-14
    6.11578e+02    1.31352e+03    2.11526e+03    6.79506e+01    8.70622e+02
     Coulomb-14        LJ (SR)   Coulomb (SR)   Coul. recip.      Potential
    6.73615e+03    8.66367e+03   -1.29522e+05    2.05496e+02   -1.08938e+05
    Kinetic En.   Total Energy  Conserved En.    Temperature Pressure (bar)
    7.91271e+03   -1.01025e+05   -3.04914e+04    2.49719e+02   -5.82169e+02
   Constr. rmsd
    2.01240e-06

           Step           Time
         900000     1800.00000

Current ref_t for group System:    248.0

   Energies (kJ/mol)
           Bond          Angle    Proper Dih. Per. Imp. Dih.          LJ-14
    5.12681e+02    1.24056e+03    2.05988e+03    4.69621e+01    8.92376e+02
     Coulomb-14        LJ (SR)   Coulomb (SR)   Coul. recip.      Potential
    6.77333e+03    8.99184e+03   -1.29995e+05    1.92470e+02   -1.09285e+05
    Kinetic En.   Total Energy  Conserved En.    Temperature Pressure (bar)
    7.73652e+03   -1.01548e+05   -3.00390e+04    2.44159e+02    5.52525e+02
   Constr. rmsd
    1.88816e-06

           Step           Time
         905000     1810.00000

Current ref_t for group System:    247.6

   Energies (kJ/mol)
           Bond          Angle    Proper Dih. Per. Imp. Dih.          LJ-14
    6.46458e+02    1.25937e+03    2.10921e+03    5.13098e+01    8.75048e+02
     Coulomb-14        LJ (SR)   Coulomb (SR)   Coul. recip.      Potential
    6.76240e+03    8.62361e+03   -1.29545e+05    2.00458e+02   -1.09017e+05
    Kinetic En.   Total Energy  Conserved En.    Temperature Pressure (bar)
    7.91754e+03   -1.01100e+05   -2.97799e+04    2.49872e+02   -3.09256e+02
   Constr. rmsd
    1.79469e-06

           Step           Time
         910000     1820.00000

Current ref_t for group System:    247.2

   Energies (kJ/mol)
           Bond          Angle    Proper Dih. Per. Imp. Dih.          LJ-14
    5.90832e+02    1.26956e+03    2.07211e+03    4.16027e+01    9.09202e+02
     Coulomb-14        LJ (SR)   Coulomb (SR)   Coul. recip.      Potential
    6.77646e+03    9.17822e+03   -1.29868e+05    1.91916e+02   -1.08838e+05
    Kinetic En.   Total Energy  Conserved En.    Temperature Pressure (bar)
    7.83176e+03   -1.01007e+05   -2.96162e+04    2.47165e+02    9.60733e+02
   Constr. rmsd
    2.44665e-06

           Step           Time
         915000     1830.00000

Current ref_t for group System:    246.8

   Energies (kJ/mol)
           Bond          Angle    Proper Dih. Per. Imp. Dih.          LJ-14
    5.99108e+02    1.28995e+03    2.06829e+03    7.51737e+01    8.98239e+02
     Coulomb-14        LJ (SR)   Coulomb (SR)   Coul. recip.      Potential
    6.76561e+03    8.55121e+03   -1.29604e+05    1.86054e+02   -1.09171e+05
    Kinetic En.   Total Energy  Conserved En.    Temperature Pressure (bar)
    7.75382e+03   -1.01417e+05   -2.92508e+04    2.44705e+02    3.17865e+01
   Constr. rmsd
    2.07970e-06

           Step           Time
         920000     1840.00000

Current ref_t for group System:    246.4

   Energies (kJ/mol)
           Bond          Angle    Proper Dih. Per. Imp. Dih.          LJ-14
    5.80391e+02    1.27842e+03    2.08538e+03    5.73405e+01    9.13027e+02
     Coulomb-14        LJ (SR)   Coulomb (SR)   Coul. recip.      Potential
    6.80352e+03    9.06023e+03   -1.30073e+05    1.91151e+02   -1.09104e+05
    Kinetic En.   Total Energy  Conserved En.    Temperature Pressure (bar)
    7.78508e+03   -1.01318e+05   -2.90067e+04    2.45691e+02    8.86958e+02
   Constr. rmsd
    2.03583e-06

           Step           Time
         925000     1850.00000

Current ref_t for group System:    246.0

   Energies (kJ/mol)
           Bond          Angle    Proper Dih. Per. Imp. Dih.          LJ-14
    5.45322e+02    1.25630e+03    2.05666e+03    5.25076e+01    9.17036e+02
     Coulomb-14        LJ (SR)   Coulomb (SR)   Coul. recip.      Potential
    6.81282e+03    8.92435e+03   -1.29700e+05    1.97158e+02   -1.08938e+05
    Kinetic En.   Total Energy  Conserved En.    Temperature Pressure (bar)
    7.67541e+03   -1.01262e+05   -2.86106e+04    2.42230e+02    3.89967e+02
   Constr. rmsd
    1.97081e-06

           Step           Time
         930000     1860.00000

Current ref_t for group System:    245.6

   Energies (kJ/mol)
           Bond          Angle    Proper Dih. Per. Imp. Dih.          LJ-14
    5.83932e+02    1.26653e+03    2.08023e+03    5.12470e+01    9.04922e+02
     Coulomb-14        LJ (SR)   Coulomb (SR)   Coul. recip.      Potential
    6.78063e+03    8.09486e+03   -1.28986e+05    1.90579e+02   -1.09033e+05
    Kinetic En.   Total Energy  Conserved En.    Temperature Pressure (bar)
    7.60425e+03   -1.01429e+05   -2.82541e+04    2.39985e+02   -1.27711e+03
   Constr. rmsd
    1.98900e-06

           Step           Time
         935000     1870.00000

Current ref_t for group System:    245.2

   Energies (kJ/mol)
           Bond          Angle    Proper Dih. Per. Imp. Dih.          LJ-14
    6.11637e+02    1.32096e+03    2.05397e+03    5.43563e+01    8.51877e+02
     Coulomb-14        LJ (SR)   Coulomb (SR)   Coul. recip.      Potential
    6.75291e+03    8.75814e+03   -1.29574e+05    1.64289e+02   -1.09006e+05
    Kinetic En.   Total Energy  Conserved En.    Temperature Pressure (bar)
    7.88168e+03   -1.01124e+05   -2.79979e+04    2.48740e+02   -8.69436e+02
   Constr. rmsd
    1.79070e-06

           Step           Time
         940000     1880.00000

Current ref_t for group System:    244.8

   Energies (kJ/mol)
           Bond          Angle    Proper Dih. Per. Imp. Dih.          LJ-14
    6.15465e+02    1.31491e+03    2.06593e+03    5.85301e+01    8.61324e+02
     Coulomb-14        LJ (SR)   Coulomb (SR)   Coul. recip.      Potential
    6.76537e+03    8.71696e+03   -1.29753e+05    1.79121e+02   -1.09175e+05
    Kinetic En.   Total Energy  Conserved En.    Temperature Pressure (bar)
    7.91261e+03   -1.01262e+05   -2.77459e+04    2.49716e+02   -1.46108e+02
   Constr. rmsd
    2.00316e-06

           Step           Time
         945000     1890.00000

Current ref_t for group System:    244.4

   Energies (kJ/mol)
           Bond          Angle    Proper Dih. Per. Imp. Dih.          LJ-14
    5.79148e+02    1.21416e+03    2.00807e+03    6.06359e+01    9.05475e+02
     Coulomb-14        LJ (SR)   Coulomb (SR)   Coul. recip.      Potential
    6.79076e+03    8.92354e+03   -1.30115e+05    1.88956e+02   -1.09444e+05
    Kinetic En.   Total Energy  Conserved En.    Temperature Pressure (bar)
    7.77003e+03   -1.01674e+05   -2.73859e+04    2.45216e+02    3.58418e+02
   Constr. rmsd
    2.05894e-06

           Step           Time
         950000     1900.00000

Current ref_t for group System:    244.0

   Energies (kJ/mol)
           Bond          Angle    Proper Dih. Per. Imp. Dih.          LJ-14
    5.87129e+02    1.25021e+03    2.11968e+03    4.50544e+01    9.10173e+02
     Coulomb-14        LJ (SR)   Coulomb (SR)   Coul. recip.      Potential
    6.76092e+03    9.17706e+03   -1.30120e+05    1.86186e+02   -1.09083e+05
    Kinetic En.   Total Energy  Conserved En.    Temperature Pressure (bar)
    7.54619e+03   -1.01537e+05   -2.71654e+04    2.38152e+02    8.09131e+02
   Constr. rmsd
    1.80398e-06

           Step           Time
         955000     1910.00000

Current ref_t for group System:    243.6

   Energies (kJ/mol)
           Bond          Angle    Proper Dih. Per. Imp. Dih.          LJ-14
    5.74694e+02    1.21028e+03    2.10075e+03    5.14328e+01    9.31357e+02
     Coulomb-14        LJ (SR)   Coulomb (SR)   Coul. recip.      Potential
    6.77758e+03    8.48481e+03   -1.29647e+05    1.91996e+02   -1.09324e+05
    Kinetic En.   Total Energy  Conserved En.    Temperature Pressure (bar)
    7.52801e+03   -1.01796e+05   -2.67782e+04    2.37579e+02   -2.94750e+02
   Constr. rmsd
    1.74417e-06

           Step           Time
         960000     1920.00000

Current ref_t for group System:    243.2

   Energies (kJ/mol)
           Bond          Angle    Proper Dih. Per. Imp. Dih.          LJ-14
    6.59281e+02    1.23621e+03    2.02411e+03    5.58144e+01    8.87076e+02
     Coulomb-14        LJ (SR)   Coulomb (SR)   Coul. recip.      Potential
    6.79537e+03    9.14094e+03   -1.30355e+05    1.99161e+02   -1.09357e+05
    Kinetic En.   Total Energy  Conserved En.    Temperature Pressure (bar)
    7.57729e+03   -1.01779e+05   -2.65133e+04    2.39134e+02    2.18269e+02
   Constr. rmsd
    2.30952e-06

           Step           Time
         965000     1930.00000

Current ref_t for group System:    242.8

   Energies (kJ/mol)
           Bond          Angle    Proper Dih. Per. Imp. Dih.          LJ-14
    5.92869e+02    1.22165e+03    1.98501e+03    3.94831e+01    8.67720e+02
     Coulomb-14        LJ (SR)   Coulomb (SR)   Coul. recip.      Potential
    6.76116e+03    8.72344e+03   -1.29854e+05    1.76260e+02   -1.09486e+05
    Kinetic En.   Total Energy  Conserved En.    Temperature Pressure (bar)
    7.70144e+03   -1.01785e+05   -2.63381e+04    2.43052e+02   -6.28925e+02
   Constr. rmsd
    1.86443e-06

           Step           Time
         970000     1940.00000

Current ref_t for group System:    242.4

   Energies (kJ/mol)
           Bond          Angle    Proper Dih. Per. Imp. Dih.          LJ-14
    6.21928e+02    1.27637e+03    2.01813e+03    4.00023e+01    9.04324e+02
     Coulomb-14        LJ (SR)   Coulomb (SR)   Coul. recip.      Potential
    6.76764e+03    8.64563e+03   -1.29809e+05    1.95896e+02   -1.09339e+05
    Kinetic En.   Total Energy  Conserved En.    Temperature Pressure (bar)
    7.82467e+03   -1.01514e+05   -2.60322e+04    2.46941e+02   -5.32989e+02
   Constr. rmsd
    1.97259e-06

           Step           Time
         975000     1950.00000

Current ref_t for group System:    242.0

   Energies (kJ/mol)
           Bond          Angle    Proper Dih. Per. Imp. Dih.          LJ-14
    5.76186e+02    1.21556e+03    2.05938e+03    4.64665e+01    8.97055e+02
     Coulomb-14        LJ (SR)   Coulomb (SR)   Coul. recip.      Potential
    6.77843e+03    8.83636e+03   -1.29837e+05    1.69145e+02   -1.09258e+05
    Kinetic En.   Total Energy  Conserved En.    Temperature Pressure (bar)
    7.80203e+03   -1.01456e+05   -2.58702e+04    2.46226e+02   -2.40255e+02
   Constr. rmsd
    1.92587e-06

           Step           Time
         980000     1960.00000

Current ref_t for group System:    241.6

   Energies (kJ/mol)
           Bond          Angle    Proper Dih. Per. Imp. Dih.          LJ-14
    6.08141e+02    1.21748e+03    1.99159e+03    4.22469e+01    9.11336e+02
     Coulomb-14        LJ (SR)   Coulomb (SR)   Coul. recip.      Potential
    6.77624e+03    8.60672e+03   -1.29787e+05    1.86778e+02   -1.09447e+05
    Kinetic En.   Total Energy  Conserved En.    Temperature Pressure (bar)
    7.61414e+03   -1.01833e+05   -2.56344e+04    2.40297e+02   -4.40831e+02
   Constr. rmsd
    1.59674e-06

Writing checkpoint, step 983680 at Tue Dec 16 21:29:34 2025


           Step           Time
         985000     1970.00000

Current ref_t for group System:    241.2

   Energies (kJ/mol)
           Bond          Angle    Proper Dih. Per. Imp. Dih.          LJ-14
    6.00669e+02    1.27335e+03    2.12089e+03    6.35702e+01    9.17127e+02
     Coulomb-14        LJ (SR)   Coulomb (SR)   Coul. recip.      Potential
    6.73591e+03    8.44514e+03   -1.29481e+05    1.71939e+02   -1.09153e+05
    Kinetic En.   Total Energy  Conserved En.    Temperature Pressure (bar)
    7.76806e+03   -1.01385e+05   -2.53573e+04    2.45154e+02   -7.06058e+01
   Constr. rmsd
    1.62889e-06

           Step           Time
         990000     1980.00000

Current ref_t for group System:    240.8

   Energies (kJ/mol)
           Bond          Angle    Proper Dih. Per. Imp. Dih.          LJ-14
    5.04120e+02    1.20066e+03    2.08397e+03    4.94023e+01    9.06814e+02
     Coulomb-14        LJ (SR)   Coulomb (SR)   Coul. recip.      Potential
    6.78308e+03    8.70575e+03   -1.29852e+05    1.95176e+02   -1.09423e+05
    Kinetic En.   Total Energy  Conserved En.    Temperature Pressure (bar)
    7.59822e+03   -1.01825e+05   -2.51627e+04    2.39794e+02    2.34722e+02
   Constr. rmsd
    2.04106e-06

           Step           Time
         995000     1990.00000

Current ref_t for group System:    240.4

   Energies (kJ/mol)
           Bond          Angle    Proper Dih. Per. Imp. Dih.          LJ-14
    5.58496e+02    1.25673e+03    1.97653e+03    5.03142e+01    9.09192e+02
     Coulomb-14        LJ (SR)   Coulomb (SR)   Coul. recip.      Potential
    6.76916e+03    8.70813e+03   -1.30157e+05    1.99750e+02   -1.09729e+05
    Kinetic En.   Total Energy  Conserved En.    Temperature Pressure (bar)
    7.50738e+03   -1.02221e+05   -2.48918e+04    2.36927e+02    5.15099e+01
   Constr. rmsd
    1.78090e-06

           Step           Time
        1000000     2000.00000

Writing checkpoint, step 1000000 at Tue Dec 16 21:30:06 2025


Current ref_t for group System:    240.0

   Energies (kJ/mol)
           Bond          Angle    Proper Dih. Per. Imp. Dih.          LJ-14
    6.09512e+02    1.20171e+03    2.11104e+03    5.19138e+01    8.93657e+02
     Coulomb-14        LJ (SR)   Coulomb (SR)   Coul. recip.      Potential
    6.74320e+03    8.80435e+03   -1.30113e+05    1.98902e+02   -1.09499e+05
    Kinetic En.   Total Energy  Conserved En.    Temperature Pressure (bar)
    7.60442e+03   -1.01895e+05   -2.45591e+04    2.39990e+02   -2.73634e+02
   Constr. rmsd
    2.02998e-06


Energy conservation over simulation part #1 of length 2000 ps, time 0 to 2000 ps
  Conserved energy drift: 1.04e-02 kJ/mol/ps per atom

Current ref_t for group System:    240.0

	<======  ###############  ==>
	<====  A V E R A G E S  ====>
	<==  ###############  ======>

	Statistics over 1000001 steps using 10001 frames

   Energies (kJ/mol)
           Bond          Angle    Proper Dih. Per. Imp. Dih.          LJ-14
    7.26115e+02    1.53943e+03    2.21656e+03    6.82019e+01    9.07218e+02
     Coulomb-14        LJ (SR)   Coulomb (SR)   Coul. recip.      Potential
    6.74672e+03    8.06611e+03   -1.25884e+05    2.34664e+02   -1.05379e+05
    Kinetic En.   Total Energy  Conserved En.    Temperature Pressure (bar)
    9.70745e+03   -9.56711e+04   -5.59905e+04    3.06360e+02    9.90952e-01
   Constr. rmsd
    0.00000e+00

          Box-X          Box-Y          Box-Z
    3.38314e+00    3.38314e+00    3.38314e+00

   Total Virial (kJ/mol)
    3.20550e+03    4.64904e+00   -1.42095e+01
    4.64241e+00    3.25244e+03    6.16881e-01
   -1.42095e+01    6.23217e-01    3.26116e+03

   Pressure (bar)
    2.71380e+01   -7.91775e+00    5.64374e+00
   -7.91122e+00   -4.33857e+00    2.14627e+00
    5.64433e+00    2.14089e+00   -1.98266e+01


	M E G A - F L O P S   A C C O U N T I N G

 NB=Group-cutoff nonbonded kernels    NxN=N-by-N cluster Verlet kernels
 RF=Reaction-Field  VdW=Van der Waals  QSTab=quadratic-spline table
 W3=SPC/TIP3p  W4=TIP4p (single or pairs)
 V&F=Potential and force  V=Potential only  F=Force only

 Computing:                               M-Number         M-Flops  % Flops
-----------------------------------------------------------------------------
 Pair Search distance check           18104.769432      162942.925     0.1
 NxN Ewald Elec. + LJ [F]           1712823.258648   113046335.071    62.6
 NxN Ewald Elec. + LJ [V&F]           17302.454744     1851362.658     1.0
 NxN Ewald Elec. [F]                 905362.843224    55227133.437    30.6
 NxN Ewald Elec. [V&F]                 9145.219112      768198.405     0.4
 1,4 nonbonded interactions            2012.002012      181080.181     0.1
 Calc Weights                         10425.010425      375300.375     0.2
 Spread Q Bspline                    222400.222400      444800.445     0.2
 Gather F Bspline                    222400.222400     1334401.334     0.7
 3D-FFT                              633186.633186     5065493.065     2.8
 Solve PME                            11760.011760      752640.753     0.4
 Reset In Box                            43.440975         130.323     0.0
 CG-CoM                                  43.444450         130.333     0.0
 Bonds                                  499.000499       29441.029     0.0
 Angles                                1569.001569      263592.264     0.1
 Propers                               2436.002436      557844.558     0.3
 Impropers                              150.000150       31200.031     0.0
 Virial                                  70.403520        1267.263     0.0
 Stop-CM                                 34.756950         347.569     0.0
 Calc-Ekin                              695.006950       18765.188     0.0
 Lincs                                  400.001200       24000.072     0.0
 Lincs-Mat                             1800.005400        7200.022     0.0
 Constraint-V                          3200.006400       28800.058     0.0
 Constraint-Vir                          56.002800        1344.067     0.0
 Settle                                 800.002400      296000.888     0.2
-----------------------------------------------------------------------------
 Total                                               180469752.314   100.0
-----------------------------------------------------------------------------


    D O M A I N   D E C O M P O S I T I O N   S T A T I S T I C S

 av. #atoms communicated per step for force:  2 x 0.0
 av. #atoms communicated per step for LINCS:  2 x 0.0


      R E A L   C Y C L E   A N D   T I M E   A C C O U N T I N G

On 1 MPI rank, each using 8 OpenMP threads

 Activity:              Num   Num      Call    Wall time         Giga-Cycles
                        Ranks Threads  Count      (s)         total sum    %
--------------------------------------------------------------------------------
 Domain decomp.            1    8      12501      11.176         89.412   0.6
 Neighbor search           1    8      12501      20.393        163.147   1.1
 Force                     1    8    1000001    1073.693       8589.536  58.6
 PME mesh                  1    8    1000001     471.895       3775.154  25.7
 NB X/F buffer ops.        1    8    2000002     101.620        812.959   5.5
 Write traj.               1    8        203       0.129          1.036   0.0
 Update                    1    8    1000001      66.684        533.473   3.6
 Constraints               1    8    1000003      75.819        606.550   4.1
 Kinetic energy            1    8     200001       7.258         58.061   0.4
 Rest                                              4.684         37.473   0.3
--------------------------------------------------------------------------------
 Total                                          1833.351      14666.801 100.0
--------------------------------------------------------------------------------
 Breakdown of PME mesh activities
--------------------------------------------------------------------------------
 PME spread                1    8    1000001     140.262       1122.096   7.7
 PME gather                1    8    1000001     155.046       1240.365   8.5
 PME 3D-FFT                1    8    2000002     153.447       1227.572   8.4
 PME solve Elec            1    8    1000001       4.071         32.568   0.2
--------------------------------------------------------------------------------

               Core t (s)   Wall t (s)        (%)
       Time:    14666.808     1833.351      800.0
                         30:33
                 (ns/day)    (hour/ns)
Performance:       94.254        0.255
Finished mdrun on rank 0 Tue Dec 16 21:30:06 2025

